0.720207253886,0.600896860987,0.627906976744,0.562189054726,0.291390728477,0.389121338912,0.393034825871,0.548523206751,0.569948186528,0.175732217573,0.407960199005,0.410852713178,0.240384615385,0.00961538461538,0.373563218391,0.124031007752,0.15503875969,0.170542635659,0.340101522843,0.0596026490066,0.236286919831,0.267441860465,0.395348837209,0.0862068965517,0.0,0.169811320755,0.182741116751,0.116071428571,0.014598540146,0.0114942528736,0.0168776371308,0.0,0.00995024875622,0.089552238806,0.0,0.00574712643678,0.0493273542601,0.267942583732,0.0077519379845,0.0794701986755,0.548523206751,0.291479820628,0.0862944162437,0.311258278146,0.53488372093,0.714285714286,0.53164556962,0.219730941704,0.0380228136882,0.738396624473,0.192307692308,0.238578680203,0.675126903553,0.20725388601,0.00632911392405,0.293103448276,0.528735632184,0.167883211679,0.010152284264,0.232704402516,0.755274261603,0.160714285714,0.0762331838565,0.298076923077,0.55230125523,0.701492537313,0.0397350993377,0.0794979079498,0.269503546099,0.0839416058394,0.0865384615385,0.0769230769231,0.457711442786,0.0232558139535,0.0564102564103,0.212643678161,0.309644670051,0.251824817518,0.140684410646,0.305439330544,0.270440251572,0.093023255814,0.331838565022,0.410852713178,0.134328358209,0.138461538462,0.648535564854,0.46511627907,0.309623430962,0.383966244726,0.492227979275,0.523206751055,0.186311787072,0.337552742616,0.466367713004,0.578680203046,0.284518828452,0.109452736318,0.480769230769,0.846153846154,0.126436781609,0.383419689119,0.481751824818,0.602870813397,0.696202531646,0.37668161435,0.36820083682,0.663120567376,0.408759124088,0.269961977186,0.171548117155,0.418604651163,0.0192307692308,0.0923076923077,0.139303482587,0.279069767442,0.0132450331126,0.105769230769,0.0673076923077,0.162790697674,0.062015503876,0.163461538462,0.170542635659,0.116279069767,0.0529801324503,0.0696517412935,0.411392405063,0.55230125523,0.0172413793103,0.0,0.100628930818,0.129353233831,0.0621761658031,0.0,0.0,0.0109489051095,0.0,0.043795620438,0.0248756218905,0.0,0.015503875969,0.0,0.103448275862,0.0384615384615,0.518987341772,0.211538461538,0.658914728682,0.736434108527,0.434977578475,0.222627737226,0.151785714286,0.00836820083682,0.5,0.211538461538,0.124378109453,0.451923076923,0.292307692308,0.0,0.223350253807,0.406976744186,0.409282700422,0.0203045685279,0.44769874477,0.763713080169,0.370860927152,0.238341968912,0.230769230769,0.52736318408,0.270072992701,0.0192307692308,0.044776119403,0.235741444867,0.2466367713,0.0673076923077,0.171548117155,0.589743589744,0.0,0.0662251655629,0.155172413793,0.394618834081,0.0961538461538,0.248730964467,0.319796954315,0.299492385787,0.326996197719,0.200729927007,0.201550387597,0.124031007752,0.235741444867,0.326359832636,0.240384615385,0.287356321839,0.266159695817,0.305699481865,0.610465116279,0.193798449612,0.53164556962,0.605769230769,0.733944954128,0.81592039801,0.276729559748,0.621761658031,0.723270440252,0.329113924051,0.733333333333,0.350574712644,0.631578947368,0.756345177665,0.568527918782,0.270114942529,0.350993377483,0.265957446809,0.408256880734,0.238578680203,0.170542635659,0.0896860986547,0.488372093023,0.0114942528736,0.226744186047,0.193798449612,0.310344827586,0.0,0.115384615385,0.323383084577,0.442528735632,0.0927152317881,0.0114068441065,0.119496855346,0.171548117155,0.165803108808,0.0,0.0,0.0802919708029,0.0948905109489,0.0,0.0275229357798,0.0,0.0137614678899,0.0179372197309,0.0,0.346153846154,0.109489051095,0.430379746835,0.567307692308,0.852713178295,0.367875647668,0.370558375635,0.211009174312,0.0228136882129,0.709302325581,0.221153846154,0.21511627907,0.568965517241,0.165803108808,0.0,0.251773049645,0.529197080292,0.320675105485,0.0,0.294573643411,0.654008438819,0.60103626943,0.178571428571,0.201923076923,0.635220125786,0.341772151899,0.031007751938,0.0753138075314,0.393305439331,0.291139240506,0.0961538461538,0.0387596899225,0.570921985816,0.00662251655629,0.117948717949,0.0919540229885,0.308457711443,0.29197080292,0.125,0.366972477064,0.240384615385,0.105769230769,0.15503875969,0.481171548117,0.14367816092,0.313432835821,0.367816091954,0.517412935323,0.32319391635,0.626943005181,0.71875,0.659898477157
-,-,-,V,S,F,L,K,D,F,A,A,G,G,I,S,A,A,V,S,K,T,A,V,A,P,I,E,R,V,K,L,L,L,Q,V,Q,H,V,S,K,Q,I,A,V,E,D,R,Y,K,G,M,I,D,C,F,M,R,I,P,K,E,Q,G,F,M,S,F,W,R,G,N,L,A,N,V,V,R,Y,F,P,T,Q,A,L,N,F,A,F,K,D,K,Y,K,K,L,F,L,D,G,I,D,K,E,K,Q,F,W,R,H,F,A,G,N,L,A,S,G,G,A,A,G,A,T,S,L,C,F,V,Y,P,L,D,F,A,R,T,R,L,A,A,D,V,G,K,A,K,G,T,R,E,F,H,G,L,G,D,C,I,M,K,T,F,K,S,N,G,L,F,G,L,Y,R,G,F,S,V,S,V,Q,G,I,I,I,Y,R,A,A,Y,F,G,L,Y,D,T,A,R,E,Q,L,P,N,P,K,T,T,P,F,F,I,S,W,A,I,A,Q,V,V,T,T,V,S,G,I,A,S,Y,P,F,D,T,V,R,R,R,M,M,M,Q,A,G,R,A,E,K,D,I,I,Y,K,N,T,L,H,C,W,V,T,I,L,K,D,E,G,G,S,A,F,F,K,G,A,F,S,N,I,L,R,G,T,G,G,A,L,V,L,V,L,Y,D,E,V
E,N,K,T,S,F,V,T,D,F,L,M,G,G,V,S,A,A,V,S,K,T,A,V,A,P,I,E,R,V,K,M,L,I,Q,T,Q,D,T,I,P,E,I,K,S,G,K,R,Y,T,G,I,V,N,C,F,G,R,V,C,A,E,Q,G,V,S,S,L,W,R,G,N,M,A,N,V,I,R,Y,F,P,T,Q,A,F,N,F,A,F,K,D,F,F,K,T,L,F,-,P,K,Y,N,Q,K,T,E,F,W,K,F,F,A,A,N,V,A,S,G,G,L,A,G,A,S,S,L,M,I,V,Y,P,L,D,F,A,R,T,R,L,A,S,D,V,R,K,E,-,G,Q,R,E,F,T,G,L,L,D,C,L,M,K,I,K,R,S,T,G,F,M,S,L,Y,K,G,F,S,I,S,V,T,G,I,I,V,Y,R,G,T,Y,F,G,M,Y,D,S,A,K,A,V,L,G,D,D,K,N,V,S,L,F,F,K,W,F,V,A,Q,T,V,T,I,N,A,G,L,A,S,Y,P,F,D,T,V,R,R,R,M,M,M,M,S,G,K,K,T,S,E,I,M,Y,T,S,S,L,D,C,F,R,K,I,L,K,N,E,G,V,N,G,F,F,K,G,A,F,A,N,I,L,R,G,F,G,G,A,L,V,L,V,L,Y,D,E,L
-,-,-,-,-,F,L,T,D,F,I,V,G,G,I,S,A,T,I,S,K,T,A,V,A,P,I,E,R,V,K,L,L,L,Q,T,Q,D,T,N,P,D,I,G,L,I,P,R,Y,A,G,I,F,D,C,L,R,R,V,S,K,E,Q,G,I,L,S,L,W,R,G,N,T,T,N,V,I,R,Y,F,P,T,Q,A,F,G,F,A,F,K,D,M,I,R,D,M,M,-,P,R,Y,N,K,E,S,D,F,W,K,F,F,G,V,N,M,L,S,G,G,L,A,G,A,A,S,S,G,I,V,Y,P,L,D,F,A,R,T,R,L,A,T,D,I,G,K,N,-,G,S,K,E,F,K,G,M,F,D,C,I,M,K,I,S,K,Q,S,G,I,R,S,L,Y,Q,G,F,F,V,S,I,Q,G,I,F,V,Y,R,A,A,Y,F,G,L,Y,D,T,T,K,E,M,F,K,N,Q,K,Q,E,N,M,L,Y,K,W,I,I,A,Q,T,V,T,T,S,A,G,I,I,C,Y,P,F,D,T,I,R,R,R,M,M,M,M,A,G,K,K,G,K,D,V,L,Y,T,G,A,Y,D,C,L,K,K,I,I,R,K,E,G,V,G,A,L,F,K,G,S,L,S,N,V,L,R,G,T,G,G,A,L,V,L,I,L,Y,D,E,I
-,-,-,-,S,F,V,K,D,S,L,I,G,G,T,A,G,G,V,S,K,T,I,V,A,P,I,E,R,V,K,L,L,L,Q,V,Q,S,A,S,T,Q,I,A,A,D,K,Q,Y,K,G,I,V,D,C,F,V,R,V,S,K,E,Q,G,V,I,S,L,W,R,G,N,L,A,N,V,I,R,Y,F,P,T,Q,A,L,N,F,A,F,K,D,K,Y,K,K,F,F,-,-,-,V,R,H,E,-,N,P,T,K,F,F,I,G,N,L,L,S,G,G,A,A,G,A,T,S,L,L,F,V,Y,P,L,D,F,A,R,T,R,L,A,A,D,V,G,T,G,-,S,A,R,Q,F,T,G,L,G,N,C,I,S,S,I,Y,K,R,D,G,L,I,G,L,Y,R,G,F,G,V,S,V,G,G,I,F,V,Y,R,A,A,F,F,G,G,Y,D,T,A,K,G,I,L,E,N,N,K,K,A,S,F,W,A,S,W,G,I,A,Q,V,V,T,T,I,A,G,V,V,S,Y,P,F,D,T,V,R,R,R,M,M,M,Q,A,G,R,A,-,-,D,I,L,Y,S,S,T,W,D,C,W,V,K,I,A,T,R,E,G,P,T,A,F,F,K,G,A,L,S,N,A,I,R,G,S,G,G,A,L,V,L,V,I,Y,D,E,I
-,-,-,-,S,F,L,I,D,F,F,A,G,G,I,S,A,A,V,G,K,T,A,V,A,P,I,E,R,V,K,L,L,L,Q,V,Q,H,T,S,K,Q,I,R,P,D,Q,Q,Y,K,G,I,I,D,V,L,V,R,I,P,R,E,T,G,F,F,S,L,W,R,G,N,L,A,N,V,I,R,Y,F,P,T,Q,A,L,N,F,A,F,K,D,K,F,K,A,I,F,L,D,G,V,P,K,D,-,E,F,W,R,Q,F,A,G,N,L,A,S,G,G,A,A,G,A,T,S,L,L,F,V,Y,P,L,D,F,A,R,T,R,L,G,A,D,V,G,K,G,-,D,K,R,E,F,K,G,T,T,D,C,L,V,K,V,F,K,S,D,G,L,I,G,W,Y,R,G,F,N,V,S,V,Q,G,I,I,I,Y,R,A,S,Y,F,G,L,Y,D,T,V,K,S,Y,I,P,D,P,K,Y,S,P,F,L,I,N,F,M,I,A,Q,A,G,T,T,V,S,G,I,I,S,Y,P,F,D,T,V,R,R,R,M,M,M,Q,S,G,R,P,V,A,E,K,M,Y,K,N,T,L,D,C,W,L,V,I,T,K,T,E,G,P,S,A,F,F,K,G,A,F,S,N,I,L,R,G,T,G,G,A,L,V,L,V,F,Y,D,E,I
-,-,-,-,-,F,V,V,D,F,L,M,G,G,V,S,A,A,V,S,K,T,A,A,A,P,I,E,R,V,K,L,L,I,Q,N,Q,D,E,M,L,R,A,G,L,D,R,K,Y,G,G,I,M,D,C,F,R,R,T,A,A,A,E,G,V,M,S,L,W,R,G,N,T,A,N,V,I,R,Y,F,P,T,Q,A,L,N,F,A,F,R,D,T,Y,K,S,M,F,-,-,A,F,K,K,D,R,D,Y,W,W,W,M,A,G,N,L,A,S,G,G,A,A,G,A,T,S,L,L,F,V,Y,S,L,D,Y,A,R,T,R,L,A,N,D,A,A,K,G,G,G,D,R,Q,F,N,G,L,V,D,V,Y,K,K,T,L,A,A,D,G,I,A,G,L,Y,R,G,F,S,V,S,V,A,G,I,I,V,Y,R,G,L,Y,F,G,M,Y,D,S,L,K,P,I,L,V,G,P,L,E,G,N,F,L,A,S,F,L,L,G,W,S,V,T,T,G,A,G,I,A,S,Y,P,L,D,T,I,R,R,R,M,M,M,T,S,G,E,A,-,-,-,V,K,Y,K,S,S,F,D,A,A,R,Q,I,A,A,K,E,G,V,K,S,F,F,K,G,A,G,A,N,I,L,R,G,V,A,G,A,G,V,L,S,I,Y,D,Q,V
-,-,-,V,A,F,L,K,D,F,A,A,G,G,I,S,A,A,I,S,K,T,A,V,A,P,I,E,R,V,K,L,L,L,Q,V,Q,H,I,S,K,Q,I,A,E,A,D,R,Y,K,G,M,V,D,C,F,I,R,I,P,K,E,Q,G,I,G,A,Y,W,R,G,N,M,A,N,V,I,R,Y,F,P,T,Q,A,L,N,F,A,F,K,D,K,Y,K,Q,V,F,L,G,G,V,D,K,N,T,Q,F,V,R,Y,F,I,G,N,L,A,S,G,G,M,A,G,A,T,S,L,C,F,V,Y,P,L,D,F,A,R,T,R,-,-,-,-,-,-,-,-,-,-,-,-,-,Y,H,H,L,P,C,C,-,-,-,-,-,-,-,-,-,-,-,-,-,-,-,-,-,-,-,-,-,-,-,-,-,-,-,-,-,-,Y,F,G,F,Y,D,T,A,R,G,M,L,P,N,P,K,T,T,P,W,Y,V,S,W,A,I,A,Q,V,V,T,T,V,A,G,I,V,S,Y,P,F,D,T,V,R,R,R,M,M,M,Q,S,G,R,A,K,T,E,I,I,Y,K,S,T,I,H,C,W,A,T,I,A,K,Q,E,G,T,G,A,F,F,K,G,A,F,S,N,V,L,R,G,T,G,G,A,F,V,L,V,L,Y,D,E,I
-,-,-,-,-,-,-,-,-,-,-,-,-,-,-,-,-,-,-,-,-,-,-,-,-,-,-,E,R,V,K,L,L,L,Q,V,Q,H,I,S,K,Q,I,S,P,D,K,Q,Y,K,G,M,V,D,C,F,I,R,I,P,K,E,Q,G,F,S,S,F,W,R,G,N,L,A,N,V,I,R,Y,F,P,T,Q,A,L,N,F,A,F,K,D,K,Y,K,Q,V,F,L,G,G,V,D,K,N,T,Q,F,W,R,Y,F,M,G,N,L,A,S,G,G,A,A,G,A,T,S,L,C,F,V,Y,P,L,D,F,A,R,T,R,L,A,A,D,T,G,K,G,-,G,Q,R,E,F,T,G,L,G,N,C,L,T,K,I,F,K,S,D,G,L,V,G,L,Y,R,G,F,G,V,S,V,Q,G,I,I,I,Y,R,A,A,Y,F,G,F,Y,D,T,A,R,G,M,L,P,D,P,K,N,T,P,I,Y,I,S,W,A,I,A,Q,A,V,T,T,V,A,G,I,V,S,Y,P,F,D,T,V,R,R,R,M,M,M,Q,S,G,R,K,A,T,E,I,I,Y,K,N,T,L,H,C,W,G,T,I,A,K,Q,E,G,-,-,-,-,-,-,-,-,-,-,-,-,-,-,-,-,-,-,-,-,-,-,-,-,-,-,-,-
-,-,A,S,S,F,G,K,D,L,L,A,G,G,V,A,A,A,V,S,K,T,A,V,A,P,I,E,R,V,K,L,L,L,Q,V,Q,A,S,S,K,Q,I,S,P,E,A,R,Y,K,G,M,V,D,C,L,V,R,I,P,R,E,Q,G,F,F,S,F,W,R,G,N,L,A,N,V,I,R,Y,F,P,T,Q,A,L,N,F,A,F,K,D,K,Y,K,Q,L,F,M,S,G,V,N,K,E,K,Q,F,W,R,W,F,L,A,N,L,A,S,G,G,A,A,G,A,T,S,L,C,V,V,Y,P,L,D,F,A,R,T,R,L,G,V,D,I,G,K,G,P,E,E,R,Q,F,K,G,L,G,D,C,I,M,K,I,A,K,S,D,G,I,A,G,L,Y,Q,G,F,G,V,S,V,Q,G,I,I,V,Y,R,A,S,Y,F,G,A,Y,D,T,V,K,G,L,L,P,K,P,K,K,T,P,F,L,V,S,F,F,I,A,Q,V,V,T,T,C,S,G,I,L,S,Y,P,F,D,T,V,R,R,R,M,M,M,Q,-,-,-,-,-,-,-,-,-,-,-,-,-,-,-,-,-,-,-,-,-,-,-,-,-,-,-,-,-,-,-,-,-,-,-,-,-,-,-,-,-,-,-,-,-,-,-,-,-,-,-,-,-
-,-,A,K,K,F,F,I,D,L,A,T,G,G,T,A,A,A,I,S,K,T,A,V,A,P,I,E,S,V,K,I,L,L,Q,V,Q,D,A,Q,K,T,I,A,A,E,K,R,Y,K,G,I,V,D,V,L,V,R,V,P,S,E,Q,G,L,V,A,L,W,S,G,N,L,A,N,V,I,S,Y,F,P,T,Q,A,L,N,F,A,F,K,D,T,F,K,D,M,F,M,K,G,I,D,K,K,T,Q,F,W,K,F,F,A,G,N,L,A,A,G,G,A,A,G,A,A,S,M,C,F,V,Y,P,L,D,F,A,R,T,R,L,A,A,D,I,G,K,G,-,A,S,R,E,F,K,G,L,T,D,C,I,V,K,V,F,K,S,D,G,P,I,G,L,Y,S,G,F,F,V,S,V,Q,G,I,I,I,Y,R,A,A,Y,F,G,M,F,D,T,V,K,I,L,F,A,A,D,K,K,L,N,F,F,I,A,W,A,I,A,Q,V,V,T,V,S,S,G,I,L,S,Y,P,W,D,T,V,S,S,R,M,M,M,Q,S,G,R,K,-,-,D,I,L,Y,K,N,S,A,D,C,A,M,K,I,I,S,K,E,G,F,S,A,L,F,K,G,A,L,S,-,T,F,P,S,A,G,G,A,-,V,L,A,I,Y,D,E,I
-,-,-,-,N,F,L,T,D,F,L,M,G,G,I,S,A,A,I,A,K,T,G,A,A,P,I,E,R,V,K,L,M,M,Q,N,Q,E,M,V,K,Q,G,T,L,D,R,K,Y,E,G,I,I,D,C,F,K,R,T,A,K,T,Q,G,V,L,S,F,W,R,G,N,T,A,N,V,I,R,Y,F,P,T,Q,A,L,N,F,A,F,K,D,H,I,K,G,M,F,-,-,G,Y,T,K,E,V,D,Y,G,K,W,F,A,G,N,L,F,S,G,G,A,A,G,A,L,S,L,S,F,V,Y,S,L,D,Y,A,R,T,R,L,A,A,D,A,R,A,S,G,Q,Q,R,Q,F,N,G,L,L,D,V,Y,K,K,T,M,A,T,D,G,F,V,G,L,Y,R,G,F,V,P,S,V,I,G,I,I,V,Y,R,G,L,Y,F,G,L,Y,D,S,L,K,P,I,L,L,T,G,K,M,A,N,F,I,A,S,F,A,L,G,W,V,I,T,T,V,A,S,T,I,S,Y,P,L,D,T,V,R,R,R,M,M,M,T,S,G,Q,T,-,-,-,I,K,Y,K,G,A,Y,D,C,F,T,Q,I,L,T,T,E,G,P,K,S,L,F,K,G,C,G,A,N,I,F,R,S,V,A,A,A,G,V,I,S,L,Y,D,Q,L
-,-,-,-,N,F,L,Y,D,F,L,A,G,G,V,S,G,A,L,A,K,T,I,A,A,P,I,E,R,V,K,L,L,L,Q,T,Q,H,T,N,P,K,L,L,A,-,R,P,Y,D,G,I,L,D,C,F,K,R,V,F,V,E,E,G,V,L,S,F,W,R,G,N,L,A,N,V,I,R,Y,F,P,T,Q,A,I,N,F,S,V,K,D,A,L,N,R,Q,F,L,A,G,V,D,P,K,K,R,P,A,R,F,F,A,G,S,L,L,S,G,G,I,A,G,S,I,G,L,L,I,V,Y,P,L,D,F,S,R,T,R,L,A,A,D,I,G,K,A,A,N,E,R,Q,F,K,G,L,V,D,C,M,G,Q,I,V,K,T,D,G,I,T,G,I,Y,Q,G,F,G,I,S,V,I,G,I,F,V,Y,R,A,L,Y,F,G,G,Y,D,A,G,K,G,D,D,A,A,Q,R,N,S,S,I,L,A,R,F,F,F,A,Q,F,V,V,S,T,S,E,T,I,S,Y,P,L,D,T,V,R,R,R,L,M,M,Q,A,G,Q,K,-,T,Q,V,Q,Y,S,G,T,I,D,C,F,A,K,I,I,A,K,E,G,P,T,G,F,F,K,G,N,L,S,N,I,W,R,S,V,G,S,S,L,V,L,V,F,Y,D,E,-
-,D,A,K,A,F,L,T,D,F,L,M,G,G,V,S,A,A,V,S,K,T,A,A,A,P,I,E,R,I,K,L,L,V,Q,N,Q,D,E,M,K,Q,G,R,L,A,T,P,Y,K,G,V,T,D,C,F,A,R,T,Y,K,D,E,G,L,A,S,L,W,R,G,N,T,A,N,V,I,R,Y,F,P,T,Q,A,L,N,F,A,F,K,D,Y,F,K,S,M,F,-,-,G,F,K,K,S,E,G,Y,W,K,W,F,A,G,N,I,A,S,G,G,A,A,G,A,S,S,L,L,F,V,Y,S,L,D,Y,A,R,T,R,L,A,N,D,S,A,K,K,G,G,A,R,Q,F,N,G,L,V,D,V,Y,K,K,T,L,A,S,D,G,I,A,G,L,Y,R,G,F,I,P,S,V,V,G,I,I,V,Y,R,G,L,Y,F,G,L,Y,D,S,I,K,P,I,L,V,G,P,L,E,G,N,F,L,A,S,F,L,L,G,W,T,V,T,T,S,A,G,L,A,S,Y,P,L,D,T,I,R,R,R,M,M,M,T,S,G,G,T,-,-,-,V,H,Y,K,S,M,F,D,A,G,S,Q,I,I,A,K,E,G,V,K,S,L,F,K,G,A,G,A,N,I,L,R,G,V,A,G,A,G,V,L,S,L,Y,D,K,-
-,-,-,-,N,F,F,V,D,F,M,M,G,G,V,S,A,A,V,S,K,T,A,A,A,P,I,E,R,V,K,L,L,I,Q,N,Q,D,E,M,K,Q,G,R,L,E,K,R,Y,T,G,I,V,D,C,F,K,R,T,A,A,D,E,G,V,V,S,F,W,R,G,N,T,A,N,V,I,R,Y,F,P,T,Q,A,L,N,F,A,F,K,D,K,F,K,A,M,F,-,-,G,F,K,K,D,E,N,Y,W,K,W,F,A,G,N,L,A,S,G,G,L,A,G,A,T,S,L,A,F,V,Y,S,L,D,Y,A,R,T,R,L,A,N,D,A,S,K,G,D,G,K,R,E,F,N,G,L,V,D,V,Y,K,K,T,L,A,S,D,G,I,A,G,L,Y,R,G,F,G,P,S,V,I,G,I,V,V,Y,R,G,L,Y,F,G,L,Y,D,S,L,K,P,V,L,V,G,P,L,E,G,S,F,L,A,S,F,L,L,G,W,A,V,T,T,G,A,S,T,A,S,Y,P,L,D,T,V,R,R,R,M,M,M,T,S,G,Q,A,-,-,-,V,K,Y,D,G,A,L,D,C,F,R,K,V,V,A,A,E,G,V,G,S,L,F,K,G,C,G,A,N,I,L,R,G,V,A,G,A,G,V,I,S,L,Y,D,Q,L
D,A,T,V,S,F,T,K,D,F,L,A,G,G,V,S,A,A,I,S,K,T,V,V,A,P,I,E,Q,V,K,L,L,L,Q,V,Q,H,A,S,K,Q,I,T,A,D,K,Q,S,K,G,I,I,D,C,V,V,W,I,P,K,E,Q,G,V,L,S,Y,W,R,G,N,L,A,K,V,I,R,H,F,P,T,Q,A,L,N,F,A,F,K,D,K,Y,K,Q,I,F,L,G,G,V,D,K,R,I,Q,F,W,R,Y,F,A,E,N,L,T,S,G,G,T,A,G,A,T,S,L,C,F,M,Y,P,L,D,F,A,R,T,R,L,A,A,D,V,G,K,A,G,A,E,R,E,F,R,G,L,D,E,W,I,K,K,M,-,K,S,D,G,I,K,G,L,Y,Q,G,F,N,V,S,G,Q,G,I,I,I,Y,R,A,A,Y,F,G,I,Y,D,T,A,K,G,M,F,P,D,P,K,N,T,H,I,F,I,S,W,M,I,A,Q,Y,I,T,A,V,A,G,L,T,S,Y,P,F,D,T,V,H,R,R,M,M,M,-,-,-,-,-,-,-,-,-,-,-,-,-,-,-,-,-,-,-,-,-,-,-,-,-,-,-,-,-,-,-,-,-,-,-,-,-,-,-,-,-,-,-,-,-,-,-,-,-,-,-,-,-,-
-,-,A,V,G,F,G,K,D,L,L,A,G,G,V,S,A,A,V,S,K,T,A,V,A,P,I,E,R,V,K,L,L,L,Q,V,Q,A,V,S,K,Q,I,A,A,D,K,Q,Y,K,G,I,V,D,C,F,T,R,V,A,K,E,Q,G,T,L,S,L,W,R,G,N,L,A,N,V,I,R,Y,F,P,T,Q,A,L,N,F,A,F,K,D,K,Y,K,Q,I,F,L,S,G,V,N,K,N,E,N,F,L,R,Y,F,A,G,N,L,A,S,G,G,A,A,G,A,T,S,L,C,F,V,Y,P,L,D,F,A,R,T,R,L,A,A,D,V,G,K,A,G,G,G,R,E,F,N,G,L,G,D,C,L,K,K,I,V,K,A,D,G,F,G,G,L,Y,R,G,F,G,V,S,V,Q,G,I,I,I,Y,R,A,A,Y,F,G,T,Y,D,T,V,K,G,M,I,P,K,E,Y,Q,N,-,F,F,L,S,W,M,I,A,Q,V,V,T,T,M,A,G,V,T,S,Y,P,F,D,T,V,R,R,R,M,M,M,Q,S,G,R,K,-,-,D,V,L,Y,K,N,T,I,D,C,W,K,K,I,A,S,Q,E,G,P,K,A,F,F,K,G,A,F,S,N,V,L,R,G,T,G,G,A,L,V,L,V,L,Y,D,E,I
-,Q,Q,S,H,F,G,M,D,F,L,M,G,G,V,S,A,A,I,A,K,T,G,A,A,P,I,E,R,V,K,L,L,M,Q,N,Q,E,E,M,K,Q,G,S,L,D,T,R,Y,K,G,I,L,D,C,F,K,R,T,A,T,H,E,G,I,V,S,F,W,R,G,N,T,A,N,V,L,R,Y,F,P,T,Q,A,L,N,F,A,F,K,D,K,I,K,S,L,L,-,-,S,Y,D,R,E,R,D,Y,A,K,W,F,A,G,N,L,F,S,G,G,A,A,G,G,L,S,L,L,F,V,Y,S,L,D,Y,A,R,T,R,L,A,A,D,A,S,K,S,T,S,Q,R,Q,F,N,G,L,L,D,V,Y,K,K,T,L,K,T,D,G,L,L,G,L,Y,R,G,F,V,P,S,V,L,G,I,I,V,Y,R,G,L,Y,F,G,L,Y,D,S,F,K,P,L,L,T,G,A,L,E,G,S,F,V,A,S,F,L,L,G,W,V,I,T,M,G,A,S,T,A,S,Y,P,L,D,T,V,R,R,R,M,M,M,T,S,G,Q,T,-,-,-,I,K,Y,D,G,A,L,D,C,L,R,K,I,V,Q,K,E,G,A,Y,S,L,F,K,G,C,G,A,N,I,F,R,G,V,A,A,A,G,V,I,S,L,Y,D,Q,L
-,D,A,F,G,F,I,K,D,F,L,A,G,G,I,S,A,G,V,S,K,T,V,V,A,P,I,E,R,V,K,L,L,L,Q,V,Q,A,V,S,K,D,I,P,K,D,K,Q,Y,K,G,I,V,D,C,F,S,R,V,T,K,E,Q,G,V,A,S,L,W,R,G,N,L,A,N,V,I,R,Y,F,P,T,Q,A,L,N,F,A,F,K,D,T,Y,K,K,V,F,L,G,G,V,D,K,K,T,Q,F,W,R,Y,F,A,G,N,L,A,S,G,G,A,A,G,A,T,S,L,C,F,V,Y,P,L,D,F,A,R,T,R,L,A,A,D,V,G,-,G,G,G,K,R,E,F,N,G,L,A,D,C,L,K,K,I,H,R,A,D,G,M,Q,G,L,Y,R,G,F,G,V,S,V,Q,G,I,I,V,Y,R,A,A,Y,F,G,G,F,D,T,A,K,G,M,V,P,A,G,Y,D,N,-,F,F,L,T,W,A,I,A,Q,G,V,T,T,A,S,G,V,I,S,Y,P,F,D,T,V,R,R,R,M,M,M,Q,S,G,R,K,-,-,E,I,L,Y,K,N,T,L,D,C,W,S,K,I,I,K,T,E,G,S,S,A,L,F,K,G,A,F,S,N,I,L,R,G,M,G,G,A,F,V,L,V,M,Y,D,E,I
E,Q,A,I,S,F,A,K,D,F,L,A,G,G,I,T,A,A,I,S,K,T,A,V,A,S,I,K,R,V,Q,L,L,L,Q,M,Q,H,A,S,M,P,M,A,A,A,K,Q,C,K,G,I,V,D,C,I,V,R,I,P,K,D,Q,G,V,L,S,F,W,R,G,N,L,A,N,V,I,R,Y,S,P,T,Q,A,L,N,F,A,F,K,D,K,Y,K,Q,I,F,L,A,G,V,D,K,H,T,Q,F,C,R,C,F,A,G,N,L,A,S,G,G,T,A,-,-,-,-,-,-,V,V,Y,P,L,D,F,T,R,T,R,L,A,A,D,V,G,K,S,G,T,E,R,E,F,R,G,Q,G,D,C,L,V,K,I,S,K,S,D,G,I,R,G,F,Y,Q,G,F,S,V,S,V,Q,A,I,I,I,Y,Q,A,A,Y,F,R,V,Y,D,T,A,K,G,M,F,P,D,P,K,N,T,H,I,L,V,S,W,M,I,A,Q,T,V,T,A,V,A,G,V,V,S,Y,P,F,D,T,V,R,R,R,T,M,M,Q,S,R,S,K,G,A,D,S,M,Y,T,G,T,V,D,C,W,R,K,I,F,R,D,E,R,G,E,A,F,F,K,G,V,W,S,N,A,L,R,G,M,G,V,G,F,V,L,V,P,Y,D,E,L
-,-,-,-,-,-,-,-,-,-,-,-,-,-,-,-,-,-,-,-,-,-,-,-,-,-,-,-,-,-,-,-,-,-,-,V,Q,H,A,S,K,Q,I,A,A,D,K,Q,Y,K,G,I,I,D,C,V,V,R,I,P,K,E,Q,G,V,L,S,F,W,R,G,N,L,A,N,V,I,R,Y,F,P,T,Q,A,L,N,F,A,F,K,D,K,Y,K,Q,V,F,L,G,G,V,D,K,H,T,Q,F,W,R,Y,F,A,G,N,L,A,S,G,G,A,A,G,A,T,S,L,C,F,V,Y,P,L,D,F,A,R,T,R,L,A,A,D,V,G,K,A,G,A,D,R,E,F,S,G,L,G,D,C,L,V,K,I,T,K,S,D,G,V,R,G,L,Y,Q,G,F,N,V,S,V,Q,G,I,I,I,Y,R,A,A,Y,F,G,I,Y,D,T,A,K,G,M,L,P,D,P,R,N,T,H,I,V,I,S,W,M,I,A,Q,T,V,T,A,V,A,G,V,V,S,Y,P,F,D,T,V,R,R,R,M,M,M,Q,S,G,R,K,G,A,D,I,M,Y,S,G,T,I,D,C,W,R,K,I,A,R,D,E,G,G,K,A,F,F,K,G,A,W,S,N,V,L,R,G,M,G,G,A,F,V,L,V,L,Y,D,E,-
-,-,-,-,S,F,I,M,D,F,M,M,G,G,V,S,A,A,I,A,K,T,A,V,A,P,I,E,R,V,K,L,L,L,Q,V,Q,E,V,S,K,Q,I,S,A,D,Q,R,Y,K,G,I,V,D,C,F,I,R,I,P,K,E,Q,G,F,S,S,F,W,R,G,N,L,A,N,V,I,R,Y,F,P,T,Q,A,L,N,F,A,F,K,D,V,Y,K,S,V,F,L,G,G,V,D,K,H,K,Q,F,W,R,H,F,A,G,N,L,A,S,G,G,A,A,G,A,T,S,L,C,F,V,Y,P,L,D,F,A,R,T,R,L,A,A,D,V,G,Q,G,-,G,N,R,E,F,N,G,L,I,D,C,L,M,K,V,I,K,S,D,G,P,I,G,L,Y,R,G,F,I,V,S,V,Q,G,I,V,I,Y,R,A,A,Y,F,G,F,Y,D,T,C,R,D,Y,L,P,N,P,K,N,T,P,F,Y,V,S,W,A,I,A,Q,V,V,T,T,V,A,G,I,A,S,Y,P,F,D,T,V,R,R,R,M,M,M,Q,S,G,L,K,K,S,E,M,V,Y,K,N,T,A,H,C,W,V,V,I,A,K,Q,E,G,I,G,A,F,F,K,G,A,L,S,N,I,I,R,G,T,G,G,A,L,V,L,A,L,Y,D,E,M
D,I,K,T,N,F,A,A,D,F,L,M,G,G,I,S,A,A,I,S,K,T,V,V,A,P,I,E,R,V,K,M,L,I,Q,T,Q,D,S,I,P,E,I,K,S,V,E,R,Y,S,G,L,I,N,C,F,K,R,V,S,K,E,Q,G,V,L,S,L,W,R,G,N,V,A,N,V,I,R,Y,F,P,T,Q,A,F,N,F,A,F,K,D,Y,F,K,N,I,F,-,P,R,Y,D,Q,N,T,D,F,S,K,F,F,C,V,N,I,L,S,G,A,T,A,G,A,I,S,L,L,I,V,Y,P,L,D,F,A,R,T,R,L,A,S,D,I,G,K,G,-,K,D,R,Q,F,T,G,L,F,D,C,L,A,K,I,Y,K,Q,T,G,L,L,S,L,Y,S,G,F,G,V,S,V,T,G,I,I,V,Y,R,G,S,Y,F,G,L,Y,D,S,A,K,A,L,L,T,N,D,K,N,T,N,I,V,L,K,W,A,V,A,Q,S,V,T,I,L,A,G,L,I,S,Y,P,F,D,T,V,R,R,R,M,M,M,M,S,G,R,K,G,E,E,I,Q,Y,K,N,T,I,D,C,W,I,K,I,L,R,N,E,G,F,K,G,F,F,K,G,A,W,A,N,V,I,R,G,A,G,G,A,L,V,L,V,F,Y,D,E,L
-,-,-,-,-,F,W,I,D,F,L,M,G,G,V,S,A,A,V,S,K,T,A,A,A,P,I,E,R,V,K,L,L,L,Q,N,Q,E,E,M,K,Q,G,R,L,S,R,P,Y,K,G,I,I,D,C,F,R,R,T,W,G,E,E,G,L,A,S,F,W,R,G,N,T,A,N,V,I,R,Y,F,P,T,Q,A,L,N,F,A,F,R,D,K,F,K,A,M,F,-,-,G,Y,N,R,K,K,D,F,W,L,T,L,Y,G,N,I,A,S,G,G,M,A,G,A,T,S,L,F,F,V,Y,S,L,D,F,A,R,T,R,L,A,N,D,V,T,K,G,P,G,Q,R,Q,F,K,G,L,I,D,V,Y,V,Q,T,I,K,S,D,G,V,Q,G,L,Y,R,G,F,V,P,S,V,I,G,I,V,V,Y,R,G,L,Y,F,G,L,Y,D,T,L,K,P,I,L,V,G,P,L,E,G,N,F,L,A,S,F,L,L,G,W,V,V,T,T,G,A,S,T,A,S,Y,P,L,D,T,V,R,R,R,M,M,M,T,S,G,Q,K,-,-,-,V,K,Y,K,S,S,I,D,A,F,S,K,I,V,A,A,E,G,V,G,A,L,F,K,G,C,G,A,N,I,L,R,G,V,A,G,A,G,V,L,S,I,Y,D,Q,L
D,Q,A,L,S,F,L,K,D,F,L,A,G,G,V,A,A,A,I,S,K,T,A,V,A,P,I,E,R,V,K,L,L,L,Q,V,Q,H,A,S,K,Q,I,S,A,E,K,Q,Y,K,G,I,I,D,C,V,V,R,I,P,K,E,Q,G,F,L,S,F,W,R,G,N,L,A,N,V,I,R,Y,F,P,T,Q,A,L,N,F,A,F,K,D,K,Y,K,Q,I,F,L,G,G,V,D,R,H,K,Q,F,W,R,Y,F,A,G,N,L,A,S,G,G,A,A,G,A,T,S,L,C,F,V,Y,P,L,D,F,A,R,T,R,L,A,A,D,V,G,K,G,A,A,Q,R,E,F,T,G,L,G,N,C,I,T,K,I,F,K,S,D,G,L,R,G,L,Y,Q,G,F,N,V,S,V,Q,G,I,I,I,Y,R,A,A,Y,F,G,V,Y,D,T,A,K,G,M,L,P,D,P,K,N,V,H,I,I,V,S,W,M,I,A,Q,T,V,T,A,V,A,G,L,V,S,Y,P,F,D,T,V,R,R,R,M,M,M,Q,S,G,R,K,G,A,D,I,M,Y,T,G,T,V,D,C,W,R,K,I,A,K,D,E,G,P,K,A,F,F,K,G,A,W,S,N,V,L,R,G,M,G,G,A,F,V,L,V,L,Y,D,E,I
-,-,A,I,G,F,A,K,D,F,A,A,G,G,I,S,A,A,V,S,K,T,A,V,A,P,I,E,R,V,K,L,L,L,Q,V,Q,H,I,S,K,Q,I,T,P,D,Q,Q,Y,K,G,M,V,D,C,F,I,R,I,P,K,E,Q,G,F,A,S,Y,W,R,G,N,L,A,N,V,I,R,Y,F,P,T,Q,A,L,N,F,A,F,K,D,K,Y,K,Q,V,F,L,G,G,V,D,K,N,T,Q,F,W,R,Y,F,M,G,N,L,A,S,G,G,A,A,G,A,T,S,L,C,F,V,Y,P,L,D,F,A,R,T,R,L,A,A,D,T,G,K,G,-,G,A,R,E,F,T,G,L,G,N,C,L,T,K,I,F,K,S,D,G,I,G,G,L,Y,R,G,F,G,V,S,V,Q,G,I,I,I,Y,R,A,A,Y,F,G,F,Y,D,T,A,R,G,M,L,P,D,P,K,N,T,P,I,Y,I,S,W,A,I,A,Q,A,V,T,T,V,A,G,I,V,S,Y,P,F,D,T,V,R,R,R,M,M,M,Q,S,G,R,K,S,T,E,I,I,Y,K,N,T,L,H,C,W,A,T,I,A,K,Q,E,G,S,G,A,F,F,K,G,A,F,S,N,I,L,R,G,T,G,G,A,F,V,L,V,L,Y,D,E,I
D,A,Y,K,S,F,L,I,D,F,L,A,G,G,I,S,A,A,V,S,K,T,A,V,A,P,L,E,R,V,K,L,L,L,Q,V,Q,H,T,S,K,Q,I,R,P,E,D,R,Y,K,G,M,M,D,A,F,I,R,I,P,K,E,T,G,F,L,S,F,W,R,G,N,L,A,N,V,I,R,Y,F,P,T,Q,A,L,N,F,A,F,K,D,K,F,K,A,L,F,L,E,G,V,P,K,D,-,A,F,W,R,Q,L,A,G,N,L,A,S,G,G,A,A,G,A,T,S,L,L,F,V,Y,P,L,D,F,A,R,T,R,L,A,A,D,I,G,K,A,-,D,K,R,E,F,K,G,L,G,D,C,I,I,K,I,F,K,S,D,G,V,L,G,L,Y,R,G,F,N,V,S,V,Q,G,I,I,I,Y,R,A,A,Y,F,G,F,Y,D,T,T,K,N,L,L,P,D,P,K,K,T,P,L,H,I,T,F,L,I,A,Q,T,V,T,T,L,A,G,I,I,S,Y,P,F,D,T,V,R,R,R,M,M,M,Q,S,G,L,K,R,A,E,V,M,Y,K,N,T,L,D,C,W,I,K,T,A,K,T,E,G,I,A,A,F,F,K,G,S,L,S,N,I,L,R,G,T,G,G,A,L,V,L,T,L,Y,D,S,I
-,-,-,-,-,-,-,-,-,-,-,-,G,G,V,S,G,S,I,A,K,T,A,T,A,P,I,E,R,V,K,L,L,I,Q,T,Q,D,A,N,P,R,I,M,S,G,E,R,Y,T,G,I,V,N,C,F,T,R,V,S,A,E,Q,G,F,G,S,F,W,R,G,N,T,A,N,I,V,R,Y,F,P,T,Q,A,F,N,F,A,F,K,D,T,I,K,G,L,F,-,P,S,Y,S,P,K,D,A,F,W,P,F,F,A,V,N,M,A,S,G,G,L,A,G,A,G,S,L,L,I,V,Y,P,L,D,F,A,R,T,R,L,A,A,D,V,G,K,A,-,N,D,R,E,F,T,G,L,V,D,C,L,S,K,I,A,R,R,S,G,P,M,A,L,Y,Q,G,F,G,V,S,V,Q,G,I,I,V,Y,R,G,S,Y,F,G,L,Y,D,T,G,K,G,A,L,K,D,-,-,-,S,S,F,I,F,K,F,I,V,A,Q,V,A,T,N,A,A,G,V,L,S,Y,P,F,D,T,V,R,R,R,L,M,M,N,S,G,-,-,A,G,K,K,L,Y,S,G,T,V,D,A,F,V,K,I,Y,A,Q,E,G,M,G,A,F,F,K,G,A,F,S,N,V,L,R,G,V,G,G,A,L,V,L,V,M,Y,D,E,I
-,-,-,-,-,F,V,L,D,L,V,A,G,G,V,S,A,A,I,S,K,T,I,V,A,P,L,E,R,I,K,I,L,L,Q,I,Q,D,A,S,K,Y,I,P,K,D,Q,R,Y,T,G,L,V,D,C,F,R,R,V,N,A,E,Q,G,T,L,S,F,W,R,G,N,V,V,N,V,V,R,Y,F,P,T,Q,A,F,N,F,A,F,K,D,K,Y,Q,K,I,F,L,D,G,V,D,K,K,-,D,F,W,R,F,F,A,G,N,L,A,S,G,G,A,A,G,A,T,S,L,C,I,V,Y,P,L,D,F,A,R,T,R,L,G,A,D,V,G,K,A,A,A,D,R,E,F,K,G,L,F,D,C,I,G,K,C,Y,K,A,D,G,L,R,G,L,Y,P,G,F,L,S,S,V,Q,G,I,I,V,Y,R,A,I,Y,F,G,A,Y,D,T,C,K,Q,M,I,-,-,-,D,K,P,T,F,G,T,K,F,A,I,A,Q,T,V,A,A,C,S,V,S,I,A,Y,P,F,D,T,V,R,R,R,L,M,M,M,S,G,E,G,-,-,E,K,M,Y,S,G,T,V,D,C,W,K,K,I,V,K,E,E,G,S,R,A,L,F,K,G,N,F,T,N,V,L,R,S,V,G,C,A,L,V,L,V,L,Y,D,E,I
-,-,-,-,-,F,V,K,D,F,L,V,G,G,V,S,A,A,V,S,K,T,A,V,A,P,I,E,R,I,K,I,L,L,Q,V,Q,D,I,S,Q,Q,I,A,A,D,K,K,Y,K,G,I,I,D,C,F,V,R,V,C,R,E,Q,G,P,I,T,L,W,R,G,N,L,V,N,V,I,R,Y,F,P,T,Q,A,L,N,F,A,F,K,D,T,F,R,K,-,Y,L,C,P,F,D,P,K,K,E,M,G,K,F,F,L,G,S,L,A,S,G,G,A,A,G,A,T,S,L,L,F,V,Y,P,L,D,F,S,R,T,R,L,A,A,D,V,G,K,A,K,H,E,R,E,F,T,G,L,G,N,C,L,A,T,I,F,K,K,D,G,M,L,G,L,Y,R,G,F,S,V,S,V,V,G,I,I,V,Y,R,A,C,Y,F,G,G,Y,D,W,G,K,Q,Y,L,K,D,F,R,N,A,N,A,L,F,L,F,L,F,A,E,V,N,T,T,L,S,G,L,A,S,Y,P,L,D,T,V,R,R,R,L,M,M,Q,S,G,R,A,-,-,K,R,A,Y,T,G,T,F,D,C,M,R,K,I,Y,A,E,K,G,L,R,A,F,Y,K,G,A,L,S,N,V,F,R,G,T,G,G,A,L,V,L,V,L,Y,E,K,I
-,K,K,L,G,F,M,E,D,F,L,L,G,G,V,A,A,A,I,S,K,T,A,A,A,P,I,E,R,V,K,L,L,V,Q,N,Q,E,M,L,K,S,G,R,L,D,R,P,Y,T,G,V,A,D,C,L,K,R,V,V,A,D,E,G,V,G,S,L,W,R,G,N,L,A,N,V,I,R,Y,F,P,T,Q,A,L,N,F,A,F,K,D,N,I,K,A,L,F,-,-,G,F,K,K,E,R,D,Y,W,V,W,F,A,G,N,M,A,S,G,G,L,A,G,A,A,S,L,C,F,V,Y,S,L,D,Y,A,R,T,R,L,A,N,D,A,A,K,G,G,G,E,R,Q,F,N,G,L,V,D,V,Y,R,K,T,L,A,S,D,G,V,A,G,L,Y,R,G,F,V,I,S,C,V,G,I,I,V,Y,R,G,C,Y,F,G,F,Y,D,S,L,K,P,M,L,G,K,D,L,E,D,N,F,L,A,T,F,A,L,G,W,V,V,T,I,A,A,G,L,A,S,Y,P,L,D,T,I,R,R,R,M,M,M,T,S,G,E,A,-,-,-,V,K,Y,K,S,S,I,D,C,G,A,Q,I,L,K,A,E,G,F,S,A,F,F,K,G,A,G,A,N,I,L,R,G,V,A,G,A,G,V,L,A,G,F,D,K,V
