0.569037656904,0.343023255814,0.0,0.287179487179,0.526785714286,0.848101265823,0.282511210762,0.18407960199,0.226744186047,0.818652849741,0.357512953368,0.0,0.203045685279,0.424870466321,0.0149253731343,0.00836820083682,0.296511627907,0.409282700422,0.00354609929078,0.0543933054393,0.317948717949,0.28125,0.0,0.489451476793,0.678571428571,0.170984455959,0.723270440252,0.419708029197,0.107142857143,0.71511627907,0.432835820896,0.0566037735849,0.236607142857,0.232558139535,0.0152284263959,0.255813953488,0.0,0.218543046358,0.0331125827815,0.193798449612,0.290178571429,0.44776119403,0.698113207547,0.483443708609,0.471153846154,0.565693430657,0.614942528736,0.0860927152318,0.503311258278,0.186131386861,0.56345177665,0.134328358209,0.477611940299,0.0418410041841,0.400843881857,0.272321428571,0.233830845771,0.259067357513,0.760765550239,0.244525547445,0.0288461538462,0.0,0.00581395348837,0.00507614213198,0.136882129278,0.0728476821192,0.0410256410256,0.0602836879433,0.346153846154,0.18023255814,0.0,0.328467153285,0.0295358649789,0.0387596899225,0.516746411483,0.00518134715026,0.0355329949239,0.643410852713,0.313953488372,0.0666666666667,0.446540880503,0.379487179487,0.077519379845,0.170542635659,0.010152284264,0.212643678161,0.0,0.464435146444,0.00709219858156,0.611814345992,0.435233160622,0.0199004975124,0.322869955157,0.036496350365,0.22869955157,0.0,0.302919708029,0.0,0.28125,0.0480769230769,0.238578680203,0.0697674418605,0.25,0.564593301435,0.0574712643678,0.4,0.332116788321,0.459821428571,0.133720930233,0.00662251655629,0.34375,0.467153284672,0.266159695817,0.00418410041841,0.556962025316,0.622093023256,0.35401459854,0.534591194969,0.704379562044,0.605769230769,0.251655629139,0.0928270042194,0.10152284264,0.278846153846,0.093023255814,0.315602836879,0.031007751938,0.384105960265,0.627737226277,0.322869955157,0.529801324503,0.388601036269,0.810344827586,0.375634517766,0.759493670886,0.369230769231,0.569343065693,0.517857142857,0.214285714286,0.194029850746,0.357512953368,0.455357142857,0.213930348259,0.313953488372,0.641255605381,0.46835443038,0.184615384615,0.418604651163,0.3125,0.29197080292,0.117154811715,0.320675105485,0.528497409326,0.418604651163,0.424107142857,0.39896373057,0.0761421319797,0.503144654088,0.126582278481,0.0,0.746113989637,0.212927756654,0.0744680851064,0.0288461538462,0.0192307692308,0.0,0.0583941605839,0.0,0.0,0.0251572327044,0.208955223881,0.254464285714,0.0,0.0223214285714,0.0,0.124113475177,0.00448430493274,0.0480769230769,0.288321167883,0.761006289308,0.430463576159,0.748175182482,0.592039800995,0.200956937799,0.0518134715026,0.178832116788,0.0209205020921,0.0,0.0,0.372262773723,0.142335766423,0.721518987342,0.366279069767,0.290178571429,0.671794871795,0.295336787565,0.610062893082,0.173758865248,0.527426160338,0.367816091954,0.379310344828,0.379562043796,0.199004975124,0.581395348837,0.610062893082
F,T,L,N,E,K,Q,L,T,D,D,P,I,D,L,F,T,K,W,F,N,E,A,K,E,D,P,R,E,T,L,P,E,A,I,T,F,S,S,A,E,L,P,S,G,R,V,S,S,R,I,L,L,F,K,E,L,D,H,R,G,F,T,I,Y,S,N,W,G,T,S,R,K,A,H,D,I,A,T,N,P,N,A,A,I,V,F,F,W,K,D,L,Q,R,Q,V,R,V,E,G,I,T,E,H,V,N,R,E,T,S,E,R,Y,F,K,T,R,P,R,G,S,K,I,G,A,W,A,S,R,Q,S,D,V,I,K,N,R,E,E,L,D,E,L,T,Q,K,N,T,E,R,F,K,D,A,E,D,I,P,C,P,D,Y,W,G,G,L,R,I,V,P,L,E,I,E,F,W,Q,G,R,P,S,R,L,H,D,R,F,V,Y,R,R,K,T,E,N,D,P,W,K,V,V,R,L,A,P
F,T,L,N,E,K,Q,L,T,D,D,P,I,D,L,F,T,K,W,F,N,E,A,K,E,D,P,R,E,T,L,P,E,A,I,T,F,S,S,A,E,L,P,S,G,R,V,S,S,R,I,L,L,F,K,E,L,D,H,R,G,F,T,I,Y,S,N,W,G,T,S,R,K,A,H,D,I,A,T,N,P,N,A,A,I,V,F,F,W,K,D,L,Q,R,Q,V,R,V,E,G,I,T,E,H,V,N,R,E,T,S,E,R,Y,F,K,T,R,P,R,G,S,K,I,G,A,W,A,S,R,Q,S,D,V,I,K,N,R,E,E,L,D,E,L,T,Q,K,N,T,E,R,F,K,D,A,E,D,I,P,C,P,D,Y,W,G,G,L,R,I,V,P,L,E,I,E,F,W,Q,G,R,P,S,R,L,H,D,R,F,V,Y,R,R,K,T,E,N,D,P,W,K,V,V,R,L,A,P
Y,T,L,D,E,S,K,L,S,S,D,P,I,E,Q,F,T,G,W,F,K,E,A,K,E,D,P,S,E,S,I,P,E,S,I,T,F,S,S,A,E,L,P,S,G,R,V,S,S,R,V,L,L,F,K,E,L,D,S,R,G,F,T,I,Y,S,N,W,G,T,S,R,K,A,Q,D,I,K,S,N,P,N,A,A,I,N,F,F,W,K,N,L,Q,R,Q,V,R,V,E,G,F,T,E,Y,V,N,R,E,T,S,E,R,Y,F,K,T,R,P,R,G,S,K,I,G,A,W,S,S,P,Q,S,N,E,L,K,S,R,D,E,L,E,Q,L,I,K,E,N,E,K,R,F,E,N,V,E,D,I,P,C,P,D,Y,W,G,G,L,R,V,V,P,L,E,I,E,F,W,Q,G,R,P,S,R,L,H,D,R,F,L,Y,R,R,K,T,E,N,D,P,W,E,I,I,R,L,A,P
Y,S,L,N,E,G,Q,L,K,D,D,P,I,D,Q,F,V,E,W,F,D,D,A,K,N,D,P,R,E,T,L,P,E,A,I,T,F,S,S,A,E,L,P,S,G,R,V,S,S,R,V,L,L,F,K,E,L,D,H,R,G,F,T,I,Y,S,N,W,K,T,S,G,K,A,H,D,I,A,T,N,P,N,V,A,I,N,F,F,W,R,D,L,Q,R,Q,I,R,I,E,G,F,S,E,H,V,N,R,E,T,S,E,R,Y,F,Q,T,R,P,R,G,S,K,I,G,A,W,S,S,P,Q,S,T,V,L,K,D,R,N,E,L,E,H,I,V,Q,E,N,E,N,R,F,K,G,V,E,D,V,P,C,P,D,Y,W,G,G,L,R,V,V,P,L,R,I,E,F,W,Q,G,R,P,S,R,L,H,D,R,F,V,Y,E,R,K,T,E,H,D,P,W,E,L,H,R,I,A,P
F,S,L,D,E,S,T,I,E,K,D,P,I,G,Q,F,T,K,W,F,N,Q,A,K,E,D,P,T,E,M,I,P,E,S,V,A,F,A,T,A,E,L,P,S,G,K,V,S,C,R,I,L,L,F,K,E,L,D,D,R,G,F,T,I,Y,S,N,W,E,T,S,R,K,A,D,D,I,K,S,N,P,Q,A,A,L,T,F,F,W,K,N,L,Q,R,Q,V,R,V,E,G,F,T,E,H,V,S,R,E,T,S,E,R,Y,F,K,T,R,P,R,N,S,K,I,G,A,W,S,S,P,Q,S,Q,V,I,D,N,R,E,E,L,N,T,L,L,Q,E,N,Q,E,K,F,K,D,A,D,D,V,E,C,P,Q,F,W,G,G,I,R,V,V,P,L,R,I,E,F,W,Q,G,R,A,S,R,L,H,D,R,L,V,F,E,R,K,S,E,N,D,E,W,E,L,V,R,L,A,P
-,S,L,S,V,E,D,V,V,A,D,P,I,D,Q,F,T,M,W,F,E,D,A,R,K,D,P,T,E,D,I,P,E,A,I,T,F,S,T,A,E,L,P,S,G,R,V,S,S,R,V,L,L,F,K,E,L,D,H,R,G,F,T,V,Y,S,N,W,G,T,S,K,K,A,A,D,V,R,S,N,P,Q,A,A,I,V,F,F,W,R,N,L,Q,R,Q,V,R,V,E,G,I,V,E,H,V,S,R,A,T,S,E,R,Y,F,K,T,R,T,R,G,S,K,V,G,A,W,S,S,L,Q,S,Q,T,L,A,D,R,K,E,L,E,D,R,Y,K,A,N,E,A,R,F,A,E,E,E,D,V,P,C,P,E,H,W,G,G,V,R,V,V,P,L,E,I,E,F,W,Q,G,R,P,S,R,L,H,D,R,V,V,Y,R,R,K,T,E,H,D,D,W,E,I,S,R,L,A,P
-,-,L,D,E,S,Q,V,L,N,N,P,L,D,Q,F,H,L,W,F,K,E,A,Q,E,Q,P,K,E,S,I,V,E,A,T,T,F,S,T,A,R,L,P,S,G,R,V,S,S,R,I,V,L,L,K,E,L,D,K,Y,G,F,L,I,Y,S,N,W,G,T,S,K,K,S,Q,D,F,E,T,N,K,Y,A,S,L,T,F,F,W,P,H,I,Q,R,Q,V,R,V,E,G,I,M,E,H,V,T,R,E,T,S,E,R,Y,Y,K,T,R,P,R,G,S,K,I,G,A,W,A,S,P,Q,S,S,K,M,N,S,R,D,D,L,N,V,L,N,K,E,Y,E,D,K,F,K,D,L,K,D,I,P,C,P,E,Y,W,G,G,I,R,I,E,P,L,E,V,E,F,W,Q,G,G,L,S,R,L,H,D,R,I,T,F,R,R,E,V,K,S,D,P,W,E,I,I,R,L,A,P
-,-,L,G,D,T,E,V,D,K,D,P,L,A,Q,F,N,K,W,F,K,E,A,Q,D,N,N,S,D,I,I,V,E,A,T,N,F,S,T,A,R,L,P,S,G,R,V,S,S,R,I,V,L,L,K,E,L,D,K,Y,G,F,L,V,Y,S,N,W,N,T,S,K,K,A,K,D,F,E,S,N,K,Y,A,S,L,T,F,F,W,P,H,V,Q,R,Q,V,R,V,E,G,I,M,E,H,V,T,R,E,T,S,E,R,Y,F,N,T,R,P,R,G,S,K,I,G,A,W,A,S,P,Q,S,S,V,V,Q,S,R,D,D,L,D,Q,I,K,D,K,Y,N,D,K,F,K,D,L,Q,D,I,P,C,P,D,Y,W,G,G,I,R,I,E,P,L,E,V,E,F,W,Q,G,G,L,S,R,L,H,D,R,I,T,Y,R,R,E,K,K,E,D,P,W,E,I,V,R,L,A,P
-,-,L,K,E,N,E,L,Q,S,N,P,I,E,Q,F,H,E,W,F,D,V,A,R,K,S,N,T,D,G,L,P,E,S,V,T,F,S,T,A,R,L,P,S,G,R,V,S,A,R,T,V,L,F,K,E,L,D,T,H,G,F,I,I,Y,S,N,W,D,K,S,K,K,S,Q,D,F,D,T,N,K,H,A,A,L,T,F,F,W,P,S,I,Q,R,Q,V,R,V,E,G,I,M,E,K,V,T,R,E,T,S,V,R,Y,F,N,T,R,P,R,G,S,K,I,G,A,W,A,S,P,Q,S,Q,I,L,K,D,R,A,E,L,D,S,I,D,K,E,F,E,A,K,F,K,D,V,E,D,I,P,C,P,E,Y,W,G,G,V,R,I,V,P,L,E,I,E,F,W,Q,G,G,M,S,R,L,H,D,R,I,C,F,R,R,E,T,I,D,D,T,W,N,M,V,R,L,S,P
-,-,L,E,E,S,D,L,D,A,S,P,I,E,Q,F,H,R,W,F,D,D,V,R,Q,A,S,G,D,A,I,P,E,A,C,T,F,S,T,A,R,L,P,S,G,R,I,S,S,R,V,V,L,F,K,E,L,D,P,H,G,F,I,V,Y,S,N,W,D,G,S,K,K,A,A,D,Y,A,T,N,K,H,A,A,L,T,F,F,W,P,Q,L,E,R,Q,V,R,V,E,G,V,M,E,P,V,S,R,E,T,S,E,R,Y,F,Q,T,R,P,R,G,S,K,I,G,A,W,A,S,P,Q,S,Q,S,L,H,E,R,Q,Q,L,D,D,L,Y,A,T,Q,E,K,R,F,E,G,V,E,N,I,P,C,P,P,K,W,G,G,M,R,V,V,P,L,E,V,E,F,W,Q,G,R,V,S,R,L,H,D,R,I,S,F,R,R,E,T,T,D,A,S,W,N,R,V,R,L,A,P
-,-,L,Q,E,A,E,I,E,K,D,P,L,L,Q,F,N,K,W,F,K,Q,A,Q,E,L,P,K,D,I,I,P,E,S,T,N,F,S,T,A,R,L,P,S,G,R,V,S,S,R,I,V,L,L,K,E,L,D,H,Y,G,F,V,V,Y,S,N,W,G,S,S,K,K,A,A,D,F,N,S,N,K,H,A,S,L,T,F,F,W,P,H,I,Q,R,Q,V,R,I,E,G,L,M,E,P,V,T,R,E,T,T,Q,R,Y,F,D,T,R,P,R,G,S,K,I,G,A,W,A,S,P,Q,S,S,V,I,S,S,R,D,D,L,D,K,I,N,N,K,Y,E,D,K,F,K,A,L,K,D,I,P,A,P,E,H,W,G,G,M,R,I,V,P,L,E,V,E,F,W,Q,G,G,V,S,R,L,H,D,R,I,T,Y,R,R,E,S,D,K,N,E,W,E,V,V,R,L,A,P
-,-,-,-,-,-,-,M,G,K,D,P,L,V,L,F,N,Q,W,F,Q,E,A,T,D,D,E,G,I,K,S,P,E,S,T,T,L,S,T,A,R,L,P,S,G,R,V,S,S,R,L,V,L,L,K,E,L,D,H,R,G,F,I,I,F,T,N,L,G,T,S,K,K,A,K,D,L,K,S,N,P,Y,A,S,L,S,F,W,W,E,P,L,Q,R,Q,V,R,V,E,G,I,I,E,R,L,S,R,E,E,T,E,E,Y,F,K,T,R,P,R,N,S,R,I,G,A,W,A,S,P,Q,S,E,V,I,A,D,R,E,E,L,E,K,R,V,E,E,Y,K,K,K,F,G,E,D,E,S,V,P,V,P,D,F,W,G,G,I,R,I,V,P,L,E,I,E,F,W,Q,G,G,K,Y,R,L,H,D,R,F,S,F,R,R,N,T,L,D,E,D,Y,E,L,V,R,L,A,P
-,T,L,D,V,Q,D,V,S,P,D,P,I,V,Q,F,Q,K,W,F,Q,Q,A,-,K,D,A,G,I,P,I,P,E,A,V,N,F,A,T,A,Q,L,P,S,G,R,V,S,S,R,T,V,L,F,K,E,L,D,P,R,G,L,I,I,Y,S,N,W,G,T,S,K,K,S,R,D,V,K,S,N,P,W,A,A,I,T,F,F,W,K,E,S,E,R,Q,V,R,I,E,G,H,V,E,L,L,S,P,Q,E,S,Q,E,Y,Y,S,S,R,P,R,D,S,Q,I,G,A,W,A,S,P,Q,S,Q,V,I,A,D,R,S,V,L,D,K,K,I,D,E,I,T,N,K,F,K,D,T,D,K,I,P,V,P,D,F,W,G,G,A,R,L,V,P,L,E,W,E,F,W,Q,G,R,E,S,R,V,H,D,R,V,V,Y,V,R,D,S,E,K,D,Q,W,R,I,E,R,I,A,P
-,A,L,D,R,S,D,L,L,P,S,P,T,E,Q,F,H,K,W,F,Q,E,A,-,Q,S,N,G,V,Y,Q,P,E,T,V,T,F,S,T,A,E,L,P,S,G,R,V,S,A,R,V,V,Y,M,K,E,L,D,D,R,G,F,V,I,Y,S,N,W,D,T,S,R,K,A,S,D,V,R,S,N,P,H,A,A,L,T,F,Y,W,R,E,L,E,R,Q,V,R,V,E,G,P,V,E,R,L,T,D,E,E,S,Q,V,Y,Y,D,T,R,I,R,G,S,R,I,G,A,W,A,S,Q,Q,S,S,V,I,E,G,R,E,E,L,E,K,R,V,E,D,V,E,K,R,F,E,G,K,D,K,I,P,V,P,E,F,W,G,G,L,R,V,V,P,E,M,V,E,F,W,Q,G,R,P,S,R,L,H,D,R,F,V,Y,R,K,G,I,K,D,S,E,W,K,I,E,R,L,S,P
-,T,L,V,R,S,Q,L,S,E,S,P,I,P,Q,F,H,S,W,F,S,R,A,Q,E,D,S,G,V,E,H,P,E,T,C,T,L,S,T,A,S,L,P,S,G,R,I,S,S,R,T,V,Y,L,K,E,L,D,N,R,G,F,V,I,Y,T,N,L,G,T,S,R,K,S,A,D,I,A,S,N,P,R,V,A,M,L,F,F,W,E,A,L,Q,R,Q,V,H,V,E,G,R,V,E,R,I,S,K,E,E,S,Q,K,Y,Y,D,T,R,A,R,G,S,R,I,G,A,W,A,S,K,Q,S,Q,V,L,E,G,R,K,Q,L,E,G,W,V,K,D,V,E,Q,R,F,E,G,Q,E,K,I,P,V,P,D,F,W,G,G,L,R,V,I,P,D,R,I,E,F,W,Q,G,R,E,S,R,L,H,D,R,F,V,Y,E,E,G,A,E,S,E,E,W,K,L,K,R,L,S,P
-,A,L,D,R,K,D,L,D,S,N,P,L,T,Q,F,H,S,W,F,S,H,A,-,Q,T,N,G,V,Y,H,P,E,T,V,C,L,S,T,A,S,L,P,S,G,R,V,S,A,R,M,V,Y,L,K,E,L,D,A,K,G,F,V,I,Y,S,N,W,G,T,S,K,K,A,K,D,I,A,E,N,K,W,A,S,L,T,F,W,W,Q,E,L,E,R,Q,V,R,V,E,G,K,V,E,R,L,P,D,E,E,S,Q,V,Y,Y,N,L,R,A,R,G,S,R,I,G,A,W,A,S,P,Q,S,Q,V,L,K,G,R,E,E,L,E,E,R,V,K,E,V,E,K,R,F,E,G,Q,E,K,I,P,V,P,E,F,W,G,G,L,R,I,I,P,E,M,V,E,F,W,Q,G,R,D,S,R,L,H,D,R,F,Q,Y,E,K,K,-,E,D,G,E,W,D,I,Q,R,L,S,P
-,-,-,-,-,-,-,-,-,-,-,P,I,R,Q,F,H,A,W,F,K,S,A,Q,Q,P,P,R,V,S,H,P,E,T,C,T,L,S,T,A,S,L,P,S,G,R,V,S,A,R,V,V,Y,M,K,E,L,D,D,K,G,F,V,I,Y,S,N,F,G,T,S,R,K,A,F,D,L,V,G,N,P,W,A,S,L,T,F,W,W,E,P,L,E,R,Q,V,R,V,E,G,R,A,E,R,L,T,R,E,E,S,Q,R,Y,Y,E,T,R,V,R,G,S,R,I,G,A,W,A,S,R,Q,S,A,V,L,K,G,R,A,Q,L,D,G,W,V,R,E,T,E,G,K,F,A,G,V,D,D,I,P,V,P,D,F,W,G,G,L,R,I,V,P,L,R,V,E,F,W,Q,G,R,A,N,R,L,H,D,R,F,V,Y,E,R,A,D,E,K,D,A,W,T,L,E,R,L,S,P
-,-,-,-,-,-,-,-,-,D,S,P,I,T,Q,F,H,K,W,F,T,D,A,C,Q,E,T,G,I,S,H,P,E,T,C,T,L,S,T,A,Q,L,P,S,G,R,V,S,S,R,M,V,Y,M,K,E,L,D,P,K,G,F,V,I,Y,S,N,F,G,T,S,G,K,A,R,D,L,T,G,N,P,W,A,S,L,V,F,W,W,E,P,L,E,R,Q,V,R,V,E,G,R,A,E,R,L,T,R,E,E,S,Q,A,Y,F,D,T,R,V,R,G,S,R,L,G,A,W,S,S,K,Q,S,A,V,L,H,G,R,R,Q,L,D,K,W,V,K,E,S,E,Q,R,F,E,G,E,E,K,I,P,V,P,D,F,W,G,G,L,R,I,V,P,E,R,V,E,F,W,Q,G,R,Q,N,R,L,H,D,R,F,V,Y,D,R,V,H,Q,D,D,K,W,T,L,E,R,L,S,P
-,S,L,D,E,A,D,A,A,P,D,P,F,A,Q,F,D,R,W,F,K,E,A,L,A,A,K,L,-,P,E,P,N,T,M,T,L,A,T,V,G,-,-,A,G,R,P,S,A,R,I,V,L,I,K,G,V,D,E,R,G,F,V,F,F,T,N,Y,-,E,S,R,K,G,H,D,L,A,V,H,P,Q,A,A,L,L,F,Y,W,I,E,L,E,R,Q,V,R,I,E,G,R,I,E,K,T,S,A,E,E,S,D,R,Y,F,A,S,R,P,L,G,S,R,I,G,A,W,A,S,E,Q,S,A,V,I,D,S,R,A,T,L,E,A,R,E,K,A,V,S,E,R,Y,-,G,D,N,P,-,P,R,P,P,H,W,G,G,Y,R,L,V,P,D,S,I,E,F,W,Q,G,R,P,S,R,L,H,D,R,L,L,Y,T,R,D,A,A,A,S,P,W,T,I,S,R,L,S,P
-,-,L,L,E,N,Q,V,M,P,D,P,F,D,Q,F,V,R,W,F,D,E,A,-,T,A,G,L,-,R,E,P,N,A,M,A,L,T,T,A,D,-,K,E,G,K,P,S,S,R,M,V,L,L,K,G,V,D,K,Q,G,F,V,W,Y,T,N,Y,-,G,S,Q,K,A,H,D,L,S,E,N,P,N,A,A,L,L,F,Y,W,N,E,M,N,R,Q,V,R,V,E,G,S,V,Q,K,V,P,E,E,E,S,E,K,Y,F,H,S,R,P,R,G,S,Q,L,G,A,I,V,S,K,Q,S,T,I,I,P,G,R,E,V,L,Q,Q,A,Y,K,E,L,E,Q,K,Y,S,D,G,S,V,I,P,K,P,D,Y,W,G,G,Y,R,L,T,P,K,L,F,E,F,W,Q,G,Q,Q,S,R,L,H,D,R,L,Q,Y,-,-,R,E,V,D,R,S,W,H,I,E,R,L,S,P
-,-,-,-,-,-,-,-,T,N,D,P,I,L,F,F,N,N,W,L,K,K,A,Q,D,T,G,I,I,L,-,P,E,S,M,S,I,S,T,C,T,-,P,E,G,R,P,S,S,R,M,V,L,L,K,E,V,D,S,K,G,F,V,F,F,T,N,Y,-,D,S,R,K,A,H,D,L,E,A,N,P,F,A,A,L,L,F,H,W,N,I,L,Q,R,Q,V,R,I,E,G,R,V,E,R,I,S,T,A,Q,S,N,A,Y,F,Q,S,R,G,R,G,S,R,I,G,A,W,A,S,H,Q,S,Q,E,L,N,D,R,Q,T,L,V,E,R,V,K,Y,F,E,E,K,F,-,A,G,K,E,I,P,L,P,E,F,W,G,G,Y,R,V,I,P,E,S,I,E,F,W,Q,G,K,A,D,R,L,H,D,R,F,V,Y,Q,P,T,E,K,N,-,-,W,T,V,K,R,L,N,P
-,-,L,S,R,D,H,V,T,D,D,P,I,E,Q,F,R,A,W,F,D,E,A,E,D,A,E,L,-,E,E,P,N,A,M,T,L,A,T,A,A,-,T,D,G,T,P,S,A,R,I,V,L,L,K,G,L,D,D,R,G,F,H,F,Y,T,N,Y,-,E,S,R,K,G,T,D,L,S,Q,N,P,H,A,A,L,V,F,L,W,K,P,L,E,R,Q,V,R,I,E,G,T,V,E,R,L,P,A,E,E,S,T,E,Y,F,H,R,R,P,R,G,A,Q,M,G,A,W,A,S,P,Q,S,R,V,V,D,S,R,A,D,L,E,E,N,L,D,T,V,K,A,E,Y,G,D,E,D,E,I,P,R,P,S,H,W,G,G,Y,V,V,R,P,T,E,V,E,F,W,Q,G,R,P,N,R,L,H,D,R,L,R,Y,R,R,S,D,P,A,G,D,W,T,L,E,R,L,A,P
-,-,L,S,E,A,N,A,P,S,D,P,F,S,L,F,R,Q,W,F,D,D,A,V,K,T,E,R,-,L,-,P,N,A,M,T,L,A,T,V,D,-,A,D,G,Y,P,H,C,R,I,L,L,L,K,G,L,D,E,R,G,F,T,F,F,T,N,Y,-,E,S,A,K,G,R,Q,L,A,A,N,P,R,A,A,M,T,F,F,W,P,A,L,E,R,Q,V,R,I,E,G,S,V,E,K,V,T,P,E,E,S,D,A,Y,Y,Q,V,R,P,L,G,S,R,L,G,A,W,A,S,P,Q,S,R,V,I,A,D,R,A,E,L,E,R,L,L,A,D,T,E,R,R,F,-,A,D,Q,P,P,S,C,P,E,H,W,G,G,Y,R,L,L,P,Q,R,I,E,F,W,Q,G,R,P,S,R,L,H,D,R,L,D,Y,-,-,R,R,Q,D,G,G,W,R,R,E,R,L,A,P
-,-,L,S,E,T,E,I,N,P,N,P,F,I,Q,F,K,K,W,F,E,Q,A,L,A,A,Q,L,-,-,-,P,E,A,M,T,L,A,T,A,T,-,P,D,G,Q,P,S,A,R,M,V,L,L,K,D,F,D,E,R,G,F,V,L,F,T,N,Y,-,N,S,H,K,G,Q,E,L,A,A,N,P,Q,A,A,L,V,F,W,W,A,E,L,E,R,Q,V,R,I,V,G,T,V,E,K,I,S,P,E,Q,S,D,S,Y,F,E,M,R,P,P,N,S,R,L,G,A,W,A,S,N,Q,S,E,V,I,V,G,R,E,V,L,E,Q,Q,L,Q,E,F,Q,D,K,Y,-,K,N,Q,E,V,P,R,P,P,H,W,G,G,Y,R,V,I,P,R,E,I,E,F,W,Q,G,R,S,S,R,L,H,D,R,L,L,Y,-,T,R,G,N,N,H,N,W,K,I,E,R,L,S,P
-,A,L,S,E,S,D,V,A,P,D,P,M,S,Q,F,K,R,W,F,D,E,A,V,T,A,K,L,-,P,E,P,N,A,M,S,L,A,T,V,D,-,A,-,G,Q,P,S,A,R,I,V,L,L,K,G,I,D,D,R,G,F,T,F,F,T,N,Y,-,E,S,R,K,G,L,D,L,A,A,N,P,R,A,A,L,L,F,H,W,V,Q,L,E,R,Q,V,R,V,E,G,R,V,E,K,V,S,D,D,E,S,D,A,Y,F,A,T,R,P,L,G,S,R,V,G,A,W,A,S,A,Q,S,R,E,V,P,G,R,D,V,L,E,Q,R,E,Q,E,Y,R,S,K,F,-,G,E,N,P,-,P,R,P,P,Y,W,G,G,Y,R,L,V,P,T,A,L,E,F,W,Q,G,R,P,S,R,L,H,D,R,I,A,Y,-,R,L,Q,P,G,T,G,W,Q,I,V,R,L,S,P
-,-,L,S,E,A,N,A,P,D,D,P,F,G,L,F,R,Q,W,F,T,E,A,T,Q,T,E,Q,-,A,-,P,N,A,M,S,L,A,T,V,D,-,A,D,G,R,P,H,C,R,I,L,L,L,K,A,L,D,D,R,G,F,T,F,F,T,N,Y,-,D,S,A,K,G,Q,Q,L,D,A,S,P,Y,A,A,M,T,F,F,W,P,T,L,E,R,Q,V,R,I,E,G,R,V,E,K,V,T,A,E,E,S,D,A,Y,F,Q,V,R,P,L,G,S,R,L,G,A,W,A,S,P,Q,S,Q,V,I,R,D,R,A,E,L,E,R,L,L,A,E,T,E,Q,R,F,-,L,D,K,A,P,H,C,P,P,H,W,G,G,Y,R,L,L,P,E,R,I,E,F,W,Q,G,R,P,S,R,L,H,D,R,L,D,Y,-,-,R,L,V,A,N,G,W,Q,R,E,R,L,A,P
-,-,L,T,P,E,N,A,P,A,S,P,L,D,Q,F,K,T,W,F,K,E,A,V,E,G,G,V,V,A,E,P,E,A,M,S,L,S,T,A,T,-,P,N,G,I,P,S,A,R,I,V,L,F,K,Q,L,D,S,H,G,F,V,F,Y,T,N,Y,-,T,S,R,K,S,R,E,L,L,S,N,P,N,A,A,L,V,F,Y,W,R,E,V,H,R,S,V,R,I,L,G,R,V,E,K,L,T,P,E,E,N,D,Q,Y,F,Q,S,R,P,L,G,S,Q,V,G,A,W,A,S,K,Q,S,K,V,I,G,E,G,D,I,A,A,R,F,K,K,-,V,E,E,R,H,E,-,-,-,E,I,P,T,P,D,F,W,G,G,W,R,V,V,P,N,E,V,E,F,W,C,G,K,P,S,R,L,H,D,R,I,R,Y,L,R,A,S,E,D,T,P,W,K,I,E,R,L,S,P
F,T,L,G,Q,G,V,L,I,D,D,P,F,D,Q,F,Q,N,W,F,K,A,A,Q,D,C,G,I,V,L,-,P,E,S,M,T,V,S,T,V,D,-,A,N,G,Y,P,S,C,R,V,V,L,L,K,E,L,S,K,E,G,F,V,F,F,T,N,Y,-,D,S,R,K,G,Q,E,L,A,Q,N,P,H,I,A,L,T,F,H,W,N,I,L,Q,R,Q,V,R,I,Q,G,V,V,E,K,L,S,A,E,D,S,N,T,Y,F,Q,S,R,G,R,G,S,R,I,G,A,W,A,S,E,Q,S,S,V,I,T,S,R,K,I,L,E,Q,Q,V,K,Q,F,T,E,K,F,-,A,N,K,E,V,P,L,P,E,F,W,G,G,Y,V,V,K,P,T,S,I,E,F,W,Q,G,K,A,D,R,L,H,D,R,F,S,Y,V,K,D,G,N,D,-,-,W,R,V,D,R,L,A,P
-,-,L,S,E,S,D,L,D,P,D,P,L,R,Q,F,Q,H,W,F,D,Q,A,L,N,A,G,L,-,I,E,P,N,A,M,T,L,A,T,A,T,-,P,D,G,K,P,S,A,R,M,V,L,L,K,G,V,N,A,G,G,F,V,F,F,T,N,Y,-,E,S,R,K,G,L,E,L,T,A,N,P,W,A,A,L,V,F,Y,W,P,E,L,E,R,Q,V,R,V,E,G,R,V,E,R,V,S,P,E,E,S,D,A,Y,F,V,S,R,P,N,G,N,R,I,G,A,W,A,S,R,Q,S,A,V,I,S,S,R,A,E,L,E,Q,R,V,A,E,L,E,A,L,Y,-,A,D,R,D,I,P,R,P,P,Y,W,G,G,F,R,V,I,P,D,M,I,E,F,W,Q,G,R,P,N,R,M,H,D,R,L,R,Y,-,R,R,T,N,D,G,-,W,I,I,E,R,L,S,P
-,S,L,D,I,G,D,V,D,R,D,P,F,R,Q,F,D,V,W,F,Q,Q,A,V,E,A,K,L,-,P,E,P,N,T,M,T,L,A,T,V,D,-,S,-,G,R,P,S,A,R,I,V,L,I,K,G,V,D,E,R,G,F,V,F,F,T,N,Y,-,E,S,R,K,G,R,E,L,A,A,N,P,Y,A,S,L,L,F,Y,W,I,E,L,E,R,Q,V,R,I,E,G,R,V,V,K,T,S,A,A,E,S,D,A,Y,F,A,S,R,P,P,G,S,R,I,G,A,W,A,S,N,Q,S,Q,V,I,E,S,R,S,Q,L,E,T,R,E,R,E,M,R,L,Q,Y,-,G,D,E,P,-,P,R,P,P,H,W,G,G,Y,R,L,V,P,E,A,I,E,F,W,Q,G,R,P,S,R,L,H,D,R,L,L,Y,T,R,S,S,E,N,S,D,W,Q,I,C,R,L,S,P
-,-,L,E,R,N,A,L,D,D,N,P,V,R,Q,F,Q,A,W,F,E,D,A,R,E,A,G,I,-,L,E,P,N,A,M,S,L,A,T,S,G,-,G,D,G,M,P,D,I,R,T,V,L,L,K,Y,F,D,D,A,G,F,V,F,Y,T,N,Y,-,G,S,R,K,A,H,E,M,A,E,N,P,K,A,A,L,L,F,P,W,I,G,L,N,R,Q,V,R,I,Q,G,H,V,E,K,V,S,K,S,E,S,L,R,Y,F,T,S,R,P,R,G,S,Q,I,G,A,W,V,S,E,Q,S,R,A,I,N,S,R,G,L,L,E,Q,K,V,A,E,M,K,R,R,F,-,K,D,G,A,I,P,L,P,D,F,W,G,G,Y,R,V,V,P,E,R,I,E,F,W,Q,G,R,P,S,R,L,H,D,R,F,E,Y,V,R,-,-,Q,G,D,G,W,H,I,D,R,L,Q,P
F,E,L,L,E,E,S,A,K,K,D,P,F,E,Q,F,K,T,W,F,D,E,A,V,S,R,K,V,-,S,E,P,N,A,M,T,L,A,T,A,S,-,E,N,G,Q,P,S,A,R,L,V,L,L,K,A,L,D,E,R,G,F,V,W,Y,T,N,Y,-,D,S,R,K,A,A,E,L,K,A,N,P,K,A,C,L,V,F,F,W,E,P,L,H,R,S,V,R,I,E,G,S,V,E,M,V,S,S,E,E,S,D,S,Y,F,H,S,R,P,R,G,S,Q,I,G,A,L,V,S,A,Q,S,S,V,I,P,G,R,H,V,L,D,K,A,N,E,E,L,N,A,E,Y,A,D,G,K,F,I,P,R,P,A,H,W,G,G,F,R,L,I,P,E,M,I,E,F,W,Q,G,R,E,S,R,L,H,D,R,L,R,Y,T,R,E,G,D,S,N,T,W,K,I,D,R,L,S,P
-,-,L,S,E,L,E,V,D,L,N,P,F,I,Q,F,K,K,W,F,D,Q,A,L,A,G,Q,L,-,-,-,P,E,A,M,T,L,A,T,V,T,-,P,D,G,K,P,S,A,R,M,V,L,L,K,D,F,D,E,R,G,F,A,F,F,T,N,Y,-,N,S,R,K,G,Q,E,L,A,E,N,P,L,A,A,L,V,F,W,W,A,E,L,E,R,Q,V,R,I,C,G,Y,V,E,K,V,S,E,T,E,S,D,Q,Y,F,D,T,R,P,P,N,S,R,L,G,A,W,V,S,N,Q,S,E,V,I,E,S,R,E,V,L,E,R,R,M,Q,E,F,Y,S,K,Y,-,E,N,Q,E,I,P,R,P,P,H,W,G,G,L,R,V,I,P,T,E,I,E,F,W,Q,G,R,S,S,R,L,H,D,R,L,L,Y,-,S,R,L,D,N,G,T,W,K,I,D,R,L,S,P
-,-,L,N,K,T,D,A,H,P,N,P,F,E,Q,F,T,V,W,F,D,Q,A,V,A,A,K,L,-,P,E,P,N,A,M,T,L,A,T,A,T,-,P,D,G,K,P,S,A,R,M,V,L,L,K,G,Y,D,E,R,G,F,V,F,Y,T,N,Y,-,K,S,H,K,G,Q,Q,L,L,A,N,P,W,G,A,I,A,F,W,W,T,Q,L,E,R,Q,V,R,I,E,G,Q,I,E,Q,V,S,A,E,K,S,D,A,Y,F,H,S,R,P,Q,D,S,Q,L,G,A,W,A,S,E,Q,S,Q,V,I,D,S,R,E,V,L,E,Q,R,L,Q,Q,L,K,K,E,Y,-,E,T,K,T,I,P,R,P,P,H,W,G,G,F,R,L,I,P,V,A,I,E,F,W,Q,G,R,P,S,R,L,H,D,R,L,L,Y,-,Q,R,T,E,E,G,S,W,M,I,Q,R,L,S,P
-,A,L,D,I,A,D,V,D,P,N,P,L,R,Q,F,R,R,W,F,D,E,A,L,K,A,E,V,-,A,E,I,N,A,M,T,L,A,T,V,D,-,P,Q,G,Q,P,S,A,R,I,V,L,L,K,N,L,D,E,R,G,F,T,F,F,T,N,Y,-,C,S,H,K,G,E,E,L,A,A,N,P,H,A,A,L,L,F,H,W,I,G,L,E,R,Q,V,R,I,Q,G,V,V,E,K,V,S,E,A,E,S,D,A,Y,Y,H,S,R,P,L,G,S,R,L,G,A,W,A,S,E,Q,S,S,E,V,P,D,R,A,T,L,E,A,R,E,A,E,Y,R,E,R,F,-,G,D,A,P,-,P,R,P,P,H,W,G,G,Y,R,L,L,P,A,R,I,E,F,W,Q,G,R,P,S,R,L,H,D,R,L,E,Y,-,R,H,Q,P,D,G,G,W,R,I,V,R,L,A,P
-,-,L,S,E,A,Q,A,P,L,D,P,F,T,L,F,R,Q,W,F,D,D,A,-,K,T,E,Q,-,L,E,P,N,A,M,T,L,A,T,V,D,-,E,D,G,R,P,H,C,R,V,L,L,L,K,G,L,D,E,R,G,F,T,F,F,S,N,Y,-,E,S,A,K,G,R,Q,L,A,A,R,P,Y,A,A,M,T,F,F,W,P,S,L,E,R,Q,V,R,I,E,G,R,V,E,R,V,T,P,A,E,S,D,G,Y,F,Q,V,R,P,L,G,S,R,I,G,A,W,A,S,P,Q,S,R,V,I,R,D,R,A,E,L,E,N,L,L,A,E,T,E,K,R,F,-,L,N,Q,A,P,H,C,P,P,H,W,G,G,Y,R,L,L,P,E,R,I,E,F,W,Q,G,R,P,S,R,L,H,D,R,L,D,Y,-,-,R,L,Q,G,E,A,W,I,R,Q,R,L,A,P
-,-,-,-,-,-,-,-,-,-,N,P,L,H,Q,F,H,R,W,F,Q,D,P,-,R,L,P,R,S,S,A,P,E,T,C,T,L,A,T,A,S,L,P,S,G,R,V,S,A,R,T,L,Y,F,K,E,L,D,E,R,G,W,V,I,Y,S,N,W,G,T,P,G,D,I,H,E,T,A,S,N,R,W,A,A,L,T,F,L,W,S,L,V,E,R,Q,V,R,I,E,G,L,I,E,P,L,S,K,E,E,S,E,L,Y,W,R,T,R,E,R,G,S,Q,I,G,A,W,A,S,W,Q,S,K,V,M,D,G,R,I,E,L,E,Q,R,V,K,E,M,E,A,R,F,A,D,V,K,D,I,P,L,P,P,F,W,G,G,I,R,V,V,P,E,S,V,E,F,W,Q,G,R,A,S,R,L,H,D,R,F,R,Y,V,R,V,G,Q,T,D,K,W,R,I,E,R,L,S,P
-,-,L,E,P,E,Q,L,A,T,T,W,V,E,Q,F,A,R,W,F,A,D,A,S,T,A,G,A,G,V,-,P,E,A,A,V,F,A,T,A,S,-,A,D,G,R,P,S,A,R,T,V,L,L,K,G,F,D,H,R,G,F,V,I,Y,T,N,Y,-,T,S,R,K,G,R,E,S,A,E,N,P,F,G,S,L,V,F,P,W,Y,T,L,E,R,Q,V,V,A,I,G,A,V,E,R,V,S,R,T,E,T,E,Q,Y,F,A,S,R,P,R,G,S,Q,L,G,A,W,A,S,H,Q,S,Q,I,I,E,S,R,D,V,L,D,A,R,A,A,E,L,A,A,R,W,P,A,G,T,P,V,P,T,P,P,F,W,G,G,L,R,L,V,P,D,T,V,E,F,W,Q,G,R,T,N,R,L,H,D,R,L,R,Y,R,R,V,C,T,A,D,R,W,A,V,E,R,L,S,P
-,-,L,A,E,D,G,A,D,P,D,P,I,R,Q,F,G,R,W,F,E,E,A,L,R,A,G,L,-,-,-,P,N,A,M,V,L,A,T,A,T,-,P,D,G,R,P,S,A,R,T,V,L,L,K,G,F,D,E,R,G,F,V,F,Y,T,N,Y,-,G,G,R,K,S,R,E,I,E,A,N,P,R,V,A,L,L,F,Y,W,G,E,L,E,R,Q,V,R,V,E,G,T,A,G,R,T,S,E,E,E,S,D,A,Y,F,A,T,R,P,R,G,S,Q,L,G,A,W,A,S,R,Q,S,E,P,A,E,S,R,E,E,L,E,R,R,L,A,E,L,E,R,R,F,-,E,G,R,P,V,P,R,P,P,F,W,G,G,Y,R,V,R,P,E,R,I,E,F,W,Q,G,R,E,N,R,L,H,D,R,L,L,Y,A,R,-,-,E,G,P,G,W,R,R,V,R,L,Q,P
-,V,L,L,E,Q,Q,A,A,A,T,P,I,D,Q,F,A,L,W,F,D,E,A,Q,A,A,Q,V,-,P,E,P,N,A,M,T,L,A,T,V,D,-,A,S,G,Q,P,S,A,R,I,V,L,I,K,A,F,D,A,R,G,F,T,F,F,T,N,Y,-,T,S,R,K,G,E,D,L,L,A,N,P,R,A,A,L,L,F,F,W,Q,A,L,E,R,Q,V,R,I,E,G,V,V,E,R,V,S,A,D,E,S,D,A,Y,F,H,S,R,P,V,G,S,R,I,G,A,W,A,S,E,Q,S,Q,P,I,-,T,R,E,A,L,E,A,R,E,R,D,F,K,A,R,F,-,G,D,T,P,-,P,R,P,P,H,W,G,G,Y,R,L,V,P,T,Y,F,E,F,W,Q,G,R,P,S,R,L,H,D,R,L,R,Y,-,R,P,D,G,K,Q,G,W,V,M,D,R,L,S,P
-,-,L,L,E,S,E,A,D,L,D,P,I,V,Q,F,T,R,W,L,D,E,A,V,A,A,G,L,-,I,E,P,N,A,M,T,L,A,T,I,D,-,P,D,G,R,P,S,A,R,M,V,L,L,K,G,I,D,E,R,G,F,V,F,F,T,N,Y,-,Q,S,R,K,G,Q,A,L,A,V,H,P,V,V,A,L,V,F,Y,W,P,E,L,E,R,Q,V,R,V,E,G,F,A,E,P,I,S,A,E,E,S,D,A,Y,Y,A,S,R,P,L,E,S,R,I,G,A,W,A,S,P,Q,S,Q,P,I,A,N,R,A,E,L,E,R,R,V,A,E,M,A,E,R,F,-,A,D,N,P,P,P,R,P,P,F,W,G,G,Y,R,V,V,P,D,R,I,E,F,W,Q,G,R,P,S,R,L,H,D,R,L,R,Y,-,T,R,T,T,D,G,-,W,Q,R,E,R,L,A,P
-,-,L,A,E,A,Q,A,P,G,E,P,F,A,L,F,H,H,W,F,A,D,A,V,K,T,E,Q,-,L,-,-,N,A,M,T,L,A,T,V,D,-,A,D,G,R,P,H,C,R,V,L,L,L,K,A,L,D,G,R,G,F,T,F,F,T,N,Y,-,E,S,A,K,G,Q,H,I,A,A,N,P,F,A,A,M,T,F,F,W,P,A,L,E,R,Q,V,R,I,E,G,R,V,E,K,V,T,A,K,E,S,D,D,Y,Y,Q,V,R,P,L,G,S,R,L,G,A,W,A,S,P,Q,S,R,V,I,A,D,R,E,E,L,E,G,L,V,K,A,T,E,A,R,F,-,S,D,T,Q,P,H,C,P,E,H,W,G,G,Y,R,L,L,P,E,R,I,E,F,W,Q,G,R,A,S,R,L,H,D,R,L,N,Y,-,-,R,L,V,D,G,Q,W,Q,R,E,R,L,A,P
-,-,L,R,R,R,D,L,A,D,D,P,L,E,Q,F,L,R,W,Y,Q,E,A,Q,G,S,G,L,-,R,Y,P,N,A,M,A,V,A,T,A,T,-,A,D,G,R,P,S,V,R,M,V,L,L,R,G,V,D,E,R,G,F,V,F,Y,T,N,L,-,E,S,R,K,G,R,E,L,A,E,N,P,R,A,A,L,L,F,Y,W,E,P,L,E,R,Q,V,R,I,E,G,R,V,E,L,V,T,S,A,E,A,D,A,Y,F,A,T,R,P,K,G,S,Q,I,S,A,W,A,S,R,Q,S,E,P,I,D,S,R,E,A,L,E,R,R,H,A,E,F,A,E,R,F,G,S,G,-,P,V,P,R,P,A,Y,W,G,G,Y,R,V,V,P,D,A,Y,E,F,W,Q,G,R,P,D,R,L,H,D,R,F,R,Y,E,R,S,-,A,D,G,I,W,V,I,T,R,L,Q,P
-,-,F,D,E,R,M,L,A,P,T,W,L,E,Q,F,Q,E,W,F,T,D,A,S,A,P,R,A,G,I,-,P,N,A,M,I,F,S,T,A,D,-,E,A,G,R,P,S,S,R,T,V,L,M,K,G,F,D,A,R,G,F,T,L,F,T,N,Y,-,T,S,T,K,A,R,E,A,A,A,N,P,Y,G,S,L,L,F,P,W,Y,P,L,E,R,Q,V,I,V,A,G,S,I,E,R,V,S,R,A,E,S,E,T,Y,F,R,S,R,P,R,G,S,Q,L,G,A,W,A,S,H,Q,S,Q,V,I,D,S,R,A,V,L,T,E,R,L,A,Q,L,R,Q,R,W,P,A,T,E,P,V,P,A,P,P,F,W,G,G,L,R,L,V,P,T,S,I,E,F,W,Q,G,R,P,D,R,L,H,D,R,L,R,Y,R,L,T,T,-,-,-,-,-,-,-,-,-,-,-,-
-,-,L,L,E,E,Q,V,A,A,D,P,I,D,Q,F,R,K,W,F,D,E,A,-,A,A,G,L,-,R,E,P,N,A,M,A,L,S,T,V,G,-,K,D,G,K,P,S,S,R,I,V,L,L,K,G,V,D,K,D,G,F,V,W,Y,T,N,Y,-,E,S,Q,K,A,H,E,L,S,E,N,P,H,A,S,L,L,F,Y,W,D,G,L,N,R,Q,V,R,V,E,G,S,V,Q,K,V,P,D,E,E,S,E,Q,Y,F,H,S,R,P,R,G,S,Q,I,G,A,I,A,S,K,Q,S,T,S,I,P,G,R,H,I,L,H,Q,T,Y,K,E,L,E,E,K,Y,S,D,G,S,L,I,P,K,P,K,H,W,G,G,Y,R,L,K,P,Q,L,F,E,F,W,Q,G,Q,Q,S,R,L,H,D,R,L,Q,Y,-,-,Q,E,I,D,R,K,W,K,I,V,R,L,A,P
-,S,I,S,P,S,T,V,L,A,S,P,L,D,Q,F,R,A,W,F,T,Q,V,-,-,Q,G,V,V,R,E,P,E,A,M,T,L,C,T,A,S,-,A,T,G,I,P,S,A,R,V,V,L,F,K,Q,L,D,K,R,G,F,V,F,F,T,N,Y,-,T,S,R,K,S,Q,E,L,R,A,N,A,H,A,A,L,A,F,Y,W,R,E,V,H,K,Q,V,R,V,V,G,R,V,E,Q,V,S,R,A,E,S,D,A,Y,F,R,S,R,P,V,G,S,R,L,G,A,W,A,S,R,Q,S,A,V,V,A,D,G,E,R,V,D,E,L,K,R,E,V,D,E,-,H,D,P,T,A,N,V,P,L,P,E,F,W,G,G,W,R,V,V,P,D,E,I,E,F,W,L,G,K,P,S,R,L,H,D,R,V,R,Y,L,R,S,S,E,D,V,P,W,K,I,D,R,L,A,P
-,A,L,S,E,V,E,V,D,T,N,P,F,R,Q,F,K,R,W,F,E,Q,A,L,A,A,Q,L,-,-,-,P,E,A,M,T,I,A,T,S,T,-,P,D,G,Q,P,S,A,R,M,V,L,L,K,D,F,D,E,R,G,F,V,F,F,T,N,Y,-,N,S,R,K,G,Q,E,L,A,E,N,P,Q,A,A,L,V,F,W,W,A,E,L,E,R,Q,V,R,I,S,G,R,V,E,K,V,S,E,S,E,S,D,Y,Y,F,Y,S,R,P,A,N,S,R,L,G,A,W,V,S,N,Q,S,E,I,I,A,S,R,E,V,L,E,Q,R,M,Q,E,F,Q,H,K,Y,-,E,N,Q,E,I,P,R,P,S,H,W,G,G,L,R,V,I,P,S,Q,I,E,F,W,Q,G,R,S,S,R,L,H,D,R,L,L,Y,-,T,L,L,N,D,D,S,W,E,I,H,R,L,S,P
-,-,-,-,-,-,-,L,S,P,S,P,I,V,Q,F,N,R,W,F,Q,H,A,-,N,E,N,G,V,T,E,P,E,A,M,T,I,S,T,V,A,I,E,N,G,R,P,S,S,R,V,V,L,L,K,Q,V,D,E,Q,G,F,L,F,F,S,N,Y,-,S,S,R,K,G,R,E,L,E,A,N,P,Y,A,S,L,T,F,Y,W,K,Q,L,S,R,S,V,R,V,C,G,R,V,E,K,L,S,A,Q,E,S,K,A,Y,Y,D,S,R,P,L,G,S,R,I,G,A,W,A,S,P,Q,S,S,T,I,V,S,R,Q,E,L,E,D,K,V,K,E,V,E,S,K,F,R,K,R,V,D,V,P,L,P,D,F,W,G,G,Y,R,I,V,P,D,E,V,E,F,W,C,G,R,P,N,R,L,H,D,R,F,R,Y,T,R,S,I,E,S,D,K,W,S,I,D,R,L,A,P
-,-,L,D,R,D,Q,L,D,D,N,P,I,Q,Q,F,Q,I,W,F,E,D,A,K,-,A,D,I,-,L,E,P,N,A,M,S,L,A,T,A,G,-,N,D,G,L,P,D,L,R,T,V,L,L,K,Y,F,D,D,S,G,F,V,F,Y,T,N,Y,-,G,S,R,K,A,R,E,M,E,Q,N,P,Q,A,A,L,L,F,P,W,L,G,L,N,R,Q,V,R,I,Q,G,K,V,E,K,V,S,K,T,E,S,L,R,Y,F,A,S,R,P,R,G,S,Q,I,G,A,W,V,S,E,Q,S,K,A,I,T,S,R,G,L,L,E,Q,K,V,A,E,I,K,R,K,F,-,S,D,G,E,V,P,L,P,N,F,W,G,G,F,R,V,V,P,H,S,I,E,F,W,Q,G,R,P,S,R,L,H,D,R,F,E,Y,N,R,T,E,Q,D,K,T,W,T,I,E,R,L,Q,P
-,S,L,S,E,T,E,V,D,P,N,P,L,Q,Q,F,Q,T,W,F,K,Q,A,I,E,A,E,I,-,L,-,P,N,A,M,T,L,A,T,L,S,-,R,E,G,K,P,A,A,R,I,V,L,L,K,E,V,D,D,R,G,F,T,F,F,T,N,Y,-,K,S,R,K,G,E,E,L,A,H,D,P,W,A,A,L,V,F,W,W,A,E,L,E,R,Q,V,R,I,E,G,S,V,S,Q,V,S,A,A,D,S,D,R,Y,F,S,S,R,P,W,G,S,R,L,G,A,W,A,S,E,Q,S,K,A,I,T,G,R,E,V,L,E,Q,N,L,R,A,L,E,Q,E,Y,-,R,D,R,E,V,P,R,P,P,H,W,G,G,Y,R,L,S,P,T,L,I,E,F,W,Q,G,R,P,N,R,L,H,D,R,L,C,Y,-,-,R,L,Q,G,D,Q,W,Q,L,E,R,L,S,P
-,-,L,S,P,-,-,-,-,-,N,P,L,L,Q,F,N,S,W,F,A,S,A,L,Q,P,S,Q,G,E,V,P,E,A,M,T,L,S,T,A,T,-,A,Q,G,I,P,S,S,R,V,V,L,L,K,T,V,D,K,T,G,F,V,F,F,T,N,Y,-,T,S,R,K,S,E,E,L,L,A,N,P,Y,A,A,L,T,F,Y,W,R,E,V,S,K,Q,V,R,V,V,G,K,V,E,K,V,S,R,E,E,S,V,E,Y,F,N,T,R,P,R,G,S,R,I,G,A,W,A,S,K,Q,S,Q,P,V,E,E,G,Q,L,E,E,R,V,K,N,-,-,E,E,K,H,W,E,G,K,E,V,E,C,P,E,F,W,G,G,W,R,V,V,P,F,E,V,E,F,W,S,G,Q,P,S,R,L,H,D,R,F,R,Y,T,R,E,G,S,E,G,E,W,E,I,K,K,L,S,P
-,-,F,T,E,R,D,L,S,P,D,P,M,D,Q,F,A,R,W,F,R,Q,V,A,V,G,G,V,-,L,E,P,N,A,M,I,V,S,T,A,A,-,P,D,G,R,P,S,S,R,T,V,L,L,K,Q,Y,D,E,R,G,F,V,F,F,T,N,Y,-,D,S,R,K,G,R,E,L,A,A,N,P,Y,V,S,L,L,F,P,W,H,P,M,A,R,Q,V,I,V,T,G,T,A,L,R,T,S,R,E,E,T,V,A,Y,F,R,T,R,P,H,G,S,Q,L,G,A,W,A,S,A,Q,S,T,V,V,G,S,R,E,E,L,V,R,R,Y,E,E,L,S,A,R,Y,S,E,G,E,K,V,P,A,P,P,H,W,G,G,F,R,V,V,P,E,T,I,E,F,W,Q,G,H,E,N,R,L,H,D,R,L,R,Y,V,R,E,G,D,D,G,Q,W,R,V,E,R,L,C,P
-,T,L,L,E,D,S,A,A,A,S,P,F,D,Q,F,S,Q,W,F,D,Q,A,L,A,A,Q,V,-,P,E,P,N,A,M,T,L,A,T,V,D,-,A,D,G,Q,P,S,A,R,I,V,L,I,K,G,Y,D,S,R,G,F,A,F,Y,T,N,Y,-,E,S,R,K,G,H,D,L,L,A,N,P,R,A,A,L,L,F,F,W,Q,P,L,E,R,Q,V,R,I,E,G,R,V,E,Q,V,S,A,E,E,S,D,A,Y,F,H,S,R,P,L,G,S,R,I,G,A,W,A,S,R,Q,S,Q,P,V,-,T,R,A,E,L,E,A,R,E,Q,E,I,R,A,R,Y,-,G,E,Q,P,-,P,R,P,P,H,W,G,G,Y,R,V,V,P,T,L,F,E,F,W,Q,G,R,P,S,R,L,H,D,R,L,R,Y,-,L,P,D,G,R,G,G,W,A,I,D,R,L,S,P
-,-,L,S,E,A,Q,A,P,A,E,P,F,A,L,F,H,Q,W,F,A,D,A,-,-,-,E,Q,-,P,E,A,N,A,M,T,V,A,T,V,D,-,T,D,G,R,P,H,C,R,I,L,L,L,K,G,L,D,E,Q,G,F,T,F,F,T,N,Y,-,E,S,A,K,G,Q,Q,L,A,A,R,P,F,A,A,M,T,F,F,W,P,T,L,E,R,Q,V,R,I,E,G,R,V,V,K,V,T,P,Q,E,S,D,A,Y,Y,Q,V,R,P,L,G,S,R,L,G,A,W,A,S,P,Q,S,R,V,I,A,D,R,D,E,L,Q,E,L,L,K,A,T,E,A,R,F,-,S,D,S,Q,P,D,C,P,E,H,W,G,G,Y,R,L,L,P,E,R,I,E,F,W,Q,G,R,P,S,R,L,H,D,R,L,N,Y,-,-,R,L,Q,G,Q,E,W,V,R,E,R,L,A,P
-,-,L,L,E,E,N,V,K,D,D,P,I,K,Q,F,Q,E,W,F,D,D,A,-,A,A,G,L,-,R,E,P,N,A,M,A,L,A,T,A,D,-,K,D,G,H,P,S,E,R,M,V,L,L,K,G,F,D,E,H,G,F,V,W,Y,T,N,Y,-,E,S,R,K,A,H,E,I,H,E,N,P,Y,A,S,L,L,F,F,W,E,A,L,H,R,Q,V,R,I,E,G,S,V,E,K,V,P,E,E,E,S,D,E,Y,F,H,S,R,P,R,G,S,Q,I,G,A,L,V,S,N,Q,S,S,V,I,P,G,R,H,V,L,H,H,A,Y,N,E,L,Q,A,K,Y,I,D,G,K,L,I,P,R,P,K,H,W,G,G,Y,R,L,K,P,N,T,V,E,F,W,Q,G,Q,M,S,R,L,H,D,R,L,L,Y,S,R,T,E,I,N,Q,K,W,K,I,E,R,L,A,P
-,-,L,T,E,A,Q,S,P,D,E,P,F,A,L,F,H,T,W,F,D,D,A,-,K,T,E,Q,-,P,E,A,N,A,M,T,L,A,T,V,D,-,E,Q,G,R,P,H,C,R,V,L,L,L,K,G,L,D,T,Q,G,F,T,F,F,T,N,Y,-,E,S,A,K,G,Q,Q,L,A,A,R,P,F,A,A,M,T,F,F,W,P,T,L,E,R,Q,V,R,I,E,G,R,V,E,K,V,S,A,Q,E,S,D,A,Y,Y,Q,V,R,P,L,G,S,R,L,G,A,W,A,S,P,Q,S,R,V,I,A,D,R,D,E,L,E,G,L,I,R,Q,T,E,Q,R,F,-,A,D,T,Q,P,H,C,P,E,H,W,G,G,Y,R,L,L,P,E,R,I,E,F,W,Q,G,R,S,S,R,L,H,D,R,L,N,Y,-,-,R,S,V,D,G,R,W,T,R,E,R,L,A,P
-,S,L,D,V,A,D,V,N,H,D,P,F,R,Q,F,D,T,W,F,Q,Q,A,I,D,A,K,L,-,P,E,P,N,A,M,T,L,A,T,V,D,-,A,R,G,R,P,S,A,R,I,V,L,I,K,G,V,D,E,R,G,F,V,F,F,T,N,Y,-,E,S,R,K,G,R,E,L,S,A,N,P,Y,A,S,L,L,F,H,W,V,E,L,E,R,Q,V,R,I,E,G,R,V,V,K,T,S,E,A,D,S,D,A,Y,F,E,S,R,P,L,G,S,R,I,G,A,W,A,S,N,Q,S,Q,V,I,E,S,R,S,Q,L,E,V,R,E,R,E,I,S,L,Q,Y,-,G,D,N,P,-,P,R,P,P,H,W,G,G,Y,R,L,V,P,D,A,I,E,F,W,Q,G,R,P,S,R,L,H,D,R,L,L,F,T,R,A,Q,E,N,G,N,W,Q,I,A,R,L,S,P
-,-,-,-,E,E,Y,V,E,A,D,P,M,D,Q,F,R,K,W,F,D,D,A,V,V,A,G,L,-,K,E,P,N,A,M,A,L,S,T,A,G,-,K,D,G,K,P,S,S,R,I,V,L,L,K,G,V,D,K,D,G,F,V,W,Y,T,N,Y,-,G,S,R,K,A,H,E,I,S,E,N,P,H,A,S,L,L,F,Y,W,D,G,L,N,R,Q,V,R,I,E,G,P,V,Q,K,V,S,E,L,E,S,E,Q,Y,F,H,S,R,P,R,G,S,Q,I,G,A,I,V,S,K,Q,S,T,I,V,P,G,R,H,V,L,H,Q,E,Y,K,E,L,E,N,K,F,S,D,G,S,M,I,P,K,P,K,Y,W,G,G,Y,R,L,K,P,E,L,F,E,F,W,Q,G,Q,Q,S,R,L,H,D,R,L,Q,Y,S,P,E,E,I,N,G,K,W,R,I,D,R,L,A,P
-,-,L,T,E,A,E,A,N,P,N,P,F,V,Q,F,R,L,W,F,N,Q,A,L,E,A,Q,F,-,L,E,P,N,A,M,T,I,A,T,V,T,-,P,D,G,K,P,S,A,R,M,V,L,L,K,D,F,D,E,R,G,F,V,F,Y,T,N,Y,-,D,S,A,K,G,Q,Q,L,A,Q,T,P,W,A,A,L,V,F,W,W,D,A,L,E,R,Q,V,R,I,E,G,T,V,E,K,V,S,Q,E,E,S,D,A,Y,F,A,S,R,P,W,E,S,R,L,G,A,W,V,S,D,Q,S,R,V,I,E,S,R,E,V,L,E,N,R,L,Q,A,L,K,D,K,Y,-,Q,A,Q,D,V,P,R,P,P,H,W,G,G,F,R,V,M,P,E,K,I,E,F,W,Q,G,R,P,N,R,L,H,D,R,L,C,Y,-,K,W,I,E,G,E,K,W,I,I,E,R,L,S,P
-,-,V,A,E,E,S,L,E,D,D,P,M,R,Q,F,T,R,W,F,Q,Q,A,A,N,A,H,L,-,F,E,P,N,A,M,I,V,S,T,A,T,-,S,D,G,R,P,S,S,R,T,V,L,L,K,Q,F,D,D,R,G,F,V,F,Y,T,N,Y,-,G,S,R,K,G,R,E,L,A,E,N,P,Y,V,S,L,L,F,P,W,H,P,I,A,R,Q,V,I,V,T,G,T,A,S,R,T,G,R,D,E,T,A,A,Y,F,R,S,R,P,H,G,S,Q,L,G,A,W,A,S,E,Q,S,R,V,I,A,S,R,A,E,L,D,R,R,Y,A,E,L,E,E,R,Y,P,E,G,E,Q,V,P,V,P,P,E,W,G,G,Y,R,V,V,P,D,A,V,E,F,W,Q,G,H,E,N,R,L,H,D,R,L,R,Y,V,S,-,-,D,G,G,K,W,R,V,E,R,L,C,P
-,-,L,T,E,T,D,A,G,A,D,P,F,A,L,F,H,K,W,F,A,D,A,L,A,A,D,L,-,T,D,P,N,A,M,I,L,A,T,V,G,-,P,D,Q,Q,P,S,A,R,A,V,L,L,K,A,L,D,D,R,G,F,T,F,F,T,N,Y,-,D,S,R,K,G,R,E,L,E,A,N,P,R,A,A,L,V,F,L,W,H,P,L,E,R,Q,V,R,V,E,G,I,A,E,M,V,S,A,A,E,S,D,E,Y,Y,K,K,R,P,L,G,S,R,L,G,A,W,A,S,P,Q,S,A,V,I,A,D,R,E,V,L,E,R,A,H,A,E,L,T,A,K,Y,-,P,D,G,D,P,P,R,P,Q,N,W,G,G,Y,R,V,I,P,T,V,I,E,F,W,Q,G,R,R,S,R,L,H,D,R,I,V,F,T,R,-,-,T,G,T,S,W,T,R,E,R,L,A,P
-,-,L,A,E,K,D,L,S,R,D,P,F,R,Q,F,E,K,W,F,Q,E,A,E,A,A,K,T,-,I,E,P,N,A,M,T,L,C,T,A,T,-,R,E,G,R,P,S,A,R,T,V,L,L,K,G,V,D,G,R,G,F,V,F,F,T,N,Y,-,S,S,R,K,G,R,E,L,E,L,S,P,Y,V,S,L,V,F,P,W,L,A,L,E,R,Q,V,I,V,E,G,T,A,T,K,V,S,R,E,E,S,E,A,Y,F,H,S,R,P,L,P,S,Q,L,S,A,W,A,S,P,Q,S,S,I,V,S,G,R,R,A,L,D,E,A,M,K,E,V,E,R,K,Y,-,A,G,Q,V,V,P,V,P,P,H,W,G,G,Y,R,V,N,P,E,T,V,E,F,W,Q,G,R,R,S,R,L,H,D,R,L,R,Y,R,R,E,-,S,D,G,G,W,V,I,E,R,L,A,P
-,-,L,D,E,D,A,L,A,A,G,P,M,E,Q,F,A,Q,W,F,A,E,A,A,A,A,A,L,-,L,E,P,N,A,M,I,V,S,T,A,T,-,A,D,G,R,P,S,S,R,T,V,L,L,K,Q,Y,D,A,R,G,F,V,F,F,T,N,Y,-,D,S,R,K,G,R,E,I,A,A,N,P,H,V,S,L,L,F,P,W,H,P,L,E,R,Q,I,I,V,T,G,R,A,A,R,I,G,R,D,E,T,A,A,Y,F,R,T,R,P,H,G,S,Q,L,G,A,W,A,S,D,Q,S,R,V,I,S,S,R,E,D,L,L,R,R,Y,E,E,L,S,A,R,Y,P,E,G,A,Q,V,P,A,P,A,H,W,G,G,I,R,V,V,P,D,E,V,E,F,W,Q,G,H,E,N,R,L,H,D,R,L,R,Y,V,R,-,-,T,D,G,G,W,R,V,E,R,L,A,P
-,-,L,T,R,D,D,L,E,D,N,P,F,K,Q,F,E,K,W,F,Q,Q,A,T,E,A,E,L,-,S,E,P,N,A,M,S,L,A,T,A,S,-,A,K,G,E,P,S,I,R,T,V,L,L,K,Y,F,D,E,K,G,F,V,F,F,T,N,Y,-,E,S,R,K,A,Q,Q,I,E,E,N,P,H,V,A,L,L,F,L,W,L,P,L,E,R,Q,V,K,I,Q,G,T,A,T,K,V,S,T,A,E,S,L,N,Y,F,T,S,R,P,R,G,S,Q,L,G,A,W,C,S,A,Q,S,S,V,I,S,S,R,K,L,L,E,M,K,F,E,E,L,K,Y,K,F,-,Q,H,G,E,I,P,L,P,S,F,W,G,G,Y,R,V,K,P,T,R,F,E,F,W,Q,G,R,P,N,R,L,H,D,R,F,S,Y,T,T,E,T,D,D,T,T,W,G,I,H,R,L,A,P
-,L,T,L,S,Q,I,N,P,T,D,P,F,R,Q,F,N,N,W,F,R,D,A,-,R,L,P,A,S,S,A,P,E,T,C,T,L,A,T,A,A,L,P,S,G,R,V,S,A,R,T,L,Y,L,K,E,L,D,E,R,G,W,V,V,Y,S,N,W,G,S,R,-,K,G,Q,Q,Q,Q,G,N,R,W,A,A,L,T,F,H,W,Q,A,V,E,R,Q,V,R,I,E,G,I,V,E,S,L,S,R,E,E,S,E,T,Y,W,R,T,R,E,R,G,S,Q,I,G,A,W,A,S,Q,Q,S,R,V,L,D,G,R,S,I,L,E,D,R,V,K,E,M,E,A,R,F,A,D,V,E,E,I,P,L,P,P,F,W,G,G,I,R,I,V,P,E,S,V,E,F,W,Q,G,R,K,S,R,L,H,D,R,F,R,Y,V,R,T,A,K,T,F,Q,W,K,I,Q,R,L,S,P
-,A,L,L,E,T,E,V,N,A,N,P,I,L,Q,F,Q,S,W,F,E,Q,A,V,Q,A,E,L,-,-,-,P,E,A,M,T,L,A,T,V,S,-,A,D,S,Q,P,S,A,R,M,V,L,L,K,G,F,D,Q,Q,G,F,I,F,Y,T,N,Y,-,L,S,R,K,G,Q,D,L,A,Q,R,P,W,A,A,L,V,F,W,W,A,E,L,E,R,Q,V,R,I,E,G,K,V,V,K,V,S,D,S,E,T,K,A,Y,F,E,S,R,P,R,G,S,Q,L,G,A,W,A,S,D,Q,S,Q,V,I,G,D,R,D,I,L,D,Q,R,L,Q,A,L,E,Q,K,Y,-,Q,N,Q,P,I,P,R,P,P,H,W,G,G,Y,R,V,T,P,H,L,I,E,F,W,Q,G,R,T,S,R,L,H,D,R,L,C,Y,-,-,R,Y,S,D,Q,E,W,I,L,E,R,L,S,P
-,-,L,A,E,T,D,L,A,A,D,P,I,E,Q,F,R,R,W,L,A,D,A,-,-,I,R,Y,N,L,-,P,E,A,M,V,V,A,T,A,D,-,A,D,G,R,P,S,S,R,H,V,L,L,K,S,V,D,-,D,G,F,V,F,F,T,N,Y,-,R,S,R,K,G,R,D,L,S,E,N,P,S,A,S,L,C,F,P,W,F,A,I,G,R,Q,V,V,V,L,G,T,V,T,K,V,T,R,E,E,T,E,E,Y,F,A,S,R,P,R,D,S,Q,C,G,A,W,S,S,E,Q,S,S,V,V,P,S,R,A,W,L,D,E,R,Y,A,E,V,A,Q,R,F,A,G,V,E,H,I,P,P,P,P,F,W,G,G,F,R,V,I,P,E,T,V,E,F,W,Q,A,R,P,A,R,M,H,D,R,L,R,Y,R,R,T,A,D,G,E,P,W,I,I,E,R,L,S,P
-,S,L,D,E,G,S,L,A,G,T,W,H,E,Q,L,A,L,W,F,E,Q,A,V,H,D,P,S,I,H,E,A,N,A,M,V,L,A,T,A,D,-,A,D,G,L,P,S,S,R,T,V,L,C,K,G,F,D,A,R,G,V,V,F,F,T,N,Y,-,T,S,A,K,S,H,D,L,K,V,T,R,F,A,A,A,T,F,P,W,L,A,M,Q,R,Q,V,N,V,R,G,T,V,E,K,V,S,Q,E,E,T,A,E,Y,W,A,E,R,P,R,G,S,Q,L,G,A,W,A,S,P,Q,S,R,V,V,S,G,R,S,A,L,E,S,T,L,N,G,I,E,R,R,F,A,D,A,E,K,V,P,V,P,P,H,W,G,G,W,R,I,V,P,E,S,V,E,F,W,Q,G,R,P,D,R,L,H,D,R,L,R,F,-,-,R,N,N,D,G,A,W,V,V,E,R,L,A,P
-,-,L,S,R,D,D,L,N,V,D,P,F,K,Q,F,E,T,W,F,K,Q,A,C,E,S,Q,L,-,L,E,P,N,A,M,S,L,A,T,A,S,-,D,Q,G,E,P,S,L,R,T,V,L,L,K,Y,F,D,N,Q,G,F,V,F,F,T,N,Y,-,E,S,N,K,A,K,Q,I,E,E,N,P,Y,V,A,L,L,F,L,W,L,P,L,E,R,Q,V,K,I,R,G,K,A,A,K,I,S,T,A,E,S,F,R,Y,F,T,T,R,P,R,G,S,Q,L,G,A,W,C,S,E,Q,S,S,V,I,S,S,R,Q,L,L,E,M,K,F,E,E,I,R,R,K,F,-,A,Q,G,E,I,P,L,P,S,F,W,G,G,Y,R,I,V,P,H,Y,F,E,F,W,Q,G,R,P,N,R,L,H,D,R,F,S,Y,T,L,Q,-,E,D,N,T,W,E,I,H,R,L,S,P
-,-,L,D,R,D,Q,L,D,A,N,P,F,R,Q,F,D,L,W,L,Q,Q,A,I,D,A,N,M,T,A,D,P,T,A,M,S,L,A,T,V,D,-,A,D,G,Q,P,S,Q,R,V,V,L,L,K,H,A,D,E,Q,G,F,V,F,Y,T,N,L,-,E,S,R,K,A,R,D,I,A,G,N,D,R,V,C,L,H,F,P,W,T,P,L,E,R,Q,V,V,I,Y,G,R,A,E,K,L,S,V,A,E,A,T,R,Y,F,I,S,R,P,R,N,S,Q,I,A,A,W,T,S,H,Q,S,R,S,I,G,S,R,K,L,L,E,Q,A,F,E,Q,M,K,H,K,F,-,R,D,G,D,I,P,L,P,S,F,W,G,G,Y,R,V,V,P,F,K,M,E,F,W,Q,G,R,G,S,R,L,H,D,R,F,M,Y,S,R,-,-,D,N,D,Q,W,S,L,D,R,L,Q,P
-,V,L,V,E,E,Q,A,A,A,S,P,F,Q,Q,F,A,R,W,F,D,E,A,V,A,A,R,V,-,P,E,P,N,A,M,T,L,A,T,V,N,-,A,E,G,Q,P,S,A,R,I,V,L,I,K,G,Y,D,D,A,G,F,V,F,F,T,N,Y,-,E,S,R,K,G,L,D,L,D,A,N,P,R,A,S,L,L,F,F,W,Q,P,L,E,R,Q,V,R,I,E,G,V,I,E,K,V,S,A,A,E,S,D,E,Y,F,H,S,R,P,L,G,S,R,L,G,A,W,A,S,R,Q,S,Q,P,I,-,T,R,D,E,L,E,A,R,E,R,E,F,R,D,R,Y,-,G,E,H,P,-,P,R,P,P,H,W,G,G,Y,R,L,K,P,N,R,F,E,F,W,Q,G,R,P,S,R,L,H,D,R,L,R,Y,-,E,P,D,G,K,Q,G,W,T,I,D,R,L,S,P
-,-,-,-,-,-,-,-,-,-,N,P,L,Y,Q,F,H,A,W,F,R,D,P,-,R,L,E,R,S,S,A,P,E,T,C,T,L,A,T,A,S,L,P,T,G,R,V,S,A,R,V,V,Y,L,K,E,L,D,E,R,G,W,T,V,Y,S,N,W,G,S,R,E,G,G,S,S,I,G,Q,N,G,D,A,A,L,T,F,C,W,S,V,L,E,R,Q,V,R,I,E,G,K,V,E,P,L,S,R,E,E,S,E,M,Y,W,R,T,R,E,R,G,S,Q,I,G,A,W,A,S,W,Q,S,K,V,L,D,G,R,A,L,L,E,K,R,V,Q,E,M,E,A,R,F,A,D,T,K,D,I,P,L,P,P,F,W,G,G,V,R,L,I,P,E,S,V,E,F,W,Q,G,R,R,S,R,L,H,D,R,F,R,Y,V,R,I,H,G,T,D,K,W,R,I,E,R,L,S,P
-,-,L,I,E,A,E,V,A,D,H,P,F,A,Q,F,H,I,W,L,Q,Q,A,-,-,A,E,L,-,P,E,P,N,A,M,T,L,S,T,L,S,-,E,E,G,H,P,V,G,R,M,V,L,L,K,G,L,D,E,R,G,F,V,F,Y,T,N,Y,-,D,S,A,K,G,Q,Q,L,T,A,H,P,W,A,G,L,V,F,W,W,A,A,L,E,R,Q,V,R,V,D,G,Q,V,E,K,I,D,P,A,E,S,D,A,Y,F,Q,S,R,P,R,G,S,Q,L,G,A,W,A,S,P,Q,S,R,I,V,G,D,R,Q,E,L,E,D,N,L,A,R,W,E,K,Q,Y,-,E,N,Q,S,I,P,R,P,P,H,W,G,G,F,R,V,I,P,H,R,I,E,F,W,Q,G,R,P,S,R,L,H,D,R,L,Q,F,-,-,N,L,L,D,G,Q,W,H,R,Q,R,L,A,P
-,-,L,S,E,S,A,S,D,P,N,P,L,Q,Q,F,D,Q,W,L,Q,E,A,V,S,A,Q,V,-,P,E,P,N,A,M,T,V,A,T,V,S,-,E,D,-,R,P,S,T,R,I,V,L,I,K,G,Y,D,E,R,G,I,V,W,Y,T,N,Y,-,D,S,R,K,G,R,Q,L,A,G,N,P,F,A,A,L,Q,F,H,W,V,E,L,E,R,V,V,R,I,E,G,R,V,E,K,V,S,A,E,E,S,D,A,Y,F,A,S,R,P,L,D,S,R,I,G,A,W,A,S,P,Q,S,Q,V,I,S,G,R,S,V,L,V,A,N,A,A,K,Y,S,A,Q,F,-,L,L,N,P,-,P,R,P,A,H,W,G,G,F,R,L,V,P,E,R,W,E,F,W,Q,G,R,K,S,R,L,H,D,R,L,S,Y,-,-,R,Q,E,G,Q,Q,W,I,R,E,R,L,A,P
-,-,L,S,E,S,A,S,L,A,D,P,L,Q,Q,F,D,Q,W,L,Q,E,A,L,S,A,Q,V,-,P,E,P,N,A,M,T,L,A,T,V,G,-,G,D,L,R,P,S,T,R,I,V,L,I,K,G,Y,D,E,R,G,L,V,W,Y,T,N,Y,-,D,S,R,K,G,Q,Q,L,A,G,N,P,F,A,A,L,Q,F,H,W,V,E,L,E,R,V,V,R,I,E,G,R,V,E,K,V,S,D,A,E,S,D,A,Y,F,N,S,R,P,L,D,S,R,I,G,A,W,A,S,P,Q,S,Q,V,I,S,G,R,S,V,L,V,A,N,A,A,K,Y,G,A,Q,F,-,L,L,N,P,-,P,R,P,P,H,W,G,G,F,R,L,V,P,E,R,W,E,F,W,Q,G,R,K,S,R,L,H,D,R,L,C,Y,-,-,Q,L,E,A,G,T,W,L,R,Q,R,L,A,P
-,S,L,D,I,S,D,V,D,P,N,P,F,G,Q,F,D,R,W,F,K,Q,A,I,D,A,Q,L,-,P,E,P,N,T,M,T,L,A,T,A,D,-,A,R,G,R,P,S,A,R,I,V,L,I,K,G,V,D,E,R,G,F,V,F,F,T,N,Y,-,E,S,R,K,G,Q,E,L,A,Q,N,P,H,A,S,L,L,F,Y,W,I,E,L,E,R,Q,V,R,I,E,G,T,V,V,K,T,S,P,E,E,S,D,A,Y,F,A,S,R,P,V,G,S,R,I,G,A,W,A,S,E,Q,S,K,V,I,E,S,R,A,A,L,E,A,R,E,R,E,F,S,A,Q,Y,-,G,E,N,P,-,P,R,P,P,H,W,G,G,Y,R,L,I,P,D,A,I,E,F,W,Q,G,R,P,S,R,L,H,D,R,L,L,Y,T,H,S,G,G,A,-,G,W,T,I,T,R,L,S,P
-,S,L,D,A,A,D,V,N,P,N,P,F,V,Q,F,D,V,W,F,K,E,A,L,D,A,Q,L,-,P,E,P,N,T,M,T,L,A,T,V,D,-,E,S,G,R,P,S,A,R,I,V,L,I,K,G,A,D,E,R,G,F,V,F,F,T,N,Y,-,E,S,R,K,G,R,E,L,A,H,N,P,N,A,A,L,L,F,Y,W,I,E,L,E,R,Q,V,R,V,E,G,R,I,E,K,T,S,E,E,E,S,D,R,Y,F,A,S,R,P,L,G,S,R,I,G,A,W,A,S,E,Q,S,A,V,I,E,S,R,A,L,L,E,A,R,E,K,E,I,G,A,R,F,-,G,E,N,P,-,P,R,P,P,H,W,G,G,Y,R,L,V,P,S,S,I,E,F,W,Q,G,R,P,S,R,L,H,D,R,L,L,Y,T,R,D,A,S,A,S,G,W,K,I,T,R,L,A,P
-,S,L,N,E,S,D,V,A,G,D,P,I,A,Q,F,K,R,W,F,D,E,A,V,T,A,K,L,-,P,E,P,N,A,M,T,L,A,T,V,G,-,A,D,G,Q,P,S,A,R,I,V,L,L,K,G,M,D,E,K,G,F,T,F,F,T,N,Y,-,E,S,R,K,G,L,D,M,A,A,N,P,R,A,A,L,L,F,H,W,V,Q,L,E,R,Q,V,R,V,E,G,R,V,E,K,V,A,D,D,E,S,D,A,Y,Y,A,S,R,P,L,G,S,R,L,G,A,W,A,S,E,Q,S,R,E,V,P,G,R,D,V,L,E,Q,R,E,S,E,Y,R,A,K,F,-,G,E,N,P,-,P,R,P,A,H,W,G,G,Y,R,L,V,P,T,A,L,E,F,W,Q,G,R,P,S,R,L,H,D,R,I,A,Y,-,R,V,E,A,D,G,S,W,K,I,V,R,L,S,P
-,-,L,A,E,T,D,V,D,S,N,P,I,Q,Q,F,K,K,W,F,T,E,A,L,D,A,Q,L,-,F,E,P,N,V,M,T,L,A,T,A,N,-,A,A,G,K,P,S,A,R,I,V,L,L,K,G,F,D,E,N,G,F,V,F,F,T,N,Y,-,E,S,H,K,G,K,E,L,A,V,N,P,Y,A,S,M,V,F,F,W,P,E,L,E,R,Q,V,C,I,E,G,S,V,T,K,V,S,E,E,E,S,T,A,Y,F,H,S,R,P,V,G,S,Q,I,G,A,S,A,S,M,Q,S,S,K,I,G,S,R,E,V,L,E,T,K,V,E,L,L,S,E,T,Y,-,K,D,Q,E,V,P,R,P,E,Y,W,G,G,Y,L,L,T,P,T,S,V,E,F,W,Q,G,R,P,S,R,L,H,D,R,I,A,Y,-,-,E,F,T,N,G,S,W,I,I,N,R,L,A,P
-,-,L,S,E,K,E,I,N,P,N,P,F,I,Q,F,K,F,W,F,D,Q,A,L,E,A,Q,L,-,T,E,P,N,A,M,T,L,A,T,S,T,-,P,D,G,K,P,S,G,R,M,V,L,L,K,N,F,D,D,R,G,F,V,L,F,T,N,Y,-,N,S,H,K,G,Q,E,L,A,E,N,P,H,A,A,L,V,F,W,W,A,E,L,E,R,Q,V,R,I,V,G,T,V,E,K,I,S,T,E,E,S,D,G,Y,F,E,M,R,P,P,H,S,R,L,G,A,W,A,S,N,Q,S,E,V,I,A,G,R,E,V,L,E,R,Q,W,Q,E,F,Q,R,K,Y,-,Q,N,Q,E,V,P,R,P,P,Y,W,G,G,F,R,V,I,P,Q,E,I,E,F,W,Q,G,R,S,S,R,L,H,D,R,L,L,Y,-,I,R,L,D,Y,G,G,W,Q,I,E,R,L,S,P
-,-,L,H,E,D,D,V,S,D,D,P,M,V,Q,F,A,T,W,F,Q,Q,A,T,E,T,N,E,I,R,E,P,N,A,M,V,L,S,S,V,G,-,P,D,G,K,P,S,S,R,V,V,L,L,K,D,F,S,D,A,G,L,T,F,F,T,N,Y,-,A,S,Q,K,G,L,E,L,T,G,T,Q,Y,A,A,L,V,F,W,W,E,P,L,E,R,Q,V,R,I,E,G,T,V,E,K,L,P,P,E,R,S,D,E,Y,F,A,S,R,P,R,K,S,Q,I,G,A,W,A,S,A,Q,S,Q,A,I,A,N,R,E,V,L,E,Q,R,F,K,D,L,E,A,E,Y,-,A,D,K,D,I,P,R,P,D,H,W,G,G,F,L,V,K,P,E,K,I,E,F,W,Q,G,R,P,S,R,L,H,D,R,L,V,F,T,L,Q,G,D,L,T,-,W,Q,R,Q,R,L,A,P
-,S,L,H,R,E,D,L,V,N,D,P,L,L,L,F,N,E,W,F,R,D,A,V,Q,N,Q,D,I,K,A,P,E,S,T,T,L,S,T,A,R,L,P,S,G,R,V,S,S,R,L,V,L,L,K,E,L,D,H,R,G,F,V,V,F,T,N,L,G,T,S,K,K,A,K,D,L,K,T,N,P,H,A,S,L,S,F,W,W,E,P,L,Q,R,Q,V,R,V,E,G,A,I,E,Y,L,T,R,E,E,S,N,E,Y,F,Q,T,R,P,R,G,S,R,I,G,A,W,A,S,P,Q,S,D,V,I,K,D,R,K,E,L,E,D,R,V,A,E,Y,T,K,K,F,G,E,D,E,P,V,P,V,P,E,F,W,G,G,I,R,I,V,P,L,E,I,E,F,W,Q,G,G,K,F,R,L,H,D,R,F,S,F,R,R,E,S,I,D,K,E,Y,E,L,V,R,L,A,P
-,-,L,H,E,K,D,L,A,R,D,P,F,R,Q,F,D,K,W,F,Q,E,A,Q,A,A,K,L,-,P,E,P,N,A,M,T,L,S,T,S,T,-,P,D,G,R,P,S,S,R,I,V,L,L,K,G,V,D,G,R,G,F,V,F,F,G,N,Y,-,E,S,R,K,G,R,E,L,A,A,N,P,R,A,S,L,L,F,P,W,F,P,F,E,R,Q,V,I,V,E,G,V,V,A,R,I,S,Q,E,E,N,A,A,Y,F,H,S,R,P,R,A,S,Q,I,G,T,W,A,S,P,Q,S,T,V,I,P,D,R,R,T,L,E,A,S,F,K,A,M,E,T,K,Y,-,A,E,D,E,V,P,L,P,P,H,W,G,G,W,R,L,T,P,Q,T,V,E,F,W,Q,G,R,R,S,R,L,H,D,R,L,R,Y,R,R,I,-,E,G,G,E,W,I,V,E,R,L,A,-
-,-,-,-,-,-,-,-,D,A,D,P,I,D,L,F,H,Q,W,F,E,A,A,T,E,S,D,I,L,L,-,P,E,S,V,A,L,A,T,A,D,-,A,E,G,R,P,S,V,R,M,V,L,M,K,N,V,D,K,H,G,F,V,F,F,T,N,Y,-,S,S,R,K,A,T,E,L,E,A,N,P,H,A,A,L,C,F,H,W,A,V,Q,E,R,Q,V,R,V,T,G,A,V,T,R,I,S,Q,K,E,S,D,A,Y,F,Q,S,R,G,R,G,S,R,V,G,A,W,A,S,K,Q,S,Q,P,L,L,A,R,S,R,L,E,Q,R,T,L,E,A,R,D,R,F,-,A,N,T,D,V,P,L,P,P,F,W,G,G,Y,R,I,D,P,E,T,I,E,F,W,Q,G,R,A,D,R,L,H,D,R,L,V,F,S,R,V,T,D,G,-,-,W,A,T,K,R,L,Y,P
-,-,L,K,R,T,D,L,P,D,D,P,I,R,Q,F,H,A,W,F,D,E,A,S,Q,G,S,G,V,P,H,P,E,S,C,T,L,S,T,A,Q,L,P,S,G,R,V,S,A,R,M,V,Y,M,K,E,L,D,A,R,G,F,V,I,Y,S,N,F,D,T,S,G,K,A,R,D,L,T,G,N,P,W,A,S,L,V,F,W,W,E,P,L,E,R,Q,I,R,V,E,G,R,V,E,R,L,P,P,A,E,S,Q,A,Y,F,D,T,R,V,R,G,S,R,I,G,A,W,S,S,R,Q,S,A,V,L,D,G,R,T,M,L,D,N,W,V,K,E,T,E,A,K,F,E,G,A,D,H,I,P,V,P,E,F,W,G,G,L,R,I,V,P,E,R,V,E,F,W,Q,G,R,Q,S,R,L,H,D,R,F,V,Y,D,R,T,K,G,G,D,K,W,T,L,E,R,L,S,P
-,-,L,C,E,A,E,A,P,L,E,P,F,S,L,F,H,Q,W,F,A,E,A,M,K,T,E,Q,-,-,E,P,N,A,M,S,L,A,T,V,D,-,G,N,G,R,P,H,C,R,V,L,L,L,K,G,V,D,E,R,G,F,T,F,F,S,N,Y,-,E,S,A,K,G,Q,Q,L,R,A,R,P,F,A,A,M,T,F,F,W,P,T,L,E,R,Q,V,R,I,E,G,E,V,E,K,V,S,S,Q,E,S,D,A,Y,F,Q,V,R,P,L,G,S,R,L,G,A,W,A,S,P,Q,S,R,V,I,R,D,R,T,E,L,E,E,L,L,A,L,T,E,K,R,F,-,L,D,Q,A,P,H,C,P,G,H,W,G,G,Y,R,L,L,P,D,R,I,E,F,W,Q,G,R,A,S,R,L,H,D,R,L,N,Y,-,-,R,L,E,K,G,G,W,V,R,E,R,L,A,P
-,-,-,-,-,-,-,-,P,T,N,P,L,H,Q,F,H,T,W,F,R,D,A,-,R,L,A,P,S,S,A,P,E,T,C,T,L,A,T,A,S,M,P,S,G,R,V,S,A,R,I,V,Y,L,K,E,L,D,E,R,G,W,V,V,Y,S,N,W,G,S,A,G,K,G,G,Q,L,E,G,N,R,W,A,A,L,T,F,N,W,P,S,V,E,R,Q,V,R,V,E,G,L,I,E,M,L,S,R,E,E,S,E,T,Y,W,R,V,R,E,R,G,S,Q,I,G,A,W,A,S,Q,Q,S,K,V,L,D,G,R,S,V,L,E,N,R,V,K,E,M,E,K,R,F,A,D,T,E,E,I,P,L,P,P,F,W,G,G,V,R,L,V,P,E,S,V,E,F,W,Q,G,R,K,S,R,L,H,D,R,F,R,Y,V,R,V,H,G,E,N,E,W,R,I,Q,R,L,S,P
