0.802325581395,0.482587064677,0.233830845771,0.456953642384,0.483443708609,0.100418410042,0.134615384615,0.383720930233,0.339622641509,0.326359832636,0.446428571429,0.0729927007299,0.0,0.397321428571,0.389743589744,0.0,0.0149253731343,0.209302325581,0.0,0.0,0.478102189781,0.540178571429,0.173076923077,0.295620437956,0.0192307692308,0.0,0.0,0.00574712643678,0.0497512437811,0.512953367876,0.487179487179,0.294642857143,0.00961538461538,0.0155440414508,0.0,0.0,0.0167364016736,0.0,0.0,0.357142857143,0.261627906977,0.0,0.273255813953,0.281609195402,0.638392857143,0.161434977578,0.0045871559633,0.271317829457,0.0696517412935,0.00581395348837,0.263959390863,0.532846715328,0.22966507177,0.0769230769231,0.278145695364,0.163461538462,0.401015228426,0.0229885057471,0.0253164556962,0.00995024875622,0.0,0.010152284264,0.186046511628,0.303571428571,0.59067357513,0.14598540146,0.149635036496,0.476793248945,0.349775784753,0.00497512437811,0.569948186528,0.00497512437811,0.421383647799,0.229357798165,0.435779816514,0.655172413793,1.10714285714,0.471153846154,0.397489539749,0.0,0.224137931034,0.093023255814,0.0,0.09375,0.0232558139535,0.217054263566,0.732142857143,0.625,0.201149425287,0.691860465116,0.552325581395,0.0,0.316091954023,0.370860927152,0.147286821705,0.325581395349,0.0725388601036,0.0875912408759,0.00507614213198,0.255813953488,0.0,0.0114942528736,0.408759124088,0.201550387597,0.0077519379845,0.0507614213198,0.279069767442,0.715025906736,0.567307692308,0.031007751938,0.544303797468,0.314465408805,0.602649006623,0.326424870466,0.0149253731343,0.466666666667,0.306569343066,0.685534591195,0.115384615385,0.354066985646,0.0172413793103,0.192468619247,0.0062893081761,0.0597014925373,0.167883211679,0.0697674418605,0.385650224215,0.666666666667,0.413461538462,0.0480769230769,0.0344827586207,0.412935323383,0.46511627907,0.412408759124,0.394230769231,0.105769230769,0.0956937799043,0.0755813953488,0.0133928571429,0.0,0.0,0.0710659898477,0.0725388601036,0.00497512437811,0.0,0.436046511628,0.323383084577,0.0542635658915,0.644230769231,0.163179916318,0.253164556962,0.333333333333,0.0542635658915,0.0,0.00574712643678,0.0298507462687,0.0,0.183035714286,0.0398009950249,0.156976744186,0.179487179487,0.80310880829,0.611398963731,0.519230769231,0.267441860465,0.344036697248,0.0077519379845,0.452554744526,0.271317829457,0.477987421384,0.254464285714,0.0,0.0507614213198,0.526785714286,0.0753138075314,0.0,0.471794871795,0.548523206751,0.296650717703,0.569230769231,0.0366972477064,0.062015503876,0.00497512437811,0.00574712643678,0.116279069767,0.0253807106599,0.700892857143,0.0362694300518,0.00995024875622,0.183908045977,0.286821705426,0.0798479087452,0.251824817518,0.600896860987,0.503875968992,0.684210526316
-,-,-,-,-,-,-,-,-,-,-,K,I,E,E,L,I,E,D,L,R,Q,G,K,M,V,I,L,V,D,N,E,G,D,L,V,V,A,A,E,F,I,S,P,E,H,I,N,F,M,A,K,F,G,R,G,L,V,C,L,T,L,T,E,E,K,C,K,K,L,K,L,P,L,M,V,E,N,F,T,V,S,I,D,A,A,T,G,I,T,T,G,I,S,A,S,D,R,S,N,T,I,K,A,A,I,N,K,S,S,D,H,K,S,I,V,R,P,G,H,I,F,P,L,T,A,H,P,G,G,V,L,Y,R,A,G,H,T,E,A,G,C,D,L,S,S,L,A,G,L,D,P,S,S,V,I,C,E,I,L,N,D,D,G,N,M,A,R,M,P,D,L,I,S,F,A,K,T,H,D,I,K,I,G,S,I,A,D,L,I,E,F,R,-,-,-
-,-,-,-,-,-,-,-,-,-,-,-,I,E,E,A,I,E,D,I,K,Q,G,K,M,V,I,V,V,D,N,E,G,D,L,V,M,A,A,E,K,V,T,P,E,S,I,N,F,M,I,R,F,A,R,G,L,V,C,V,P,M,E,E,E,R,L,R,E,L,D,L,P,M,M,V,T,G,F,T,L,S,V,D,H,R,-,D,T,T,T,G,I,S,A,R,E,R,A,L,T,V,K,E,L,V,S,D,N,S,K,H,T,D,F,R,R,P,G,H,I,F,P,L,R,A,R,P,G,G,V,L,R,R,A,G,H,T,E,A,A,V,D,L,A,R,L,A,G,L,K,P,A,G,V,I,C,E,I,I,K,E,D,G,T,M,A,R,L,P,D,L,E,E,F,S,K,K,H,G,L,K,I,V,T,I,E,D,L,I,K,Y,R,K,S,-
-,-,-,-,-,-,-,-,-,-,-,-,I,E,E,I,I,D,E,A,R,N,G,R,M,F,I,L,V,D,N,E,G,D,L,I,I,P,A,Q,M,A,T,P,D,A,I,N,F,M,A,R,Y,G,R,G,L,I,C,L,S,M,T,Q,E,R,I,D,Q,L,G,L,P,L,M,S,R,N,F,T,V,S,I,E,A,K,D,G,V,T,T,G,I,S,A,A,D,R,A,R,T,V,A,V,A,I,D,A,A,K,G,A,-,E,I,V,T,P,G,H,V,F,P,L,V,A,K,P,G,G,V,L,V,R,A,G,H,T,E,A,A,V,D,V,A,R,L,A,G,L,N,P,S,G,V,I,C,E,I,M,N,D,D,G,T,M,A,R,M,D,S,L,V,E,F,A,R,T,H,K,L,K,I,G,T,I,R,D,L,I,A,Y,R,R,K,H
-,-,-,-,-,-,-,-,P,I,V,S,V,P,D,A,I,Q,E,I,R,A,G,R,I,I,V,V,V,D,N,E,G,D,L,T,I,A,A,E,K,V,T,P,E,I,I,N,F,M,A,V,Q,G,R,G,L,I,C,L,A,L,T,A,E,R,C,D,Y,L,R,L,P,L,M,S,P,A,F,T,E,S,I,D,A,L,H,G,V,T,T,G,I,S,A,A,D,R,T,R,T,I,L,Q,A,I,D,P,D,C,R,P,S,D,L,A,R,P,G,H,M,F,P,L,R,A,R,E,G,G,V,L,V,R,A,G,Q,T,E,A,S,V,D,L,A,R,L,A,G,L,T,P,A,G,V,I,C,E,I,M,N,D,D,G,T,M,A,R,V,P,Q,L,I,E,F,C,K,R,H,D,M,K,M,L,S,V,A,E,L,I,R,Y,R,-,-,-
-,-,-,-,-,-,-,-,-,-,-,-,I,E,E,A,I,L,T,L,K,Q,G,K,G,V,L,V,V,D,N,E,V,D,F,I,F,S,A,E,H,L,T,T,A,Q,M,A,L,M,I,R,E,G,S,G,I,V,C,L,C,L,E,T,S,R,C,E,T,L,D,I,P,Q,M,V,T,A,Y,T,V,S,I,E,A,H,E,G,V,T,T,G,V,S,A,L,D,R,V,T,T,I,K,A,A,I,N,P,K,A,T,P,Q,S,L,S,R,P,G,H,V,F,P,L,Q,A,V,E,G,G,V,L,K,R,R,G,H,T,E,A,S,I,D,L,M,K,L,A,Q,L,N,P,A,G,V,I,C,E,L,T,N,P,D,G,T,M,V,R,L,T,Q,A,L,R,Y,A,A,E,N,D,F,P,V,I,S,I,E,D,L,V,I,H,-,-,-,-
-,-,-,-,-,I,G,E,G,F,A,T,I,E,E,A,V,D,A,I,K,A,G,K,F,V,L,V,V,D,N,E,G,D,L,I,M,A,G,S,L,V,T,P,Q,A,M,A,F,L,V,R,Y,S,T,G,I,V,C,V,S,M,K,G,E,D,L,D,R,L,G,L,P,L,M,V,T,A,F,T,W,T,V,D,A,K,H,G,T,T,T,G,V,S,A,S,D,R,C,Q,T,I,R,A,L,A,S,P,D,S,T,R,G,D,F,V,A,P,G,H,I,F,P,L,R,C,R,E,G,G,V,L,T,R,R,G,H,T,E,A,A,L,D,L,A,V,L,A,G,L,P,P,A,G,V,L,C,E,V,V,N,D,D,G,S,M,A,R,L,P,Y,L,K,K,F,A,K,E,H,G,I,L,L,I,S,I,D,E,L,V,K,Y,K,E,-,-
-,-,-,-,-,-,-,-,P,C,S,T,I,P,E,A,L,E,D,I,R,Q,G,K,M,V,I,L,V,D,N,E,G,D,L,C,M,A,A,E,M,V,T,P,E,A,I,N,F,M,A,K,Y,G,R,G,L,I,C,L,S,L,V,P,E,M,V,D,R,L,R,L,P,M,M,V,S,A,F,T,V,S,I,E,A,R,K,G,V,T,T,G,I,S,A,A,D,R,C,H,T,I,L,T,A,I,A,D,D,V,R,P,D,D,I,V,S,P,G,H,V,F,P,L,R,A,K,K,G,G,V,L,V,R,T,G,Q,T,E,G,S,V,D,L,A,R,L,A,G,M,R,P,A,G,V,I,C,E,V,M,K,D,D,G,T,M,A,R,M,P,D,L,E,V,F,A,R,E,H,D,V,K,I,V,T,V,A,D,V,I,R,Y,R,M,A,N
-,-,-,-,-,-,-,-,-,L,D,N,I,E,A,A,L,E,D,I,R,Q,G,R,M,V,I,L,V,D,N,E,G,D,L,T,M,A,A,E,M,V,T,P,E,A,I,N,F,M,A,K,E,G,R,G,L,I,C,L,S,L,T,E,E,R,A,D,H,L,Q,L,P,L,M,V,S,A,F,T,V,S,I,E,A,R,K,G,V,T,T,G,I,S,A,K,D,R,A,T,T,I,Q,V,A,I,A,D,E,S,K,A,H,D,L,A,R,P,G,H,V,F,P,L,R,A,K,K,G,G,V,L,V,R,A,G,Q,T,E,G,S,V,D,L,A,R,L,A,G,L,K,S,A,G,V,I,C,E,I,M,N,D,D,G,T,M,A,R,M,P,E,L,E,K,F,A,E,K,H,N,L,R,I,V,T,V,A,D,L,V,S,Y,R,-,-,-
-,-,-,-,-,-,-,-,-,-,-,-,I,E,E,I,I,D,E,A,R,N,G,R,M,Y,I,L,V,D,N,E,G,D,L,I,I,P,A,Q,M,A,T,P,A,A,I,N,F,M,A,T,H,G,R,G,L,I,C,L,A,L,D,K,G,R,V,D,Q,L,G,L,P,M,M,Q,T,A,F,T,V,S,I,E,A,K,K,G,V,T,T,G,I,S,A,A,D,R,A,R,T,V,S,V,A,I,D,A,T,K,G,A,D,D,I,V,T,P,G,H,V,F,P,L,M,A,R,D,G,G,T,L,V,R,A,G,H,T,E,A,A,V,D,I,S,R,L,A,G,L,N,P,S,G,V,I,C,E,I,M,N,E,D,G,S,M,A,R,L,D,D,L,V,D,F,A,R,K,H,S,L,K,I,G,T,I,R,D,L,I,A,Y,R,-,-,-
S,L,L,S,S,F,G,T,S,E,E,R,V,I,K,A,I,E,A,F,K,Q,G,N,G,V,L,V,L,D,N,E,G,D,L,I,F,P,A,E,T,I,T,P,E,Q,M,A,I,L,I,R,Y,G,S,G,I,T,C,L,C,I,T,D,E,L,C,K,Q,L,D,L,P,P,M,V,Q,A,F,T,V,T,I,E,A,A,S,G,V,S,T,G,V,S,A,S,D,R,V,T,T,I,K,A,A,I,S,V,G,A,K,P,E,D,L,H,R,P,G,H,V,F,P,L,C,A,V,E,G,G,V,L,A,R,G,G,H,T,E,A,A,V,D,L,A,R,L,S,G,Y,R,E,A,G,V,I,C,E,I,T,N,D,D,G,T,M,A,R,T,P,E,L,V,E,F,V,K,K,F,G,Y,A,I,V,T,I,E,D,I,I,G,Y,R,K,K,Y
-,-,M,S,E,T,D,L,T,L,D,K,V,E,D,A,I,A,A,I,R,N,G,E,L,V,V,V,V,D,N,E,G,D,L,I,M,A,A,S,K,A,T,P,E,N,M,A,F,M,I,R,Y,T,S,G,I,I,C,V,P,M,T,G,E,R,S,E,K,L,N,L,P,P,M,V,T,A,F,T,V,S,V,D,Y,K,H,G,M,T,T,G,I,S,A,D,E,R,C,N,T,A,R,A,L,A,N,D,N,A,A,G,S,D,F,L,R,P,G,H,M,F,P,L,I,A,R,D,G,G,V,L,I,R,S,G,H,T,E,A,G,T,D,L,A,R,L,A,G,L,P,E,V,G,V,L,A,E,V,V,N,D,D,G,T,V,M,R,L,P,E,L,V,P,F,A,R,A,H,G,L,K,I,V,S,I,E,D,M,I,A,W,R,-,-,-
-,-,-,-,-,-,-,-,-,F,D,T,I,D,D,A,L,A,D,L,K,A,G,R,A,I,V,V,V,D,N,E,G,D,I,I,C,A,A,Q,F,A,T,P,D,M,I,N,F,M,A,V,E,A,R,G,L,I,C,L,A,M,T,G,E,R,L,D,A,L,D,L,P,L,M,V,T,A,F,T,V,S,I,D,A,A,R,G,V,T,T,G,I,S,A,E,D,R,A,K,T,I,Q,V,T,I,N,P,A,T,R,P,E,D,L,N,R,P,G,H,V,F,P,L,R,A,R,E,G,G,V,L,K,R,A,G,H,T,E,A,A,I,D,L,A,R,L,A,G,L,Y,P,A,G,V,I,C,E,I,Q,N,P,D,G,S,M,A,R,L,P,Q,L,F,E,Y,A,R,K,Y,N,L,K,L,I,S,I,A,D,L,I,S,Y,R,L,K,H
-,-,-,-,-,-,-,-,-,-,-,-,I,E,D,I,I,R,E,A,V,E,G,R,P,F,I,L,V,D,N,E,G,D,I,I,I,P,A,Q,F,A,T,P,A,Q,I,S,F,M,A,C,H,A,R,G,L,I,C,L,A,I,T,Q,E,R,S,S,Q,L,Q,L,R,P,M,A,P,A,F,T,V,S,I,E,A,K,E,G,V,T,T,G,I,S,A,H,D,R,A,R,T,I,A,V,A,V,D,P,T,K,G,V,D,D,L,V,T,P,G,H,V,F,P,L,T,A,R,D,G,G,V,L,V,R,A,G,H,T,E,A,A,V,D,I,S,R,L,G,G,L,T,P,A,G,V,I,C,E,V,M,N,D,D,G,T,M,A,R,L,P,D,L,K,I,F,A,A,K,H,G,L,K,I,G,T,I,A,D,L,I,A,Y,R,R,S,-
-,-,-,-,-,-,-,-,-,-,-,K,I,E,D,A,I,E,A,I,S,R,G,E,M,V,I,V,V,D,N,E,G,D,I,I,A,A,S,D,S,I,T,P,Q,Q,I,A,F,M,M,N,H,A,R,G,L,V,C,V,A,M,P,G,E,R,L,D,A,L,D,I,P,L,M,V,S,A,F,T,V,S,V,D,Y,I,P,G,T,T,T,G,I,S,A,A,D,R,A,K,T,V,R,A,L,V,S,E,G,S,R,P,E,D,F,A,R,P,G,H,I,F,P,L,R,A,N,P,E,G,V,L,G,R,T,G,H,T,E,A,A,V,D,L,C,R,L,A,G,K,F,P,S,G,T,I,C,E,V,A,N,D,D,G,T,M,A,R,L,P,Q,L,E,I,F,A,E,R,H,G,L,L,V,V,T,I,K,D,L,V,S,Y,-,-,-,-
S,L,T,S,K,F,G,S,P,I,E,R,V,E,Q,A,I,K,S,V,Q,Q,G,N,G,V,L,L,L,D,N,E,G,D,L,I,Y,S,V,D,H,L,T,S,E,Q,M,A,L,M,I,R,S,C,S,G,I,V,C,L,C,L,T,E,D,K,A,D,Y,L,E,L,S,P,M,V,E,A,F,T,I,S,I,E,A,K,K,G,V,T,T,G,V,S,A,T,D,R,V,T,T,I,K,T,A,C,K,N,G,A,L,P,H,E,L,A,K,P,G,H,V,F,P,L,R,A,K,D,G,G,V,L,T,R,R,G,H,T,E,G,T,V,D,L,M,R,L,A,E,L,T,P,A,G,V,L,C,E,V,T,N,S,D,G,S,M,A,K,T,P,E,I,I,I,F,A,E,Q,H,H,L,P,V,L,T,V,N,D,I,A,L,Y,R,K,-,-
-,L,V,S,E,Y,H,D,Y,L,S,S,I,E,D,I,I,E,E,A,R,Q,G,R,M,F,I,L,V,D,N,E,G,D,L,V,I,P,A,E,M,A,N,A,D,A,I,N,F,M,A,R,F,G,R,G,L,I,C,L,S,L,T,R,G,R,C,E,H,L,G,L,P,M,M,E,T,A,F,T,V,S,I,E,A,R,E,G,V,T,T,G,I,S,A,A,D,R,A,T,T,I,K,A,A,I,D,V,D,K,N,R,Y,D,I,V,S,P,G,H,V,F,P,L,M,A,R,E,G,G,V,L,V,R,A,G,H,T,E,A,A,V,D,I,S,R,L,A,G,L,N,P,S,G,V,I,C,E,I,M,N,D,D,G,T,M,A,R,M,P,D,L,V,T,F,A,Q,H,H,G,L,K,I,A,T,I,A,D,L,I,A,Y,R,R,-,-
-,-,-,-,-,-,-,T,G,F,H,S,V,P,E,I,L,D,E,L,R,A,G,R,A,V,V,V,V,D,N,E,G,D,L,I,C,A,A,Q,F,A,S,P,E,M,I,N,F,M,A,T,H,A,R,G,L,I,C,L,A,M,T,A,E,R,L,D,Q,L,Q,L,P,L,M,V,S,A,F,T,V,S,I,D,A,G,P,G,V,S,T,G,I,S,A,A,D,R,A,K,T,I,Q,A,A,I,D,S,R,T,R,A,G,D,L,T,R,P,G,H,I,F,P,I,R,A,R,E,G,G,V,L,K,R,A,G,H,T,E,A,A,V,D,L,A,R,M,A,G,L,Y,P,A,G,V,I,C,E,I,Q,N,P,D,G,S,M,S,R,L,P,E,L,L,Q,Y,A,R,T,F,N,L,K,I,V,T,I,A,E,I,I,A,Y,R,-,-,-
-,-,-,-,-,-,-,-,P,F,D,T,I,E,D,A,L,A,T,I,R,D,G,G,L,A,I,V,V,D,N,E,G,D,F,I,G,A,A,E,A,M,T,P,D,L,V,N,F,M,T,K,E,G,R,G,L,L,C,T,A,I,P,P,E,R,A,E,E,L,D,L,D,L,M,V,D,A,F,T,V,S,V,D,Y,R,Q,G,T,S,T,G,I,S,A,A,D,R,A,K,T,I,R,A,L,A,D,P,D,A,S,P,Y,D,F,A,R,P,G,H,V,F,P,L,R,A,R,T,G,G,V,L,R,R,A,G,H,T,E,A,A,V,D,L,A,R,L,A,G,L,E,P,A,G,A,L,V,E,I,M,N,E,D,G,S,M,A,R,V,P,Q,L,R,E,R,A,Q,A,L,D,M,P,L,I,T,I,Q,D,L,I,A,Y,R,-,-,-
-,-,-,-,-,-,-,-,A,L,S,S,T,K,E,I,I,E,D,I,R,Q,G,K,M,V,I,L,M,D,N,E,G,D,I,L,I,A,A,E,K,I,T,P,E,I,V,N,F,M,A,M,H,G,R,G,L,I,C,L,T,L,T,R,D,R,C,E,Q,L,K,L,P,L,M,V,T,N,F,T,V,S,I,E,A,A,D,G,I,E,T,G,I,S,A,Y,D,R,A,M,T,I,K,A,A,T,A,P,K,A,I,P,S,D,I,V,S,P,G,H,I,F,P,V,M,A,K,D,G,G,V,L,V,R,A,G,H,T,E,A,G,C,D,L,A,R,L,A,G,L,E,P,A,C,A,I,V,E,I,L,N,E,D,G,T,M,A,R,R,P,Q,L,E,I,F,A,Q,E,H,G,I,K,L,G,T,I,A,D,L,I,E,Y,R,I,A,N
-,-,-,-,-,-,-,T,P,F,S,S,I,P,E,A,I,E,D,I,R,Q,G,K,L,V,V,V,V,D,N,E,G,D,L,V,M,A,A,Q,L,A,T,P,E,A,M,A,F,I,V,R,H,G,T,G,I,V,C,V,S,M,K,E,D,D,L,E,R,L,H,L,P,L,M,V,N,A,F,T,V,T,V,D,A,K,H,G,T,T,T,G,V,S,A,R,D,R,A,T,T,I,L,S,L,A,S,R,D,S,K,P,E,D,F,N,R,P,G,H,I,F,P,L,K,Y,R,E,G,G,V,L,K,R,A,G,H,T,E,A,S,V,D,L,T,V,L,A,G,L,D,P,V,G,V,L,C,E,I,V,D,D,D,G,S,M,A,R,L,P,K,L,R,E,F,A,A,E,N,N,L,K,V,V,S,I,A,D,L,I,R,Y,R,R,-,-
-,-,-,-,-,-,-,-,-,F,V,P,V,E,K,A,I,A,D,I,A,E,G,K,F,V,I,V,V,D,N,E,G,D,L,I,I,A,G,E,K,M,T,V,E,K,M,T,F,L,L,K,Y,T,T,G,I,I,C,A,S,L,D,S,E,R,I,K,Q,L,D,L,P,P,M,V,K,A,F,T,V,S,V,D,A,A,K,G,I,T,T,G,V,S,A,A,D,R,T,R,V,V,E,L,L,S,D,P,N,S,V,P,G,D,F,V,R,P,G,H,F,F,P,L,M,A,T,P,G,G,V,L,K,R,A,G,H,T,E,A,A,L,D,L,M,R,L,A,N,M,Q,P,C,G,V,L,S,E,L,V,N,E,D,H,T,M,M,R,L,P,Q,I,I,E,F,A,M,Q,H,K,L,S,I,I,S,T,S,D,L,V,A,Y,R,-,-,-
-,-,-,-,-,-,-,-,-,-,-,-,-,-,-,-,-,-,-,L,K,A,G,R,M,V,I,L,V,D,N,E,G,D,L,V,M,A,A,E,H,I,T,P,E,A,I,N,F,M,A,K,F,G,R,G,L,V,C,L,T,L,T,E,A,R,C,K,K,L,G,L,T,Q,M,A,R,A,F,T,V,S,I,E,A,A,E,G,V,T,T,G,I,S,A,A,D,R,A,R,T,I,Q,V,A,V,N,K,A,S,T,A,D,D,I,V,Q,P,G,H,V,F,P,I,T,A,R,E,G,G,V,L,V,R,A,G,H,T,E,A,G,C,D,L,A,G,M,A,G,L,E,P,S,S,V,I,C,E,I,M,N,D,D,G,T,M,A,R,L,P,E,L,I,E,F,A,K,E,H,G,L,K,I,G,T,I,A,D,L,I,H,Y,R,-,-,-
-,-,-,-,-,-,-,-,-,I,S,S,I,Q,E,I,I,A,D,I,K,T,G,R,M,V,I,L,V,D,N,E,G,D,L,V,L,A,A,D,F,I,T,P,A,A,I,N,F,M,A,T,Y,G,R,G,L,I,C,L,T,L,M,E,E,R,C,R,Q,L,N,L,P,L,M,V,T,N,F,T,V,S,I,E,A,A,T,G,V,T,T,G,I,S,A,A,D,R,A,R,T,V,Q,V,A,V,N,R,G,A,K,P,D,D,I,V,Q,P,G,H,I,F,P,L,M,A,Q,N,G,G,V,L,V,R,A,G,H,T,E,A,G,C,D,L,A,H,L,A,G,L,T,P,A,S,V,I,C,E,I,L,N,E,D,G,S,M,A,R,L,P,D,L,V,E,F,A,A,K,H,Q,L,K,I,G,A,I,A,D,L,I,H,Y,R,S,R,-
-,-,-,-,-,-,-,T,Q,L,D,S,I,E,S,A,I,A,A,I,A,E,G,E,L,V,V,V,V,D,N,E,G,D,L,I,M,A,A,S,K,A,T,P,E,K,M,A,F,M,I,R,H,T,S,G,I,I,C,V,P,M,T,A,D,R,A,D,R,L,N,L,P,P,M,V,A,N,F,T,V,S,V,D,Y,K,V,G,M,T,T,G,I,S,A,E,E,R,T,N,T,V,R,A,L,A,N,D,N,C,S,G,T,D,F,L,K,P,G,H,I,F,P,L,I,A,R,D,G,G,V,L,T,R,S,G,H,T,E,A,G,T,D,L,A,R,L,A,G,L,E,P,A,G,V,L,A,E,I,V,N,D,D,G,T,V,K,R,L,P,E,L,L,V,F,A,R,E,H,G,L,K,I,I,S,I,E,D,L,I,S,H,R,-,-,-
-,-,-,-,-,-,-,-,-,L,H,R,I,E,D,A,L,A,A,L,A,R,G,E,M,V,V,V,V,D,N,E,G,D,L,I,L,A,A,E,H,A,T,P,A,S,I,A,F,M,V,R,H,T,S,G,M,L,C,V,G,L,P,G,E,R,L,D,H,L,E,L,P,L,M,V,E,A,Y,T,V,T,V,D,Y,R,H,G,T,T,T,G,I,S,A,A,D,R,A,T,T,I,R,A,L,V,D,P,S,V,E,P,S,D,F,N,R,P,G,H,V,F,P,L,R,A,A,P,G,G,V,L,H,R,T,G,H,T,E,A,S,V,D,L,T,R,L,A,G,L,R,P,G,G,V,L,A,E,V,V,N,D,D,G,T,M,A,R,R,P,Q,L,E,A,F,A,R,E,H,D,L,V,M,V,S,I,A,D,L,V,A,Y,R,R,-,-
-,-,-,-,-,-,-,-,-,F,N,T,V,D,E,I,I,D,D,L,K,Q,G,K,M,V,I,I,V,D,N,E,G,D,L,L,M,A,A,E,H,I,T,P,E,A,I,N,F,M,A,T,H,G,R,G,L,I,C,L,T,L,T,E,Q,R,C,R,Q,L,G,L,P,L,M,R,Q,N,F,T,V,S,I,E,A,A,E,G,V,T,T,G,I,S,A,A,D,R,A,V,T,V,K,A,A,V,A,R,E,A,K,A,E,D,L,V,Q,P,G,H,I,F,P,L,M,A,R,E,G,G,V,L,V,R,A,G,H,T,E,A,G,C,D,F,A,R,M,A,N,C,E,P,A,S,V,I,V,E,I,L,N,D,D,G,T,M,A,R,R,D,D,L,E,V,F,A,E,K,H,D,L,K,I,G,T,I,E,D,L,I,R,Y,R,-,-,-
-,-,-,-,-,-,-,-,-,-,-,R,I,A,Q,A,L,D,A,M,R,E,G,R,P,V,V,L,L,D,N,E,A,D,L,I,L,A,A,E,R,L,T,N,A,N,M,A,M,M,I,R,E,C,S,G,I,V,C,L,C,L,T,E,D,K,V,R,S,L,G,L,R,P,M,V,E,A,F,T,V,S,I,E,A,R,E,G,V,G,T,G,V,S,A,A,D,R,I,T,T,I,R,A,A,I,A,G,D,A,G,T,D,A,V,V,S,P,G,H,V,F,P,L,V,A,R,D,G,G,V,L,V,R,R,G,H,T,E,G,S,V,D,L,A,R,M,A,G,L,S,P,A,A,V,L,C,E,L,M,N,P,D,G,T,M,A,R,R,P,E,A,L,A,F,A,E,M,Y,Q,L,P,V,L,T,I,E,D,L,V,A,W,R,R,L,H
-,L,L,S,R,Y,G,T,A,A,E,R,V,E,R,A,A,E,S,L,R,Q,G,R,G,I,L,L,V,D,N,E,G,D,L,I,F,A,A,T,N,M,T,V,E,Q,M,A,L,M,I,R,R,C,S,G,I,V,C,L,C,L,T,E,E,R,V,R,Q,L,D,L,P,P,M,S,T,A,F,T,V,S,I,E,A,A,E,G,I,T,T,G,V,S,A,A,D,R,I,R,T,I,R,T,A,V,A,P,D,A,R,P,E,S,L,A,R,P,G,H,V,F,P,L,A,A,R,S,G,G,V,L,E,R,G,G,H,T,E,G,S,V,D,L,T,K,L,A,G,L,P,P,C,A,V,L,C,E,L,T,N,E,D,G,T,M,A,R,L,P,E,V,V,A,F,A,C,E,H,D,F,P,I,V,S,I,D,D,I,R,R,Y,R,-,-,-
-,-,-,-,-,-,-,-,-,-,-,-,-,E,E,I,I,A,D,I,K,A,G,K,M,V,I,L,M,D,N,E,G,D,L,I,I,A,A,E,H,I,S,A,E,A,I,N,F,M,A,T,H,G,R,G,L,I,C,L,T,M,T,Q,Q,R,C,E,Q,L,D,L,P,L,M,V,K,N,F,T,M,S,I,E,A,S,K,G,V,T,T,G,I,S,A,A,D,R,A,R,T,V,Q,A,A,I,A,K,G,A,V,P,S,D,I,V,Q,P,G,H,I,F,P,I,M,A,Q,P,G,G,V,L,T,R,A,G,H,T,E,A,G,C,D,L,A,R,L,A,G,L,E,P,S,S,V,I,V,E,I,L,N,A,D,G,T,M,A,R,R,P,D,L,E,V,F,S,K,Q,H,D,I,K,I,G,T,I,A,D,L,I,E,Y,R,-,-,-
-,-,-,-,-,-,-,S,P,I,S,P,I,E,D,I,L,E,D,A,R,N,G,R,P,Y,I,L,V,D,N,E,G,D,I,I,I,P,A,Q,F,A,T,P,D,Q,I,N,F,M,I,R,Q,A,R,G,L,V,C,L,A,L,T,A,E,R,A,N,Q,L,R,L,P,P,M,A,A,A,F,T,V,S,I,E,A,K,E,G,V,T,T,G,I,S,A,A,D,R,S,R,T,I,H,V,A,T,D,A,S,K,G,M,D,D,I,V,S,P,G,H,I,F,P,L,V,A,R,D,G,G,V,L,V,R,A,G,H,T,E,A,A,V,D,I,S,R,M,A,G,L,T,P,A,G,V,I,C,E,I,I,K,D,D,G,E,M,A,R,M,P,D,L,V,A,F,A,Q,L,H,G,L,K,I,G,T,I,A,D,L,I,A,Y,R,R,-,-
-,-,-,-,K,F,K,I,E,F,D,Q,I,S,D,A,L,A,A,I,R,N,G,E,C,I,I,V,V,D,N,E,G,D,L,I,C,A,A,Q,F,A,T,P,Q,Q,I,N,F,M,A,T,E,G,R,G,L,I,C,L,A,M,Q,G,D,K,L,D,A,L,D,L,P,L,M,V,D,A,F,T,V,S,I,D,A,G,N,N,V,T,T,G,I,S,A,E,D,R,A,K,T,I,Q,V,A,I,N,P,S,T,K,P,E,D,L,R,R,P,G,H,I,F,P,L,R,A,K,K,G,G,V,L,K,R,A,G,H,T,E,A,A,V,D,I,A,A,M,S,G,L,Y,P,A,G,V,I,C,E,I,Q,N,P,D,G,S,M,S,R,L,P,Q,L,K,E,Y,A,K,E,W,G,M,K,L,I,S,I,A,D,L,I,S,Y,R,-,-,-
S,L,L,T,Q,F,G,N,S,L,T,R,V,E,K,A,L,N,Y,L,K,E,G,S,G,V,L,L,V,D,N,E,G,D,L,I,F,P,A,E,T,I,T,I,S,Q,M,A,M,L,I,R,E,C,S,G,I,V,C,L,C,L,T,D,E,K,V,K,K,I,G,L,P,Q,M,V,P,N,F,T,I,S,I,E,A,K,E,G,V,T,T,G,V,S,A,A,D,R,V,N,T,I,L,T,A,I,K,D,D,C,E,P,E,D,L,C,H,P,G,H,V,F,P,L,R,A,R,V,G,G,V,L,T,R,P,G,H,T,E,G,T,V,D,L,M,R,L,A,G,Y,K,P,A,G,I,L,C,E,L,T,N,P,D,G,T,M,A,R,L,P,Q,I,I,S,F,A,K,E,H,N,L,T,V,L,S,I,E,D,I,I,N,Y,R,Q,-,-
-,-,-,-,-,-,-,-,-,-,-,-,I,K,E,I,L,K,D,Y,S,Q,G,K,M,I,I,L,M,D,N,E,G,D,L,I,I,P,A,E,T,V,T,K,E,D,I,N,F,M,A,T,H,G,R,G,L,I,C,L,T,L,T,Q,E,R,C,K,Q,L,N,L,P,L,M,V,T,N,F,T,V,S,I,E,A,I,K,G,V,T,T,G,I,S,A,A,D,R,A,K,T,I,L,D,A,V,A,K,D,A,K,P,D,D,I,V,Q,P,G,H,I,F,P,L,M,A,Q,P,G,G,V,L,I,R,A,G,H,T,E,A,G,C,D,L,A,R,L,A,G,F,E,P,A,S,V,I,V,E,I,L,N,K,D,G,S,M,A,R,R,D,D,L,E,I,F,A,K,K,H,D,I,K,L,G,T,I,E,N,L,I,S,Y,R,-,-,-
-,-,-,-,-,-,-,-,-,-,-,-,I,E,E,L,I,E,D,L,R,H,G,K,M,V,I,L,M,D,N,E,G,D,L,I,M,V,A,E,Q,V,R,P,E,D,I,N,F,M,A,T,H,A,R,G,L,I,C,L,T,L,T,P,E,R,C,K,Q,L,D,L,P,L,M,V,S,N,F,T,V,S,I,E,A,A,E,G,V,S,T,G,I,S,A,A,D,R,A,L,T,V,R,A,A,V,K,A,N,A,K,P,G,D,L,V,Q,P,G,H,I,F,P,L,M,A,Q,P,G,G,V,M,S,R,A,G,H,T,E,A,G,C,D,L,A,R,L,A,G,F,E,P,A,A,V,I,V,E,V,M,N,P,D,G,T,M,A,R,R,P,D,L,E,R,F,A,E,Q,H,G,L,K,I,G,T,I,A,D,L,I,H,Y,R,-,-,-
-,-,-,-,-,-,-,-,P,I,C,K,T,E,E,A,I,E,E,I,R,K,G,K,M,I,I,L,V,D,N,E,G,D,L,T,I,A,A,E,H,V,T,P,E,I,I,N,F,M,A,T,H,G,R,G,L,I,C,L,A,L,E,P,A,Q,V,D,K,L,Q,L,P,M,M,T,R,N,F,T,V,S,I,E,A,R,K,G,V,T,T,G,I,S,A,A,D,R,A,T,T,I,L,A,A,V,A,D,E,A,Q,P,E,D,L,V,T,P,G,H,I,F,P,L,R,A,Q,K,G,G,V,M,V,R,A,G,Q,T,E,G,S,V,D,L,S,R,L,A,G,L,K,G,A,A,V,I,C,E,I,M,R,D,D,G,E,M,A,R,M,P,D,L,I,E,F,A,K,K,H,D,M,K,I,A,T,I,R,D,L,I,R,Y,R,-,-,-
-,-,-,-,-,-,-,-,-,-,-,-,-,-,-,-,-,-,-,I,R,Q,G,K,M,V,I,L,M,D,N,E,G,D,L,I,I,A,A,E,K,I,T,P,E,A,V,N,F,M,A,M,F,G,R,G,L,I,C,L,T,L,T,H,A,R,C,K,Q,L,N,L,P,L,M,V,Q,N,F,T,V,S,I,E,A,A,V,G,V,T,T,G,I,S,A,A,D,R,A,T,T,V,Q,A,A,V,A,P,D,A,S,F,S,D,I,V,M,P,G,H,I,F,P,L,M,A,Q,E,G,G,V,L,S,R,A,G,H,T,E,A,G,C,D,I,A,R,L,A,G,L,E,P,S,S,V,I,V,E,I,L,N,E,D,G,T,M,A,R,R,P,Q,L,E,V,F,A,E,K,H,G,L,K,L,G,T,I,A,D,L,I,E,Y,R,-,-,-
S,I,L,S,P,F,G,T,A,E,E,R,V,L,N,A,I,N,A,F,K,N,G,T,G,V,L,V,L,D,N,E,G,D,L,I,F,P,A,E,T,I,T,P,E,Q,M,A,K,L,I,R,Y,G,S,G,I,V,C,L,C,I,T,D,E,R,C,Q,Q,L,D,L,P,S,M,V,E,A,F,T,V,T,I,E,A,A,K,G,V,S,T,G,V,S,A,A,D,R,V,T,T,I,Q,T,A,I,A,D,N,A,V,P,T,D,L,H,R,P,G,H,V,F,P,L,R,A,V,N,G,G,V,L,T,R,R,G,H,T,E,A,S,V,D,L,A,R,L,A,G,F,K,E,A,G,V,I,C,E,I,T,N,D,D,G,T,M,A,R,T,P,D,I,V,E,F,A,K,K,F,G,Y,S,V,L,T,I,E,D,L,V,E,Y,R,L,A,N
-,-,-,-,-,-,-,-,-,-,-,R,M,A,A,A,L,D,A,V,R,L,G,V,P,V,V,V,L,D,N,E,V,D,L,I,V,A,A,D,K,L,T,Q,A,S,M,A,M,L,I,R,E,C,S,G,I,V,C,L,C,L,T,A,E,K,S,A,S,L,G,L,R,P,M,V,E,A,F,T,V,S,I,E,A,R,T,G,V,S,T,G,V,S,A,A,D,R,I,T,T,I,R,A,A,I,A,P,D,A,D,T,Q,S,V,V,S,P,G,H,V,F,P,L,V,A,K,E,G,G,V,L,T,R,R,G,H,T,E,G,S,V,D,L,A,R,L,A,G,L,P,P,A,A,V,L,C,E,L,M,L,P,D,G,T,M,A,R,R,D,D,A,V,R,F,A,D,Q,H,N,L,P,V,L,T,I,E,D,I,V,Q,Y,R,E,-,-
-,-,-,-,-,-,-,-,-,I,S,K,I,E,H,I,I,E,D,I,R,Q,G,K,M,V,I,L,M,D,N,E,G,D,L,V,M,A,A,E,C,V,S,S,G,D,I,N,F,M,A,K,N,G,R,G,L,I,C,L,T,L,T,Q,E,R,C,R,H,L,E,L,P,L,M,V,Q,N,F,T,V,S,I,E,A,A,K,G,V,T,T,G,I,S,A,H,D,R,A,L,T,I,Q,T,A,V,K,A,D,A,V,P,A,D,L,T,K,P,G,H,I,F,P,L,M,A,R,D,G,G,V,L,V,R,E,G,H,T,E,A,G,C,D,L,A,M,L,A,G,Y,E,P,A,S,V,I,V,E,I,M,N,D,D,G,T,M,A,R,R,L,D,L,D,V,F,S,K,Q,H,D,I,K,L,G,L,I,S,D,L,V,A,Y,R,Q,A,-
-,-,-,-,-,-,-,-,-,F,D,D,I,E,R,A,L,A,D,I,A,A,G,R,P,V,I,V,V,D,N,E,G,D,L,I,F,A,A,E,M,A,T,P,E,M,V,A,F,M,V,R,Y,T,S,G,Y,I,C,V,A,L,T,G,E,D,C,D,R,L,D,L,P,P,M,Y,H,A,Y,T,V,T,V,D,A,A,E,G,V,S,T,G,I,S,A,S,D,R,A,H,T,L,K,V,L,A,H,A,D,S,S,A,D,D,L,N,R,P,G,H,V,V,P,L,R,A,R,D,G,G,V,L,R,R,P,G,H,T,E,A,A,V,D,L,S,R,L,A,G,L,R,P,A,G,A,L,C,E,I,V,S,Q,E,G,D,M,A,R,R,D,E,L,E,V,F,A,D,E,H,D,L,A,L,I,T,I,A,D,L,I,A,Y,R,R,-,-
-,-,-,-,-,-,-,-,-,-,-,-,I,E,E,A,V,E,D,I,K,K,G,K,V,I,I,V,V,D,N,E,G,D,F,I,A,A,A,E,K,V,T,P,E,M,I,N,F,M,I,T,H,G,R,G,L,V,C,A,P,L,T,E,K,R,C,A,E,L,D,L,P,M,M,V,Q,N,F,T,V,S,V,D,K,G,N,G,C,T,T,G,I,S,A,F,D,R,A,K,T,I,Q,A,L,V,N,P,E,T,K,P,F,D,L,G,R,P,G,H,I,F,P,L,R,A,K,Q,G,G,V,L,R,R,S,G,H,T,E,A,A,I,D,L,T,R,I,A,G,L,Y,P,A,G,I,L,V,E,I,L,N,E,D,G,T,M,A,R,L,P,Q,L,V,E,V,A,K,N,F,N,L,K,I,I,S,I,E,D,L,I,A,Y,R,-,-,-
-,-,-,-,-,F,K,Q,I,K,E,N,I,E,N,A,I,Q,A,L,K,Q,G,K,P,V,V,V,L,D,N,E,G,D,L,I,L,P,G,E,K,A,T,E,A,N,I,A,F,M,L,E,Y,T,S,G,I,V,C,L,A,M,D,S,K,K,A,K,Q,L,N,L,T,P,M,V,A,A,F,T,V,T,I,E,A,K,E,G,V,T,T,G,V,S,A,K,D,R,A,H,T,I,Q,V,A,S,K,T,N,A,K,A,D,E,L,A,R,P,G,H,I,F,P,L,I,A,N,D,K,G,V,L,G,R,N,G,H,T,E,A,T,V,D,L,M,K,L,S,G,F,N,S,A,G,V,L,C,E,L,M,N,K,D,G,T,M,M,K,A,P,E,L,E,A,F,A,K,K,Y,N,L,P,I,L,T,I,A,E,L,Y,Q,Y,R,L,A,-
T,L,L,S,E,F,G,S,P,S,Q,R,V,E,N,A,L,E,S,L,R,N,G,R,G,V,L,V,L,D,N,E,G,D,M,I,F,A,A,Q,N,M,T,V,E,Q,M,A,L,T,I,R,Y,G,S,G,I,V,C,L,C,L,T,E,E,R,R,Q,Q,L,A,L,P,M,M,V,E,A,F,T,V,T,I,E,A,A,E,G,V,S,T,G,V,S,A,A,D,R,L,T,T,I,R,A,A,I,K,D,N,A,K,P,T,D,L,N,R,P,G,H,V,F,P,L,C,A,Q,P,G,G,V,L,V,R,G,G,H,T,E,A,A,V,D,L,T,T,L,A,G,L,K,P,A,G,V,L,C,E,V,T,N,D,D,G,S,M,A,H,A,P,E,I,I,A,F,G,R,R,H,N,M,P,V,L,T,I,E,D,L,V,A,Y,R,R,A,-
T,L,L,S,E,F,G,N,P,T,E,R,V,E,N,A,I,E,A,L,R,Q,G,K,G,I,L,V,L,D,N,E,G,D,L,V,F,A,A,E,T,M,T,A,E,Q,M,A,M,T,I,R,Y,S,S,G,I,V,C,L,C,I,T,E,E,R,R,K,Q,L,D,I,P,M,M,V,E,G,F,T,V,T,I,E,A,A,K,G,V,T,T,G,V,S,A,A,D,R,I,T,T,I,K,A,A,I,A,D,N,A,V,P,A,D,I,N,R,P,G,H,V,F,P,L,R,G,R,E,G,G,V,L,T,R,R,G,H,T,E,A,S,I,D,L,A,T,L,A,G,F,K,P,A,G,V,L,C,E,L,T,N,D,D,G,T,M,A,R,A,P,D,V,V,K,F,A,R,E,H,N,M,T,V,V,T,I,E,D,L,A,S,Y,R,-,-,-
-,-,-,-,-,-,-,-,P,I,S,C,I,K,D,V,I,E,D,Y,K,Q,G,K,M,V,I,L,M,D,N,E,G,D,I,M,M,A,A,E,S,I,S,A,Q,D,I,N,F,M,A,T,H,G,R,G,L,I,C,L,T,L,T,Q,Q,R,C,Q,E,L,N,L,F,P,M,V,Q,N,F,T,V,S,I,E,A,A,Q,G,V,T,T,G,I,S,A,E,D,R,A,V,T,V,Q,A,A,V,A,K,G,A,Q,P,Q,D,L,V,Q,P,G,H,I,F,P,L,A,A,K,D,G,G,V,L,V,R,A,G,H,T,E,A,G,C,D,L,A,R,L,A,G,H,E,P,A,S,V,I,V,E,I,L,N,D,D,G,T,M,A,R,R,P,Q,L,E,V,F,A,E,K,H,G,I,K,L,G,T,I,A,D,L,I,E,Y,R,N,A,-
-,-,L,S,L,P,G,T,A,Q,E,R,V,S,R,A,V,D,S,L,R,Q,G,Q,G,V,I,V,V,D,N,E,G,D,L,I,F,A,A,E,T,L,T,A,E,Q,M,S,R,M,I,R,D,G,S,G,I,V,C,L,I,L,T,D,P,D,L,D,R,L,A,L,P,P,M,V,A,G,F,T,V,S,I,E,A,R,E,G,V,T,T,G,V,S,A,A,D,R,V,T,T,I,R,A,A,I,D,P,A,S,T,A,D,D,L,A,R,P,G,H,V,F,P,L,R,A,H,A,D,G,L,S,A,R,R,G,H,T,E,A,T,I,A,L,M,R,L,A,G,L,R,P,A,G,V,L,C,E,V,M,N,P,D,G,T,M,A,R,L,P,T,L,I,G,Y,G,Q,A,H,G,L,P,I,V,S,I,E,D,L,V,A,-,-,-,-,-
-,L,E,K,K,F,G,D,E,F,T,R,V,E,N,A,L,T,A,L,R,S,G,K,G,I,L,V,S,D,N,E,A,D,L,I,F,S,A,E,F,L,T,E,T,Q,M,A,M,L,I,R,E,C,S,G,I,V,C,L,C,L,T,T,E,K,V,Q,A,L,A,L,P,M,M,V,S,A,F,T,V,S,I,E,A,K,T,G,V,K,T,G,V,S,A,A,D,R,V,R,T,V,K,T,A,I,A,A,D,A,K,P,E,E,L,A,R,P,G,H,V,F,P,L,R,A,R,T,G,G,V,L,E,R,P,G,H,T,E,A,T,V,D,L,M,R,L,A,G,L,S,P,Y,G,V,L,C,E,L,T,N,P,D,G,T,M,A,N,L,D,E,A,I,A,F,A,E,K,H,D,F,P,V,L,T,V,E,D,V,I,N,Y,R,-,-,-
-,-,-,-,-,-,-,-,-,-,-,R,V,Q,S,A,I,E,A,F,A,R,G,E,I,V,V,V,T,D,N,E,G,D,L,I,L,A,A,S,L,A,T,P,E,K,M,A,F,V,I,R,N,T,S,G,I,V,C,T,P,L,P,P,S,E,A,K,R,L,R,L,D,P,M,V,S,A,F,T,I,S,I,D,V,K,H,G,T,T,T,G,I,S,A,E,E,R,T,N,T,V,R,A,L,A,N,P,N,M,G,A,A,D,F,V,R,P,G,H,V,F,P,L,I,A,K,E,G,G,V,L,M,R,S,G,H,T,E,A,A,V,D,L,C,R,L,A,G,V,P,P,V,G,V,I,A,E,L,V,N,D,D,G,T,V,Q,R,G,P,Q,V,T,A,F,S,E,K,H,G,L,T,R,I,S,V,A,D,L,I,S,Y,R,Q,A,R
S,L,L,S,E,F,G,N,P,L,E,R,V,E,I,A,L,Q,A,L,R,E,G,R,G,V,L,L,L,D,N,E,G,D,I,I,Y,S,V,D,H,L,T,N,Q,Q,M,A,L,M,I,R,E,C,S,G,I,V,C,L,C,I,T,D,E,Q,A,K,Q,L,D,L,P,P,M,V,E,N,F,T,V,S,I,E,A,K,V,G,V,T,T,G,V,S,A,A,D,R,V,T,T,I,K,T,A,C,Q,T,G,A,R,P,E,D,L,A,R,P,G,H,V,F,P,L,R,A,K,Q,G,G,V,L,T,R,R,G,H,T,E,G,T,I,D,L,M,Q,M,A,G,L,S,P,F,G,V,L,C,E,V,T,N,P,D,G,T,M,A,K,A,P,E,I,V,A,F,G,K,L,H,D,M,P,V,L,T,I,E,D,M,V,Q,Y,R,L,A,-
-,-,-,-,-,-,-,-,-,F,D,R,I,E,D,I,I,E,D,Y,R,Q,G,K,M,V,L,L,V,D,N,E,G,D,L,L,L,A,A,D,C,C,T,A,Q,A,I,S,F,M,A,R,E,A,R,G,L,I,C,L,T,L,T,D,E,H,C,K,S,L,G,L,E,Q,M,V,P,A,F,T,V,S,I,E,A,T,T,G,V,T,T,G,I,S,A,A,D,R,A,R,T,V,Q,A,A,V,N,P,G,A,V,P,D,D,L,V,Q,P,G,H,I,F,P,L,R,A,R,D,G,G,V,L,T,R,A,G,H,T,E,A,G,C,D,L,A,R,M,A,G,F,T,P,A,S,V,I,V,E,V,M,N,D,D,G,T,M,A,R,R,P,D,L,E,L,F,A,E,K,H,G,I,R,I,G,T,I,A,D,L,I,H,Y,R,-,-,-
-,-,-,-,-,-,-,-,-,F,D,P,I,E,D,I,I,K,D,I,R,A,G,K,M,V,I,V,T,D,N,E,G,D,L,V,M,A,A,E,K,I,T,P,D,A,V,N,F,M,A,M,H,G,R,G,L,I,C,A,P,I,T,E,E,R,A,E,E,L,G,L,Q,R,M,V,T,D,F,T,V,S,V,D,A,A,K,G,V,T,T,G,I,S,A,H,D,R,A,R,T,I,Q,I,L,V,D,P,K,A,T,P,Q,D,L,V,Q,P,G,H,V,F,P,L,R,A,K,A,G,G,A,L,R,R,A,G,H,T,E,A,S,V,D,L,A,R,L,A,G,L,Q,P,A,G,V,L,C,E,I,L,N,P,D,G,T,M,A,R,L,P,E,L,L,K,F,R,K,K,H,K,L,K,M,C,S,I,E,D,L,I,V,Y,R,R,S,-
-,-,-,-,-,-,-,-,S,L,A,S,T,L,E,I,I,E,E,L,K,A,G,R,M,V,V,L,V,D,N,E,G,D,L,V,M,A,A,E,H,V,T,P,D,A,I,N,F,M,A,K,Y,G,R,G,L,I,C,L,T,L,T,D,A,R,C,R,Q,L,G,L,K,Q,M,V,S,A,F,T,I,S,I,E,A,A,E,G,V,T,T,G,I,S,A,A,D,R,A,V,T,I,R,A,A,V,T,K,D,A,K,P,S,D,I,I,Q,P,G,H,I,F,P,L,R,A,Q,P,G,G,V,L,V,R,A,G,H,T,E,A,G,C,D,L,A,G,L,A,G,L,E,P,A,S,V,I,C,E,I,L,K,D,D,G,S,M,A,R,L,P,D,L,V,P,F,A,Q,E,H,G,L,K,I,G,A,I,A,D,L,I,H,Y,R,N,-,-
-,-,-,-,-,-,-,-,-,F,N,S,I,E,E,I,I,E,D,L,R,Q,G,R,M,A,V,V,L,D,N,E,G,D,L,V,M,P,A,S,L,I,R,P,E,D,I,N,F,M,A,R,Y,G,R,G,L,I,C,L,T,L,T,R,E,R,C,E,Q,L,R,L,P,L,M,V,H,N,F,T,V,S,I,E,A,A,E,G,V,T,T,G,I,S,A,A,D,R,A,R,T,V,Q,A,A,V,A,P,G,A,R,P,E,D,L,V,Q,P,G,H,I,F,P,L,M,A,Q,P,G,G,V,L,T,R,A,G,H,T,E,A,G,C,D,L,A,R,L,A,G,F,A,P,A,A,V,I,V,E,I,L,N,E,D,G,T,M,A,R,R,D,D,L,M,A,F,A,R,T,H,G,L,K,I,G,T,V,A,D,L,I,A,Y,R,-,-,-
T,L,D,T,L,F,G,T,S,Q,Q,R,V,Q,R,A,L,Q,A,L,Q,R,G,H,G,V,I,V,T,D,N,E,G,D,L,I,F,S,A,D,H,L,T,N,E,Q,M,A,L,L,I,R,E,C,S,G,I,V,C,L,C,L,T,E,D,K,V,A,Q,L,Q,L,P,M,M,V,N,A,F,T,V,S,I,E,A,A,D,G,V,T,T,G,V,S,A,A,D,R,V,T,T,I,R,A,A,S,A,Q,D,C,R,P,E,H,I,H,S,P,G,H,V,F,P,L,K,A,K,S,G,G,V,L,E,R,R,G,H,T,E,A,T,V,D,L,M,D,L,A,G,L,N,P,C,G,V,L,C,E,V,T,L,E,N,G,E,M,A,R,M,P,H,L,I,D,F,C,Q,K,H,Y,F,P,L,V,T,I,D,D,I,A,C,Y,K,Q,-,-
-,-,-,-,-,-,-,-,-,-,-,-,-,E,E,I,I,E,D,I,K,Q,G,K,M,V,I,L,M,D,N,E,G,D,L,I,L,A,A,D,C,V,T,P,E,A,I,N,F,M,A,R,Y,G,R,G,L,I,C,L,T,L,S,E,E,R,C,K,Q,L,N,L,P,L,M,V,D,A,F,T,V,S,I,E,A,A,E,G,V,T,T,G,I,S,A,A,D,R,A,Q,T,V,K,A,A,V,A,R,N,A,Q,P,E,D,L,V,M,P,G,H,I,F,P,L,K,A,K,Q,G,G,V,L,N,R,A,G,H,T,E,A,G,C,D,L,A,R,L,A,G,Y,E,P,A,A,V,I,V,E,V,L,N,E,D,G,T,M,A,R,R,A,D,L,E,K,F,A,E,A,H,D,I,K,V,G,T,I,A,D,L,I,E,Y,R,-,-,-
-,-,-,-,-,-,-,-,P,F,A,S,V,E,T,A,I,A,D,F,R,A,G,K,F,V,I,I,V,D,N,E,G,D,L,A,M,A,A,E,F,V,T,P,A,A,I,T,F,M,A,R,E,G,C,G,L,I,C,V,A,M,T,G,E,R,L,D,E,L,Q,L,P,L,M,V,P,A,F,T,V,S,V,E,A,R,Y,G,V,T,T,G,I,S,A,F,D,R,A,T,T,I,R,T,L,I,D,P,A,T,R,P,E,D,L,V,R,P,G,H,V,F,P,L,R,A,R,D,G,G,V,L,V,R,P,G,Q,T,E,A,S,L,D,L,A,R,L,A,G,L,Y,P,A,A,V,I,C,E,I,M,N,P,D,G,T,M,A,R,L,P,D,L,E,R,F,A,A,R,H,G,L,T,L,L,S,I,A,D,L,I,A,Y,R,R,-,-
S,L,L,D,E,F,G,T,P,V,Q,R,V,E,R,A,I,E,A,L,K,N,G,L,G,V,L,L,M,D,N,E,G,D,L,I,F,S,A,Q,H,L,T,E,A,Q,M,A,L,M,I,R,E,G,S,G,I,V,C,L,C,L,T,E,E,R,A,N,W,L,D,L,P,P,M,V,K,A,F,T,V,S,I,E,A,K,E,G,V,T,T,G,V,S,A,K,D,R,V,T,T,V,K,T,A,T,Y,F,D,A,Q,P,E,D,L,A,R,P,G,H,V,F,P,L,V,A,K,T,N,G,V,L,A,R,R,G,H,T,E,G,T,I,D,L,M,Y,L,A,N,L,V,P,S,G,I,L,C,E,L,T,N,P,D,G,T,M,A,K,L,P,E,T,I,E,F,A,R,R,H,G,M,P,V,L,T,I,E,D,I,V,D,Y,R,-,-,-
-,-,-,-,-,-,-,-,-,F,N,T,I,P,E,I,I,D,D,V,R,N,G,K,M,V,I,L,V,D,N,E,G,D,L,I,L,A,A,E,F,A,T,P,Q,N,I,N,F,M,V,K,E,A,R,G,L,V,C,L,C,L,T,A,Q,Q,V,E,R,L,Q,L,P,L,M,V,R,A,F,M,V,S,I,E,A,S,E,G,I,S,T,G,I,S,A,A,D,R,A,L,T,C,R,V,A,A,N,P,H,A,K,P,S,D,I,H,M,P,G,H,I,F,P,I,R,A,Q,Q,G,G,V,L,K,R,A,G,H,T,E,A,S,V,D,L,A,R,L,A,G,L,N,P,A,A,V,I,C,E,V,M,N,D,D,G,T,M,A,R,V,G,D,L,R,E,F,A,K,K,H,D,I,K,I,G,T,I,V,D,L,I,A,Y,R,L,A,N
-,-,-,-,-,-,-,S,A,L,S,P,I,S,E,I,I,A,D,I,R,A,G,K,M,V,I,L,V,D,N,E,G,D,V,V,L,A,A,E,F,V,T,P,E,A,I,N,F,M,V,T,H,C,R,G,L,V,C,L,T,L,T,D,E,R,C,R,Q,L,G,L,E,Q,M,V,T,A,F,T,A,S,I,E,A,A,T,G,V,T,T,G,I,S,A,H,D,R,S,R,T,V,Q,V,A,V,A,R,H,A,K,P,D,D,I,V,M,P,G,H,I,F,P,L,T,A,Q,K,G,G,V,L,I,R,A,G,H,T,E,A,G,C,D,L,A,Q,L,A,G,L,E,P,A,A,V,I,C,E,I,L,K,D,D,G,T,M,A,R,L,P,D,L,I,E,F,A,A,Q,H,G,L,K,I,G,A,I,R,D,L,I,E,Y,R,A,A,-
-,-,-,-,-,-,-,-,-,-,-,-,I,E,E,A,I,E,D,I,K,A,G,K,M,V,I,L,V,D,N,E,G,D,L,C,M,A,A,E,F,V,A,A,A,D,I,N,F,M,A,T,H,G,R,G,L,I,C,L,T,L,T,P,K,L,V,D,Q,L,A,L,P,M,M,V,Q,G,F,T,I,S,I,E,A,K,T,G,V,E,T,G,I,S,A,A,D,R,A,R,T,I,Q,V,A,V,A,D,G,A,G,P,Q,D,L,V,S,P,G,H,V,F,P,L,R,A,R,E,G,G,V,L,C,R,T,G,Q,T,E,G,S,V,D,L,A,R,L,S,G,A,T,P,A,G,V,I,C,E,I,M,K,D,D,G,T,M,A,R,M,P,D,L,E,I,F,A,A,E,H,E,L,K,I,V,T,V,A,D,L,V,E,Y,R,-,-,-
-,-,-,-,-,M,S,T,P,I,S,T,I,P,E,I,L,A,D,L,K,A,G,K,M,V,I,I,T,D,N,E,G,D,L,L,M,A,A,Q,F,V,T,P,E,A,I,N,F,M,I,K,H,A,R,G,L,V,C,L,P,M,A,E,E,L,V,D,K,L,K,L,P,L,M,T,Q,N,F,T,V,S,I,E,A,A,H,G,I,S,T,G,I,S,A,A,D,R,A,L,T,I,Q,T,A,V,S,P,A,A,R,P,E,D,I,V,Q,P,G,H,I,F,P,L,R,A,Q,K,G,G,V,L,V,R,A,G,H,T,E,A,G,V,D,L,A,Q,M,C,G,L,I,P,A,A,V,I,C,E,I,I,N,D,D,G,T,M,A,R,M,P,E,L,T,E,F,A,R,Q,H,G,L,K,I,G,T,I,T,D,L,I,E,Y,R,-,-,-
-,-,-,-,-,-,-,-,-,-,-,-,-,-,-,-,I,A,A,I,A,A,G,R,P,V,L,V,L,D,N,E,A,D,L,V,C,A,A,A,N,M,T,E,A,T,M,A,L,M,I,R,E,G,S,G,I,V,C,L,C,L,T,P,A,H,A,K,A,L,G,L,R,P,M,V,E,A,F,T,Q,S,I,E,A,A,H,G,V,S,T,G,V,S,A,A,D,R,L,Q,T,V,R,C,A,L,A,P,G,C,A,P,E,-,V,V,S,P,G,H,V,F,P,L,V,A,R,A,G,G,V,L,E,R,D,G,H,T,E,S,A,V,D,L,A,V,L,A,G,L,P,P,A,G,V,L,C,E,L,M,N,P,D,G,S,M,A,R,G,A,Q,V,A,R,F,A,R,A,H,G,L,L,C,T,T,V,R,A,L,A,D,Y,R,R,A,R
-,-,-,-,-,-,-,-,-,-,-,-,-,-,-,-,-,-,-,-,-,-,-,-,-,-,-,-,-,-,N,E,G,D,M,I,F,A,A,E,N,M,T,V,E,Q,M,A,L,T,I,R,H,G,S,G,I,V,C,L,C,I,N,E,D,R,R,K,Q,L,D,L,P,M,M,V,E,N,F,T,V,T,I,E,A,A,H,G,V,T,T,G,V,S,A,A,D,R,L,T,T,V,R,A,A,I,A,D,G,A,K,P,S,D,L,H,R,P,G,H,V,F,P,L,R,A,Q,A,G,G,V,L,T,R,G,G,H,T,E,A,T,I,D,L,V,T,L,A,G,F,K,P,A,G,V,L,C,E,L,T,N,D,D,G,T,M,A,R,A,P,E,C,I,T,F,A,R,L,H,N,M,P,V,V,T,I,E,D,L,V,E,Y,R,Q,A,H
-,-,-,-,-,-,-,-,-,-,E,R,V,E,R,A,V,E,A,I,R,Q,G,R,M,V,V,M,V,D,N,E,G,D,L,V,I,A,A,E,H,C,D,A,E,A,V,N,F,M,T,K,Y,G,R,G,L,I,C,L,A,L,T,S,D,R,V,E,G,L,G,L,R,M,M,V,P,A,F,T,V,S,I,E,A,R,D,G,V,T,T,G,I,S,A,A,D,R,A,R,T,I,E,V,A,S,D,P,K,Y,G,A,G,D,I,V,S,P,G,H,I,F,P,L,R,A,Q,P,G,G,V,L,V,R,S,G,H,T,E,G,S,V,D,L,S,R,L,A,G,C,S,A,A,G,V,I,C,E,I,M,R,D,D,G,E,M,A,R,M,D,D,L,E,A,F,A,R,E,H,D,I,P,I,V,C,I,A,D,L,I,E,Y,R,-,-,-
-,-,-,-,-,-,-,-,-,L,D,R,V,N,T,A,L,D,H,I,R,A,G,K,M,V,I,L,V,D,N,E,G,D,L,C,M,A,A,E,A,V,T,P,E,A,I,N,F,M,A,M,H,G,R,G,L,I,C,L,A,L,D,E,E,Q,V,A,R,L,E,L,P,M,M,S,A,A,F,T,V,S,I,E,A,R,A,G,V,T,T,G,I,S,A,A,D,R,A,H,T,I,R,V,A,I,A,R,D,A,A,P,E,D,L,V,T,P,G,H,V,F,P,L,K,A,R,R,G,G,V,L,V,R,T,G,Q,T,E,G,S,V,D,L,A,R,L,A,G,L,R,P,A,G,V,I,C,E,I,M,N,D,D,G,S,M,A,R,M,R,D,L,E,V,F,A,A,K,H,G,L,L,I,V,T,V,A,D,L,I,Q,Y,R,-,-,-
-,-,-,-,-,-,G,T,F,E,E,R,V,E,A,A,L,D,A,L,R,R,G,H,G,V,L,V,T,D,N,E,G,D,L,I,F,A,A,E,T,L,S,D,S,Q,M,A,M,L,I,R,E,C,S,G,I,V,C,L,C,L,T,D,E,K,V,R,A,L,G,L,P,M,M,V,E,A,F,T,V,S,I,E,A,S,C,G,V,S,T,G,V,S,A,A,D,R,V,C,T,I,Q,A,A,I,A,D,D,A,C,P,S,D,L,C,R,P,G,H,V,F,P,L,R,A,R,P,G,G,V,L,E,R,R,G,H,T,E,A,T,V,D,L,M,R,L,A,G,L,K,P,C,G,V,L,C,E,V,T,N,P,D,G,T,M,A,R,L,P,Q,I,V,D,F,G,R,K,H,D,M,V,V,L,T,V,D,D,L,V,R,Y,R,E,-,-
-,-,-,-,-,-,-,-,-,-,-,-,V,K,E,L,L,E,E,L,R,Q,G,R,P,V,I,L,V,D,N,E,G,D,L,I,M,A,A,E,H,V,T,P,E,W,V,N,F,M,L,R,E,C,R,G,L,L,C,V,A,L,P,E,E,R,A,K,A,L,D,L,P,L,M,V,E,R,F,T,V,S,V,D,A,R,-,G,T,T,T,G,I,S,A,F,E,R,A,A,T,I,R,L,L,A,D,P,E,A,R,P,Q,D,F,R,R,P,G,H,V,F,P,L,V,A,R,P,G,G,V,L,R,R,A,G,H,T,E,A,T,V,D,L,L,R,L,A,G,L,T,P,V,G,S,L,I,E,I,L,K,E,D,G,T,M,A,R,L,P,D,L,L,E,F,A,R,R,H,G,L,K,V,G,T,I,A,D,L,I,R,Y,R,-,-,-
-,-,-,-,-,-,-,S,D,F,N,S,I,T,E,I,L,E,D,F,R,Q,G,K,M,V,I,L,V,D,N,E,G,D,L,I,V,A,A,E,F,C,D,A,P,A,V,N,F,M,T,K,H,G,R,G,L,I,C,L,S,L,T,Q,A,R,V,E,K,L,Q,L,P,L,M,V,T,A,F,T,V,S,I,E,A,K,V,G,V,T,T,G,I,S,A,Q,D,R,A,R,T,I,E,A,A,I,A,D,T,S,G,P,E,D,I,S,R,P,G,H,V,F,P,L,V,A,K,D,G,G,V,L,V,R,A,G,H,T,E,A,S,V,D,L,A,R,L,S,G,L,K,P,A,A,V,I,C,E,I,L,K,D,D,G,T,M,A,R,V,P,D,L,I,P,L,A,K,Q,M,G,I,K,L,G,T,I,A,D,L,I,A,Y,R,R,-,-
-,-,-,-,-,-,-,-,-,-,-,-,I,E,E,I,I,A,E,A,R,A,G,R,P,F,I,L,V,D,N,E,G,D,L,I,V,P,A,Q,F,A,T,P,E,A,V,N,F,M,A,V,H,G,R,G,L,I,C,L,S,L,T,A,D,R,I,A,A,L,R,L,P,P,M,A,Q,A,F,T,V,S,I,E,A,R,E,G,I,T,T,G,I,S,A,H,D,R,A,R,T,I,Q,V,A,A,D,P,D,R,G,P,A,D,I,V,S,P,G,H,V,F,P,L,A,A,R,D,G,G,V,L,V,R,A,G,H,T,E,A,S,I,D,I,A,R,L,A,G,L,R,P,A,A,V,I,C,E,I,M,N,D,D,G,T,M,A,R,L,P,D,L,L,G,F,A,A,R,H,G,L,K,I,G,T,I,A,D,L,I,A,Y,R,R,-,-
-,-,-,-,-,-,-,-,-,I,S,R,I,E,D,I,I,A,D,I,R,A,G,R,M,V,I,L,V,D,N,E,G,D,L,V,L,A,A,D,F,V,T,P,E,A,I,N,F,M,A,K,Y,G,R,G,L,I,C,L,T,L,T,A,E,R,C,R,Q,L,E,L,Y,P,M,V,S,N,F,T,V,S,I,E,A,A,E,G,V,T,T,G,I,S,A,A,D,R,S,R,T,V,Q,A,A,V,A,R,D,A,R,A,S,D,L,V,Q,P,G,H,I,F,P,L,T,A,Q,P,G,G,V,L,I,R,A,G,H,T,E,A,G,C,D,L,G,T,L,A,G,L,T,P,A,A,V,I,C,E,I,M,K,D,D,G,T,M,A,R,L,P,D,L,I,E,F,A,R,E,H,D,L,K,I,G,T,I,A,D,L,I,H,Y,R,-,-,-
-,-,-,-,-,-,-,-,P,L,A,S,I,E,E,A,L,Q,D,Y,A,A,G,K,M,V,I,I,V,D,N,E,G,D,L,A,C,A,A,Q,F,V,T,P,Q,A,I,N,F,M,A,K,E,G,R,G,L,I,C,L,A,I,T,G,Q,R,L,D,E,L,E,I,P,M,M,V,T,N,F,T,V,S,I,E,A,A,Q,G,V,T,T,G,I,S,A,Y,D,R,A,H,T,I,Q,T,V,I,N,P,N,S,K,P,S,D,I,S,R,P,G,H,V,F,P,L,R,A,A,E,G,G,V,L,R,R,V,G,Q,T,E,A,S,V,D,M,S,R,L,A,G,L,Y,P,A,G,V,I,C,E,I,M,N,D,D,G,T,M,A,R,M,P,D,L,E,I,F,A,E,K,H,D,L,K,I,I,S,V,E,Q,L,I,R,F,R,R,-,-
-,-,-,-,-,-,-,-,-,L,N,S,I,E,E,I,I,Q,D,I,S,D,G,K,M,V,I,L,M,D,N,E,G,D,I,I,V,A,A,E,K,V,T,P,E,I,I,N,F,M,A,S,K,A,R,G,L,I,C,L,T,L,T,P,E,R,C,D,F,L,G,L,P,S,M,V,S,G,F,T,V,S,I,E,A,A,E,G,V,T,T,G,I,S,A,A,D,R,A,V,T,V,R,A,A,V,N,P,M,G,K,P,D,D,I,V,Q,P,G,H,I,F,P,L,R,A,Q,A,A,G,V,L,S,R,A,G,H,T,E,A,G,C,D,L,A,R,L,A,G,L,Q,P,S,S,C,I,V,E,I,M,N,E,D,G,T,M,A,R,R,P,E,L,E,E,F,A,K,E,H,D,I,K,I,G,T,I,A,D,L,I,Q,Y,R,M,A,N
-,-,-,-,-,-,-,-,-,-,-,-,I,E,E,A,I,E,D,I,R,R,G,K,M,V,I,L,V,D,N,E,G,D,L,T,I,A,A,E,H,I,T,P,E,V,I,N,F,M,A,K,Y,G,R,G,L,I,C,L,A,L,A,P,E,W,V,D,K,L,G,L,P,M,M,A,P,A,F,T,V,S,I,E,A,A,Q,G,V,T,T,G,I,S,A,Y,D,R,S,T,T,I,L,T,A,I,K,D,N,V,V,P,E,D,I,A,T,P,G,H,I,F,P,L,R,A,K,K,G,G,V,L,V,R,A,G,Q,T,E,G,S,M,D,L,A,R,L,A,G,L,K,P,A,A,V,I,C,E,I,M,R,D,D,G,E,M,A,R,M,P,D,L,I,E,F,A,G,K,H,G,I,K,I,C,T,I,E,D,L,I,R,Y,R,-,-,-
-,-,-,-,-,-,-,-,-,-,-,-,-,-,-,-,-,-,-,-,R,A,G,R,M,F,I,L,V,D,N,E,G,D,L,V,I,P,A,Q,F,A,T,P,D,A,I,N,F,M,A,R,Y,A,R,G,L,I,C,L,A,L,T,R,R,R,V,E,Q,L,G,L,P,L,M,S,Q,A,F,T,V,S,I,E,A,R,D,G,V,S,T,G,I,S,A,H,D,R,A,H,T,V,A,T,A,I,N,P,E,T,T,R,D,D,I,V,T,P,G,H,V,F,P,L,M,A,R,E,G,G,T,L,M,R,A,G,H,T,E,A,A,V,D,I,A,R,L,A,G,L,Y,P,S,G,V,I,C,E,I,M,N,D,D,G,T,M,A,R,L,P,D,L,V,S,F,A,Q,H,H,N,L,K,L,G,T,I,A,D,L,I,S,Y,R,H,-,-
-,-,-,-,-,-,-,-,-,F,D,S,I,P,D,A,L,N,A,I,R,N,G,E,C,V,V,V,V,D,N,E,G,D,L,I,C,A,S,Q,F,A,T,P,E,Q,I,N,F,M,A,K,E,A,R,G,L,I,C,L,A,I,E,G,D,R,L,D,A,L,D,L,P,L,M,V,D,A,F,T,V,S,I,D,A,G,H,G,V,S,T,G,I,S,A,E,D,R,S,R,T,I,Q,V,V,L,Q,A,D,A,K,P,S,D,L,R,R,P,G,H,V,F,P,L,R,A,R,S,G,G,V,L,K,R,A,G,H,T,E,A,A,V,D,L,A,Q,L,A,G,L,I,P,S,G,V,I,C,E,I,Q,N,S,D,G,S,M,A,R,L,P,E,L,Q,N,Y,S,K,Q,F,G,L,R,L,I,S,I,A,D,L,I,S,Y,R,-,-,-
S,L,L,A,Q,F,G,T,A,E,E,R,V,I,K,A,I,N,A,F,K,Q,G,N,G,V,L,V,L,D,N,E,G,D,L,I,F,P,A,E,T,I,T,T,E,Q,M,A,K,L,I,R,F,G,S,G,I,V,C,L,C,I,T,D,E,L,C,Q,Q,L,D,L,P,P,M,V,Q,A,F,T,V,T,I,E,A,A,Q,G,V,S,T,G,V,S,A,A,D,R,V,T,T,V,K,A,A,V,A,D,N,A,K,P,S,D,L,H,R,P,G,H,I,F,P,L,R,A,A,K,G,G,V,L,T,R,R,G,H,T,E,A,A,V,D,L,A,L,L,A,G,Y,K,P,A,G,V,I,C,E,I,T,N,D,D,G,T,M,A,R,A,P,Q,L,V,K,F,A,Q,E,F,N,Y,A,V,V,T,I,E,D,L,V,A,Y,-,-,-,-
S,L,L,S,E,F,G,D,P,V,A,R,V,E,A,A,L,S,A,L,R,A,G,G,G,V,L,V,A,D,N,E,G,D,L,I,F,A,A,E,S,M,T,N,E,Q,M,A,L,M,I,R,E,C,S,G,I,V,C,L,C,L,P,D,E,R,V,R,Q,L,E,L,P,M,M,V,E,A,F,T,V,T,I,E,A,A,Q,G,V,T,T,G,V,S,A,A,D,R,I,T,T,I,R,A,A,I,A,D,G,A,K,P,G,D,L,H,R,P,G,H,V,F,P,L,R,A,R,T,G,G,V,L,T,R,R,G,H,T,E,A,T,V,D,L,M,Q,L,A,G,L,K,P,F,G,V,L,C,E,L,T,K,E,D,G,S,M,A,R,L,P,D,L,V,A,F,G,R,K,H,Q,M,P,V,L,T,I,D,D,L,V,Q,Y,R,Q,-,-
-,-,-,-,-,-,-,-,-,-,-,R,I,E,E,A,I,E,D,I,K,Q,G,K,M,I,I,L,V,D,N,E,G,D,L,T,M,A,A,E,M,I,T,P,E,A,I,N,Y,M,A,K,Y,G,R,G,L,I,C,L,T,M,T,S,E,R,C,D,Y,L,R,L,P,L,M,V,S,A,F,T,V,S,I,E,A,K,R,G,V,T,T,G,I,S,A,A,D,R,A,H,T,V,L,T,A,V,A,D,A,T,K,P,E,D,L,A,R,P,G,H,I,F,P,L,R,A,R,N,G,G,V,L,V,R,A,G,Q,T,E,G,S,V,D,L,A,R,L,A,G,L,K,P,A,G,V,I,C,E,I,M,N,D,D,G,T,M,A,R,M,P,Q,L,K,K,F,A,K,E,H,G,I,K,I,C,T,I,A,D,L,V,A,Y,R,L,K,H
-,-,-,-,-,-,-,-,-,-,-,-,I,E,E,L,I,E,D,Y,K,Q,G,K,M,I,I,L,M,D,N,E,G,D,L,M,M,P,A,S,A,V,T,A,D,Q,I,N,Y,M,A,R,Y,G,R,G,L,I,C,L,T,L,T,K,E,R,C,Q,Q,L,H,L,P,L,M,T,R,N,F,T,V,S,I,E,A,A,E,G,V,T,T,G,I,S,A,A,D,R,A,K,T,I,Q,A,A,I,Q,P,E,A,Q,P,A,D,I,V,T,P,G,H,V,F,P,I,M,A,K,P,G,G,V,L,E,R,A,G,H,T,E,A,G,C,D,L,A,R,L,A,G,L,E,P,A,S,V,I,V,E,I,M,N,E,D,G,T,M,A,R,R,D,D,L,E,I,F,A,K,E,H,G,I,K,L,G,T,V,A,D,L,I,E,Y,R,-,-,-
-,-,-,-,-,-,-,-,-,-,-,-,-,E,E,I,I,E,D,I,R,Q,G,K,M,V,I,L,L,D,N,E,G,D,L,I,V,A,A,E,K,V,T,P,E,I,V,N,F,M,A,S,K,A,R,G,L,I,C,L,T,L,T,G,D,R,C,D,F,L,G,L,P,P,M,V,Q,A,F,T,V,S,I,E,A,S,E,G,V,T,T,G,I,S,A,A,D,R,A,R,T,I,R,V,A,V,D,P,K,S,S,P,E,D,I,V,Q,P,G,H,I,F,P,L,R,A,Q,P,G,G,V,L,S,R,A,G,H,T,E,A,G,C,D,L,A,R,M,A,G,L,I,P,A,A,A,I,V,E,I,M,N,E,D,G,T,M,A,R,L,P,D,L,K,L,F,A,Q,E,H,G,L,K,I,G,T,I,A,D,L,I,H,Y,R,-,-,-
-,-,-,-,-,-,-,-,-,-,-,-,-,-,E,I,I,E,E,A,R,A,G,R,M,F,I,L,V,D,N,E,G,D,L,I,I,P,A,Q,F,A,T,P,D,A,V,N,F,M,A,T,H,A,R,G,L,I,C,L,A,M,T,R,S,R,C,E,S,L,G,L,H,L,M,S,T,A,F,T,V,S,I,E,A,R,D,G,V,S,T,G,I,S,A,A,D,R,S,R,T,I,S,I,A,I,N,P,E,T,G,R,D,E,L,V,S,P,G,H,V,F,P,L,M,A,R,D,G,G,T,L,V,R,A,G,H,T,E,A,A,V,D,I,A,R,L,A,G,L,A,P,A,G,A,I,C,E,I,M,N,D,D,G,T,M,A,R,L,P,D,L,I,A,F,S,R,R,H,Q,L,K,L,G,T,I,A,D,L,I,A,Y,R,R,R,-
-,-,-,-,-,F,A,Q,P,F,A,R,L,E,R,A,L,Q,H,L,R,I,G,R,P,V,I,L,M,D,N,E,A,D,L,I,V,A,A,D,K,L,T,V,P,V,M,A,Q,L,I,R,D,G,S,G,I,V,C,L,C,L,P,G,E,T,L,D,R,L,E,L,P,P,M,V,D,A,F,T,V,S,I,E,A,R,E,G,V,T,T,G,V,S,A,V,D,R,V,T,T,I,R,A,A,I,A,P,G,A,R,S,G,D,V,V,S,P,G,H,V,F,P,L,R,A,Q,P,G,G,V,L,T,R,R,G,H,T,E,G,S,V,D,L,A,A,L,A,G,L,R,P,A,G,V,L,C,E,L,M,N,A,D,G,T,M,M,R,G,A,S,L,E,R,Y,A,A,K,E,G,L,V,A,L,A,I,D,E,L,A,A,H,L,Q,A,R
-,-,-,-,-,-,-,T,R,L,S,T,I,E,E,A,L,E,A,L,R,G,G,R,P,V,L,V,T,D,N,E,G,D,V,I,L,A,A,E,T,L,T,D,E,W,M,A,W,T,I,R,H,S,S,G,Y,V,C,A,P,M,P,D,E,V,A,D,R,L,N,L,P,L,M,V,R,A,Y,T,I,T,V,D,A,A,E,G,V,T,T,G,I,S,A,A,D,R,A,H,T,V,R,L,L,S,S,T,T,A,T,A,E,S,F,I,R,P,G,H,V,V,P,L,R,A,R,D,G,G,V,L,A,R,R,G,H,T,E,A,A,V,D,L,C,R,L,A,G,L,E,P,V,G,A,I,A,E,L,T,H,D,D,G,T,M,M,R,L,P,A,V,L,D,L,G,A,E,H,D,L,P,V,I,T,I,E,Q,L,V,A,H,R,Q,R,H
-,-,-,-,-,-,-,-,A,L,H,S,I,E,E,I,I,E,D,I,R,Q,G,K,M,V,I,L,M,D,N,E,G,D,L,I,M,A,A,E,L,V,T,P,E,A,I,N,F,M,A,T,Y,G,R,G,L,I,C,Q,T,M,T,R,A,R,C,Q,Q,L,N,L,P,L,M,V,T,N,F,T,V,S,I,E,A,A,Q,G,V,T,T,G,I,S,A,H,D,R,A,V,T,I,Q,A,A,V,A,K,N,A,K,A,S,D,L,V,Q,P,G,H,I,F,P,L,M,A,Q,E,G,G,V,L,T,R,A,G,H,T,E,A,G,C,D,L,A,R,L,A,G,L,E,P,S,G,V,I,V,E,I,L,N,E,D,G,T,M,A,R,R,P,D,L,E,K,F,S,E,K,H,G,I,K,I,G,T,I,A,D,L,I,E,Y,R,N,-,-
-,-,-,-,-,-,-,-,-,-,-,-,I,E,D,V,V,A,D,I,Q,A,G,K,M,V,I,L,V,D,N,E,G,D,L,C,M,A,A,E,M,V,T,P,E,A,V,N,F,M,A,T,H,G,R,G,L,I,C,L,T,L,T,P,E,Q,L,E,R,L,Q,L,P,M,M,V,R,A,F,T,V,S,I,E,A,R,T,G,V,T,T,G,I,S,A,A,D,R,A,R,T,I,Q,V,A,V,N,P,E,A,K,P,A,D,L,I,S,P,G,H,I,F,P,L,R,A,K,R,G,G,V,L,V,R,T,G,Q,T,E,G,S,V,D,L,A,R,I,A,G,L,N,P,A,G,V,I,C,E,I,M,K,D,D,G,T,M,A,R,M,P,D,L,Q,E,F,A,Q,K,H,E,L,K,I,A,T,I,A,D,L,V,A,Y,R,-,-,-
-,-,-,-,-,-,-,-,-,-,-,-,I,E,E,A,I,E,D,I,R,N,G,K,M,I,I,L,V,D,N,E,G,D,L,C,M,A,A,Q,F,V,S,P,D,A,I,N,F,M,A,K,Y,G,R,G,L,I,C,L,T,L,N,E,E,Q,A,E,K,L,N,L,P,M,M,V,Q,A,F,T,V,S,I,E,A,R,C,G,V,T,T,G,I,S,A,A,D,R,A,T,T,I,Q,A,A,V,S,D,D,V,K,P,E,D,L,V,S,P,G,H,V,F,P,I,V,A,K,K,G,G,V,L,V,R,T,G,Q,T,E,G,S,V,D,L,A,R,L,S,G,L,K,P,A,G,V,I,C,E,I,M,K,D,D,G,T,M,A,R,M,P,D,L,E,I,F,A,E,Q,H,G,L,K,I,A,T,I,A,D,L,I,E,F,R,M,K,H
-,-,-,-,-,-,-,-,-,-,-,-,L,K,A,A,I,E,A,I,R,A,G,G,M,V,V,M,V,D,N,E,G,D,L,V,M,A,A,Q,F,A,T,P,E,A,I,N,F,M,V,R,E,A,R,G,L,V,C,L,P,L,E,A,E,Q,V,D,R,L,G,L,P,P,M,V,T,A,F,T,V,S,I,E,A,A,T,G,V,T,T,G,I,S,A,A,D,R,A,R,T,I,V,V,A,A,N,P,D,A,T,P,D,D,V,V,S,P,G,H,I,F,P,L,R,A,H,P,E,G,V,L,G,R,N,G,H,T,E,G,S,I,D,I,A,R,L,A,G,L,E,P,A,G,V,I,C,E,I,M,A,D,D,G,S,M,M,R,L,P,E,L,R,K,Y,A,A,K,H,N,M,P,V,V,S,I,A,D,L,Q,D,W,C,R,E,H
-,-,-,-,-,-,-,-,-,-,-,-,I,E,E,V,L,A,D,F,K,N,G,K,M,V,I,L,I,D,N,E,G,D,L,V,L,A,A,D,F,I,T,P,E,A,I,N,F,M,A,R,Y,G,R,G,L,I,C,L,T,L,T,E,E,R,C,R,Q,L,K,L,P,M,M,V,A,N,F,T,A,S,I,E,A,A,S,G,V,T,T,G,I,S,A,A,D,R,A,R,T,V,Q,T,A,V,Q,A,D,A,K,P,E,D,L,V,Q,P,G,H,I,F,P,L,K,A,Q,K,G,G,V,L,A,R,A,G,H,T,E,A,G,C,D,L,A,R,L,A,G,L,T,E,A,A,V,I,C,E,I,L,K,E,N,G,E,M,A,R,L,P,D,L,I,E,F,S,D,E,H,H,L,K,I,G,T,I,A,D,L,I,H,Y,R,R,-,-
-,L,L,E,Q,F,G,T,T,H,E,R,V,E,R,G,L,A,A,L,R,T,G,Q,G,V,L,V,A,D,N,E,G,D,L,I,F,A,A,E,T,L,T,P,A,Q,M,A,M,M,I,R,E,C,S,G,I,V,C,L,C,L,P,E,E,R,V,S,R,L,G,L,P,M,M,V,A,A,F,T,I,S,I,E,A,A,E,G,V,T,T,G,V,S,A,A,D,R,V,R,T,V,K,A,A,I,D,D,A,A,C,P,G,C,L,R,S,P,G,H,V,F,P,L,R,A,S,P,G,G,V,L,E,R,R,G,H,T,E,A,T,V,D,L,M,R,L,A,G,L,K,P,Y,G,V,L,C,E,L,T,N,P,D,G,T,M,A,R,L,P,Q,L,V,D,F,A,Q,R,N,R,M,T,V,L,T,V,E,D,L,V,A,Y,R,Q,-,-
-,-,-,-,-,-,-,-,P,L,D,D,I,D,E,A,L,K,A,I,A,A,G,R,P,V,V,V,V,D,N,E,G,D,L,V,F,A,A,D,A,A,T,P,E,L,L,A,F,M,I,R,H,T,S,G,V,V,C,V,P,M,L,G,E,D,L,D,R,L,N,L,P,L,M,T,P,A,Y,T,V,T,V,D,A,R,T,G,V,H,T,G,I,S,A,A,D,R,A,R,T,I,R,L,L,A,D,E,A,S,E,P,G,D,F,V,R,P,G,H,I,F,P,L,R,Y,R,P,G,G,V,L,V,R,R,G,H,T,E,A,A,V,D,L,A,R,L,A,G,R,R,P,A,G,V,I,A,E,I,V,N,D,D,G,T,M,A,R,L,P,E,L,R,A,F,A,D,E,H,G,L,A,L,V,S,I,E,Q,L,V,A,Y,R,R,-,-
-,-,-,-,-,-,-,-,-,-,Q,S,V,S,A,A,I,E,A,I,A,R,G,E,L,V,I,V,T,D,N,E,G,D,L,V,C,A,A,S,L,C,T,P,E,K,M,A,F,I,I,R,H,C,C,G,I,V,C,A,P,L,T,A,S,E,A,K,R,L,N,L,A,P,M,V,A,A,F,T,V,S,V,D,V,R,H,G,L,T,T,G,I,S,A,E,Q,R,S,N,T,V,R,A,L,A,N,G,N,M,G,A,A,D,F,V,R,P,G,H,V,F,P,L,V,A,R,E,G,G,V,L,M,R,S,G,H,T,E,A,A,V,D,L,V,R,L,A,G,L,P,P,V,G,V,I,C,E,L,A,N,D,D,G,T,V,M,A,G,P,Q,I,A,A,F,A,S,A,H,Q,L,K,Q,I,S,V,A,D,L,I,A,Y,R,Q,A,R
-,-,-,A,S,L,Q,Q,Y,L,A,S,A,E,E,I,I,E,E,A,R,A,G,R,M,F,I,L,V,D,N,E,G,D,L,V,I,P,A,Q,F,A,T,P,D,A,V,N,F,M,A,R,H,A,R,G,L,I,C,L,A,L,T,R,A,R,C,E,T,L,G,L,K,L,M,A,Q,A,F,T,V,S,I,E,A,R,E,G,V,T,T,G,I,S,A,A,D,R,A,R,T,I,A,V,A,I,N,P,E,C,G,A,A,D,I,V,S,P,G,H,I,F,P,L,M,A,R,D,G,G,T,L,V,R,T,G,H,T,E,A,A,V,D,I,A,R,L,A,G,L,T,P,A,G,V,I,C,E,I,M,N,E,D,G,T,M,A,R,L,P,D,L,V,S,V,A,Q,Y,H,N,L,K,L,G,T,I,A,D,L,I,A,Y,R,R,-,-
-,-,-,-,-,-,-,-,-,-,-,-,-,-,-,-,-,-,-,I,R,A,G,R,M,V,V,L,V,D,N,E,G,D,L,V,L,A,A,E,H,V,T,P,E,A,I,N,F,M,A,K,F,G,R,G,L,I,C,L,T,L,T,E,A,R,C,R,Q,L,D,L,H,L,M,V,R,A,F,T,T,S,I,E,A,A,E,G,V,T,T,G,I,S,A,H,D,R,S,R,T,V,Q,A,A,V,A,R,H,A,K,P,A,D,I,V,Q,P,G,H,I,F,P,L,M,A,Q,K,G,G,V,L,I,R,A,G,H,T,E,A,G,C,D,L,A,A,L,A,G,L,E,P,A,S,V,I,C,E,I,L,K,D,D,G,T,M,A,R,L,P,D,L,V,E,F,A,K,E,H,G,L,K,I,G,A,I,R,D,L,I,E,Y,R,S,A,N
-,-,-,-,-,-,-,-,-,-,-,R,V,H,A,A,L,D,A,L,R,R,G,L,P,V,I,V,A,D,N,E,A,D,L,I,L,A,A,D,T,L,T,V,P,E,M,A,R,M,I,R,D,G,S,G,I,V,C,L,C,L,T,P,E,R,A,E,R,L,Q,L,P,P,M,A,A,A,F,T,V,A,I,E,A,A,Q,G,V,T,T,G,V,S,A,A,D,R,T,T,T,I,R,A,A,I,H,P,D,A,K,P,G,D,L,V,R,P,G,H,V,Y,P,I,V,A,R,A,G,G,V,R,E,R,R,G,H,T,E,A,S,V,E,L,A,R,L,A,G,F,S,P,A,G,V,L,C,E,L,M,N,P,D,G,T,M,M,R,G,Q,Q,V,Q,D,Y,A,E,R,H,D,L,P,Q,L,S,V,A,E,L,A,E,W,L,Q,-,-
-,-,-,-,-,-,-,-,-,F,N,T,V,E,E,A,I,E,D,I,R,Q,G,K,I,I,V,V,V,D,N,E,G,D,L,I,M,A,A,E,K,V,T,P,E,A,V,N,F,M,A,V,H,G,R,G,L,I,C,L,P,I,V,G,K,R,L,D,E,L,E,L,P,A,M,V,T,N,F,T,V,S,V,D,A,K,-,D,C,T,T,G,I,S,A,H,E,R,A,M,T,I,K,A,V,L,D,P,Q,T,K,P,S,D,L,R,R,P,G,H,V,F,P,L,R,A,K,E,G,G,V,L,R,R,A,G,H,T,E,A,A,V,D,L,A,K,M,A,G,L,Y,P,A,G,V,I,C,E,I,M,K,E,D,G,T,M,A,R,V,P,E,L,M,E,F,V,R,I,H,G,L,K,I,I,T,I,A,D,L,I,Q,Y,R,R,-,-
S,L,L,S,E,F,G,T,P,E,Q,R,V,T,R,A,V,E,A,L,R,S,G,R,G,V,M,V,L,D,N,E,G,D,M,I,F,A,A,E,T,M,T,V,E,Q,M,A,L,T,I,R,H,G,S,G,I,V,C,L,C,L,N,E,E,R,L,E,Q,L,D,L,P,M,M,V,Q,N,F,T,V,T,I,E,A,A,R,G,V,T,T,G,V,S,A,T,D,R,L,T,T,I,R,T,A,I,A,D,D,A,K,P,S,D,L,N,R,P,G,H,V,F,P,L,R,A,R,S,G,G,V,L,T,R,G,G,H,T,E,A,T,I,D,L,V,T,L,A,G,F,K,P,A,G,V,L,C,E,L,T,N,D,D,G,S,M,A,H,A,P,E,V,M,V,F,A,R,Q,H,N,M,P,V,V,T,I,E,D,L,V,S,W,R,H,S,Q
-,-,-,-,-,-,-,-,P,F,C,T,I,E,E,A,I,E,D,L,R,E,G,K,M,V,I,M,V,D,N,E,G,D,L,V,C,A,A,E,K,V,T,P,E,I,I,N,F,M,A,T,H,G,R,G,L,I,C,L,A,M,S,G,E,M,I,D,Q,L,Q,L,P,L,M,A,Q,N,F,T,V,S,I,E,A,R,E,G,V,T,T,G,I,S,A,A,D,R,A,T,T,I,L,A,A,V,K,D,G,V,Q,P,E,D,I,V,T,P,G,H,I,F,P,L,R,A,K,D,G,G,V,L,V,R,A,G,Q,T,E,G,S,V,D,L,A,R,L,A,G,L,K,P,A,G,V,I,C,E,I,M,K,D,D,G,T,M,A,R,L,P,D,L,K,E,Y,A,K,Q,H,D,L,K,I,C,S,T,E,D,L,I,K,Y,R,-,-,-
-,-,-,-,-,-,-,-,-,-,D,R,V,E,K,A,I,A,Y,L,R,A,G,K,M,V,I,L,T,D,N,E,G,D,L,C,L,A,A,E,K,V,T,P,A,A,V,N,F,M,A,R,Y,G,R,G,L,V,C,L,S,L,T,E,E,K,V,R,Q,L,R,L,P,L,M,V,D,A,F,T,V,S,I,E,A,R,Q,G,V,S,T,G,I,S,A,K,D,R,A,H,T,I,L,T,A,V,A,D,G,C,R,P,E,D,L,A,R,P,G,H,V,F,P,L,R,A,R,K,G,G,V,L,V,R,A,G,Q,T,E,G,S,V,D,L,A,R,L,A,G,L,K,P,A,G,V,I,C,E,V,M,N,D,D,G,T,M,A,R,M,P,E,L,E,K,L,S,R,A,H,D,L,P,I,V,S,V,A,D,L,I,S,Y,R,-,-,-
-,-,-,A,S,T,H,A,P,F,D,S,V,E,S,A,I,A,D,I,A,A,G,R,L,V,I,V,T,D,N,E,G,D,L,I,M,S,A,A,K,A,T,P,E,T,V,N,M,M,I,R,Y,C,S,G,I,V,C,V,P,T,L,E,P,Q,L,R,R,L,G,L,G,P,M,V,Q,D,F,A,V,S,V,D,A,A,E,G,I,S,T,G,I,S,A,H,D,R,T,Q,T,I,R,I,L,A,N,P,E,S,R,P,E,Q,L,V,Q,P,G,H,V,F,P,L,R,A,K,P,G,G,V,L,E,R,A,G,H,T,E,A,A,V,D,L,A,L,L,A,G,H,P,P,A,G,V,L,C,E,L,V,N,D,D,G,T,V,Q,R,L,P,Q,L,I,E,F,K,Q,R,F,G,L,K,M,I,S,I,A,Q,L,I,E,H,R,-,-,-
S,L,L,A,Q,F,G,N,P,L,T,R,V,D,A,A,L,D,A,L,R,R,G,H,G,V,L,V,V,D,N,E,G,D,L,I,F,A,A,E,S,L,T,N,A,Q,M,A,M,L,I,R,E,C,S,G,I,V,C,L,C,L,T,D,E,R,V,R,Q,L,E,L,P,P,M,V,A,A,F,T,V,S,I,E,A,K,Q,G,V,T,T,G,V,S,A,A,D,R,V,T,T,I,R,A,A,I,A,D,G,A,K,P,C,D,L,A,R,P,G,H,V,Y,P,L,R,A,H,P,A,G,V,L,G,R,R,G,H,T,E,G,T,V,D,L,M,R,L,A,G,L,K,P,F,G,V,L,C,E,L,T,N,P,D,G,T,M,A,R,L,P,E,I,I,A,F,G,Q,A,H,Q,M,P,V,L,S,I,E,D,L,V,Q,Y,R,E,A,-
-,-,-,-,-,-,-,-,-,-,-,-,-,-,-,-,-,-,-,-,R,N,G,E,S,I,V,V,V,D,N,E,G,D,L,I,C,A,A,Q,F,A,T,P,E,Q,I,N,F,M,A,T,E,A,R,G,L,I,C,L,A,M,E,G,E,R,L,D,A,L,D,L,P,L,M,V,D,A,F,T,V,S,V,D,A,G,N,G,V,S,T,G,I,S,A,D,D,R,A,R,T,I,Q,V,A,I,H,P,G,T,R,P,S,D,L,R,R,P,G,H,I,F,P,L,R,A,R,Q,G,G,V,L,K,R,A,G,H,T,E,A,A,V,D,L,A,R,L,A,G,L,Y,P,A,G,V,I,C,E,I,Q,N,P,D,G,S,M,A,R,L,P,Q,L,A,A,Y,A,A,R,H,G,L,R,L,I,N,I,A,D,L,I,R,Y,R,-,-,-
-,-,L,V,Q,F,G,T,S,K,E,R,V,E,N,A,L,E,Q,L,K,N,G,K,G,I,I,V,T,D,N,E,G,D,L,I,F,S,A,H,H,M,N,T,A,D,M,A,L,M,I,R,E,C,S,G,I,V,C,L,C,L,P,N,E,K,A,D,Q,L,D,L,P,Y,M,V,K,E,F,T,V,T,I,E,A,K,K,G,V,T,T,G,V,S,A,A,D,R,I,T,T,I,K,A,A,I,A,Q,N,A,K,P,E,D,L,A,R,P,G,H,I,F,P,L,R,A,R,D,N,G,V,L,E,R,N,G,H,T,E,G,S,V,D,L,M,K,L,A,G,L,Q,P,E,A,V,L,C,E,L,M,N,E,D,G,S,M,A,K,L,D,K,I,I,S,F,A,Q,Q,H,D,L,V,V,L,S,I,E,D,I,L,H,Y,R,K,-,-
T,L,L,E,Q,F,G,N,A,R,E,R,V,E,K,G,L,Q,A,L,R,D,G,Q,G,V,L,V,A,D,N,E,G,D,L,I,F,S,A,E,S,L,T,E,A,Q,M,A,M,L,I,R,E,C,S,G,I,V,C,L,C,M,P,D,E,K,I,R,S,L,E,L,P,M,M,V,E,A,F,T,V,S,I,E,A,A,Q,G,V,T,T,G,V,S,A,K,D,R,V,T,T,V,K,T,A,A,A,D,G,A,K,P,A,D,L,S,K,P,G,H,V,F,P,L,R,A,R,P,G,G,V,L,E,R,R,G,H,T,E,A,T,V,D,M,M,R,L,A,G,L,K,P,C,G,V,L,C,E,L,T,N,P,D,G,T,M,A,R,L,P,Q,L,A,D,F,A,K,K,H,G,M,V,L,L,T,V,E,D,L,A,A,Y,R,E,S,Q
-,-,-,-,-,-,-,S,P,F,A,P,I,E,A,A,L,A,D,I,R,A,G,K,M,V,I,V,T,D,N,E,G,D,L,I,C,A,A,E,L,A,T,A,E,T,V,N,F,M,A,R,Y,G,R,G,L,I,C,V,P,V,T,E,E,Y,A,Q,R,L,G,L,S,A,M,V,K,N,F,T,V,S,V,D,A,A,H,G,V,T,T,G,I,S,A,Q,D,R,A,H,T,I,S,V,L,A,N,L,K,S,K,D,S,D,L,V,Q,P,G,H,V,F,P,L,I,A,K,N,G,G,V,L,R,R,A,G,H,T,E,A,A,V,D,L,A,R,M,A,G,L,E,P,S,G,V,I,C,E,I,L,N,D,D,G,T,M,A,R,L,P,Q,L,L,E,F,G,R,Q,H,D,L,K,V,C,T,I,E,S,L,I,R,Y,R,Q,-,-
S,L,L,T,P,F,G,N,P,F,Q,R,V,E,Q,A,L,S,A,L,Q,Q,G,N,G,V,L,V,V,D,N,E,G,D,L,I,F,S,A,E,K,M,T,P,Q,Q,M,A,L,M,I,R,E,C,S,G,I,V,C,L,C,L,T,E,E,R,I,R,Q,L,A,L,P,M,M,V,E,G,F,T,V,T,I,E,A,A,R,G,V,T,T,G,V,S,A,Q,D,R,I,T,T,I,R,T,A,I,A,D,G,A,V,A,S,D,L,N,R,P,G,H,V,F,P,L,R,A,R,A,G,G,V,L,T,R,R,G,H,T,E,A,T,I,D,L,M,K,L,A,G,L,K,P,Y,G,V,L,C,E,V,Q,N,E,D,G,S,M,A,R,L,P,G,I,V,E,F,A,N,K,H,N,M,P,V,L,C,I,E,D,L,V,A,Y,-,-,-,-
