1.17054263566,0.273722627737,0.395348837209,0.0794979079498,0.0,0.0,0.0,0.0,0.0205128205128,0.00418410041841,0.253164556962,0.805970149254,0.389743589744,0.317307692308,0.264900662252,0.540084388186,0.708520179372,0.218543046358,0.0,0.379746835443,0.491071428571,0.0304568527919,0.0,0.285714285714,0.222627737226,0.0149253731343,0.138461538462,0.645348837209,0.124031007752,0.682119205298,0.0862944162437,0.125786163522,0.65625,0.553846153846,0.0459770114943,0.241071428571,0.0,0.0,0.0,0.0,0.0,0.106918238994,0.356589147287,0.697674418605,0.186311787072,0.0547263681592,0.528497409326,0.216730038023,0.0,0.247126436782,0.53642384106,0.0796019900498,0.155172413793,0.53164556962,0.189873417722,0.77358490566,0.152466367713,0.0632183908046,0.186046511628,0.0287356321839,0.0,0.015503875969,0.206278026906,0.0666666666667,0.015503875969,0.197718631179,0.134328358209,0.459915611814,0.147286821705,0.596026490066,0.605769230769,0.736434108527,0.322175732218,0.895348837209,0.673076923077,0.330357142857,0.297435897436,0.0529801324503,0.0,0.331606217617,0.511210762332,0.0152284263959,0.405063291139,0.689119170984,0.195402298851,0.211538461538,0.0077519379845,0.455696202532,0.0780141843972,0.00574712643678,0.010152284264,0.00995024875622,0.0,0.0526315789474,0.158940397351,0.303571428571,0.21897810219,0.14598540146,0.470198675497,0.642585551331,0.485355648536,0.736842105263,0.0625,0.476683937824,0.165803108808,0.409282700422,0.217573221757,0.00507614213198,0.0,0.243523316062,0.0126582278481,0.0,0.476793248945,0.205020920502,0.0232558139535,0.203980099502,0.538461538462,0.255605381166,0.615384615385,0.0172413793103,0.0769230769231,0.0,0.0,0.00497512437811,0.0,0.010152284264,0.0961538461538,0.00446428571429,0.209302325581,0.18407960199,0.571428571429,0.285714285714,0.26582278481,0.679324894515,0.511627906977,0.5,0.438818565401,0.145348837209,0.353233830846,0.440414507772,0.0344827586207,0.0229885057471,0.348214285714,0.408759124088,0.0403587443946,0.0,0.205128205128,0.15503875969,0.0172413793103,0.119402985075,0.602678571429,0.321428571429,0.0574712643678,0.831223628692,0.538860103627,0.0425531914894,0.575581395349,0.523076923077,0.0172413793103,0.0,0.0,0.0,0.00760456273764,0.0669642857143,0.0062893081761,0.241379310345,0.031914893617,0.131782945736,0.46192893401,0.865384615385,0.302325581395,0.75,0.442786069652,0.627906976744,0.193798449612,0.296511627907,0.100628930818,0.517857142857,0.243523316062,0.0077519379845,0.192825112108,0.502590673575,0.0659898477157,0.0,0.271317829457,0.291390728477,0.00507614213198,0.0693430656934,0.675105485232,0.117154811715,0.0,0.232558139535,0.549668874172,0.46835443038,0.208955223881,0.278846153846,0.60621761658,0.535864978903,0.31007751938,0.0077519379845,0.225165562914,0.540178571429,0.0398009950249,0.105839416058,0.0,0.0,0.0342205323194,0.125,0.0865384615385,0.549668874172,0.046511627907,0.241025641026,0.201923076923,0.708609271523,0.2,0.0077519379845,0.379310344828,0.354651162791,0.0167364016736,0.345991561181,0.699481865285,0.160337552743,0.573643410853,0.145077720207,0.00574712643678,0.0414507772021,0.0,0.0,0.0398009950249,0.0114942528736,0.173076923077,0.5,0.0697674418605,0.0,0.243781094527,0.434599156118,0.48427672956,0.191964285714,0.0167364016736,0.149425287356,0.492227979275,0.0,0.00507614213198,0.235897435897,0.0927152317881,0.273722627737,0.907692307692
C,R,K,F,F,V,G,G,N,W,K,M,N,G,D,K,A,K,I,L,S,I,L,E,L,L,N,S,S,N,L,S,S,K,T,E,V,V,V,A,P,P,S,I,Y,V,S,Y,V,K,D,H,I,K,-,P,E,V,S,V,S,L,Q,N,C,H,E,A,T,S,G,A,F,T,G,E,I,S,A,E,M,G,Q,D,V,G,C,K,W,V,I,L,G,H,S,E,R,R,N,V,F,G,E,T,N,S,V,I,G,E,K,I,K,H,V,L,S,T,N,L,N,I,I,A,C,I,G,E,L,L,D,E,R,E,A,G,K,T,L,E,V,C,A,T,Q,M,K,A,I,A,S,N,V,S,D,W,S,R,I,V,I,A,Y,E,P,V,W,A,I,G,T,G,K,V,A,T,P,S,Q,A,Q,E,V,H,L,D,V,R,K,W,L,A,L,N,V,S,E,D,V,A,Q,A,T,R,I,L,Y,G,G,S,V,T,G,T,N,C,A,E,L,A,L,K,E,D,V,D,G,F,L,V,G,G,A,S,L,K,P,E,F,I,D,I,I,N,A,-,-
-,R,R,F,F,V,G,G,N,F,K,M,N,G,N,K,S,S,L,D,D,I,I,T,N,L,N,T,V,N,-,S,P,E,T,D,V,V,V,A,P,S,P,L,Y,L,D,Y,V,T,N,K,I,T,-,S,Q,V,K,V,A,A,Q,N,C,Y,K,A,A,K,G,A,Y,T,G,E,V,S,P,A,M,L,S,D,V,G,V,N,W,V,I,L,G,H,S,E,R,R,H,V,F,N,E,S,N,E,L,I,G,Q,K,V,K,H,A,L,E,S,G,L,S,V,I,P,C,I,G,E,K,L,D,E,R,E,A,G,V,T,E,Q,V,V,F,E,Q,M,T,F,I,K,D,N,V,E,D,W,S,K,V,V,I,A,Y,E,P,V,W,A,I,G,T,G,K,T,A,T,P,G,Q,A,Q,E,V,H,E,K,L,R,K,W,L,A,D,N,V,S,D,D,V,S,K,S,T,R,I,I,Y,G,G,S,V,N,A,G,N,C,K,E,L,A,K,G,K,D,I,D,G,F,L,V,G,G,A,S,L,K,P,E,F,L,D,I,I,-,-,-,-
A,R,K,F,F,V,G,G,N,F,K,M,N,G,T,R,K,D,L,K,A,I,V,D,N,L,N,N,A,Q,L,D,P,N,A,E,V,V,I,A,P,P,A,L,Y,L,D,F,V,K,Q,N,L,Q,K,P,N,V,E,V,A,A,Q,N,V,F,N,K,P,N,G,A,F,T,G,E,I,S,A,T,Q,L,L,D,L,G,V,K,W,V,I,L,G,H,S,E,R,R,N,E,L,G,E,S,D,E,F,I,A,S,K,T,K,Y,A,L,D,N,G,I,S,V,I,W,C,C,G,E,S,K,D,T,R,Q,A,G,E,T,I,K,F,V,E,N,Q,L,A,A,L,A,K,E,I,N,D,W,K,N,V,V,I,A,Y,E,P,I,W,A,I,G,T,G,L,V,A,T,K,E,Q,A,Q,E,V,H,A,A,I,R,S,W,L,K,Q,N,V,S,D,K,V,A,E,E,T,R,I,L,Y,G,G,S,V,N,A,K,N,C,K,D,L,A,K,E,Q,D,I,D,G,F,L,V,G,G,A,S,L,K,P,E,F,V,D,I,I,N,A,-,-
S,R,K,Y,F,V,G,G,N,F,K,C,N,G,T,K,E,S,L,K,T,L,I,D,S,F,K,Q,V,E,-,S,S,N,S,E,V,Y,V,F,P,T,S,L,H,I,S,L,V,K,E,-,-,-,-,P,G,V,K,I,G,S,Q,N,I,S,C,T,G,N,G,A,F,T,G,E,V,S,C,E,M,L,K,D,M,D,I,D,C,S,L,V,G,H,S,E,R,R,Q,Y,Y,S,E,T,D,Q,I,V,N,N,K,V,K,K,G,L,E,N,G,L,K,I,V,L,C,I,G,E,S,L,S,E,R,E,T,G,K,T,N,D,V,I,Q,K,Q,L,T,E,A,L,K,D,V,S,D,L,S,N,L,V,I,A,Y,E,P,I,W,A,I,G,T,G,V,V,A,T,P,E,Q,A,Q,E,A,H,A,F,I,R,E,Y,V,T,K,M,Y,N,S,Q,V,S,S,N,L,R,I,I,Y,G,G,S,V,T,P,D,N,C,N,E,L,I,K,C,A,D,I,D,G,F,L,V,G,G,A,S,L,K,P,T,F,A,K,I,I,E,S,-,-
-,R,K,F,I,V,G,G,N,W,K,M,N,G,S,R,E,S,I,D,G,I,I,Q,F,L,K,Q,G,P,L,N,E,S,T,E,V,V,V,G,P,P,F,V,Y,L,S,Y,V,K,E,N,L,P,-,D,K,V,S,I,A,A,Q,N,C,Y,Y,A,S,K,G,A,F,T,G,E,I,S,A,E,M,A,V,D,I,G,C,E,W,V,I,L,G,H,S,E,R,R,N,V,F,G,E,T,D,E,I,I,G,K,K,V,A,H,A,L,T,S,G,L,K,V,I,A,C,I,G,E,L,L,S,E,R,E,E,G,R,T,F,D,V,L,S,R,Q,I,K,A,I,A,D,N,I,S,D,W,S,K,V,V,I,A,Y,E,P,V,W,A,I,G,T,G,K,T,A,T,P,Q,Q,A,Q,Q,V,H,L,Q,L,R,N,W,L,K,E,H,I,S,D,S,V,A,A,S,C,R,I,M,Y,G,G,S,V,N,A,G,N,C,K,D,L,A,V,Q,P,D,V,D,G,F,L,V,G,G,A,S,L,K,P,D,F,V,Q,I,V,N,A,R,-
-,R,K,F,F,V,G,G,N,F,K,M,N,T,T,R,E,A,K,K,A,L,I,K,V,L,N,E,A,D,L,D,P,N,A,E,V,V,I,S,P,P,H,L,Y,L,I,P,V,K,E,L,V,R,K,-,D,I,K,V,A,A,Q,N,C,Y,V,K,E,S,G,A,F,T,G,E,I,S,P,H,Q,L,A,D,A,G,I,P,Y,V,I,L,G,H,S,E,R,R,T,I,L,H,E,S,S,E,F,V,A,Q,K,T,R,A,A,I,D,A,G,L,S,I,I,L,C,I,G,E,T,L,K,E,R,E,A,G,E,T,A,K,V,C,E,A,Q,L,K,P,V,I,D,L,L,K,D,W,S,K,V,V,V,A,Y,E,P,V,W,A,I,G,T,G,N,-,S,H,A,Q,Q,A,Q,E,A,H,A,D,I,R,A,F,L,S,K,A,V,S,L,S,V,A,S,S,T,R,I,I,Y,G,G,S,V,S,A,A,N,C,K,E,L,A,T,L,P,D,V,D,G,F,L,V,G,G,A,S,L,K,P,E,F,V,Q,V,I,N,S,K,-
-,R,K,F,F,V,G,G,N,W,K,C,N,G,T,V,E,Q,V,E,A,I,V,Q,T,L,N,A,G,Q,I,V,D,V,V,E,V,V,V,S,P,P,Y,V,F,L,P,I,V,K,A,K,-,-,R,P,E,I,Q,V,A,A,Q,N,C,W,V,K,K,G,G,A,F,T,G,E,V,S,A,E,M,L,A,N,L,G,V,P,W,V,I,L,G,H,S,E,R,R,S,L,L,G,E,S,S,E,F,V,G,E,K,V,A,Y,A,L,A,Q,G,L,K,V,I,A,C,V,G,E,T,L,E,Q,R,E,A,G,S,T,M,E,V,V,A,E,Q,T,K,A,I,A,G,K,I,K,D,W,S,N,G,V,V,A,Y,E,P,V,W,A,I,G,T,G,K,V,A,T,P,A,Q,A,Q,E,V,H,A,N,L,R,D,W,L,K,T,N,V,S,P,E,V,A,E,S,T,R,I,I,Y,G,G,S,V,T,G,A,S,C,K,E,L,A,A,Q,A,D,V,D,G,F,L,V,G,G,A,S,L,K,P,E,F,I,D,I,I,N,A,-,-
-,R,K,L,W,V,G,G,N,W,K,C,N,G,T,K,G,S,V,D,T,L,I,K,T,L,N,E,A,D,L,P,E,A,L,D,V,V,V,A,P,P,H,L,W,L,T,H,T,I,E,T,I,-,K,D,R,V,T,V,S,S,Q,D,C,N,Q,F,G,M,G,A,Y,T,G,S,L,S,P,E,M,L,L,D,A,G,I,K,T,T,I,I,G,H,S,E,R,R,D,I,F,H,E,N,D,E,E,I,G,K,K,V,A,K,A,L,S,C,G,M,N,V,I,A,C,L,G,E,H,L,E,E,R,K,S,G,K,T,N,E,V,L,F,R,Q,L,A,A,I,S,A,N,V,T,D,W,S,K,V,V,I,A,Y,E,P,V,W,A,I,G,T,G,V,V,A,T,P,E,Q,A,Q,E,A,H,Q,A,L,R,G,W,L,N,E,K,V,S,A,E,V,A,A,S,V,R,I,V,Y,G,G,S,V,S,A,V,N,S,A,D,L,A,K,M,P,D,V,D,G,F,L,V,G,G,A,S,L,K,P,D,F,I,V,I,-,-,-,-,-
A,R,K,F,F,V,G,G,N,F,K,M,N,G,T,Q,K,S,I,T,D,I,I,T,N,L,N,S,A,N,L,D,P,N,T,E,V,V,I,S,P,P,S,L,Y,L,I,L,S,R,S,L,A,D,P,-,K,I,G,V,A,S,Q,N,V,F,D,K,P,M,G,A,Y,T,G,E,L,S,V,E,Q,L,Q,D,C,G,I,S,W,T,L,V,G,H,S,E,R,R,V,I,L,K,E,D,D,D,F,A,A,R,K,T,K,S,A,I,D,G,G,L,S,V,I,L,C,V,G,E,T,L,E,E,R,E,A,D,K,T,V,D,V,V,T,R,Q,L,G,A,V,A,S,R,L,Q,D,W,S,K,L,V,V,A,Y,E,P,V,W,A,I,G,T,G,K,V,A,T,T,E,Q,A,Q,E,V,H,A,A,V,R,K,Y,I,A,E,S,V,S,P,S,V,A,E,N,L,R,I,I,Y,G,G,S,V,N,E,K,N,C,K,E,L,A,K,Q,A,D,V,D,G,F,L,V,G,G,A,S,L,K,P,A,F,V,D,I,V,N,A,R,-
-,-,-,F,F,V,G,G,N,W,K,C,N,G,S,V,A,S,V,R,K,L,V,D,E,L,N,S,G,S,V,P,R,G,V,D,I,V,C,A,P,P,F,I,Y,I,D,Y,V,M,Q,H,L,D,K,D,K,Y,Q,L,A,A,Q,N,C,W,I,G,G,N,G,A,Y,T,G,E,V,S,A,E,Q,L,Q,D,F,G,L,P,W,V,I,L,G,H,S,E,R,R,S,L,C,G,E,T,N,Q,V,V,A,K,K,T,A,H,A,L,D,V,G,L,G,V,I,A,C,V,G,E,T,L,D,Q,R,N,S,G,A,M,F,Q,V,L,D,G,Q,M,Q,A,L,V,D,E,V,K,D,W,S,K,V,V,I,A,Y,E,P,V,W,A,I,G,T,G,V,V,A,T,P,E,Q,A,Q,E,V,H,A,Y,L,R,R,F,C,Q,S,K,L,G,T,S,V,A,D,Q,L,R,I,I,Y,G,G,S,V,N,D,A,N,C,K,E,L,S,V,Q,E,D,I,D,G,F,L,V,G,G,A,S,L,K,S,A,F,V,T,I,C,N,S,-,-
-,R,K,L,F,V,G,G,N,W,K,M,N,G,S,Y,S,H,I,N,T,F,F,D,T,L,Q,K,A,D,T,D,P,N,A,D,I,V,I,G,V,P,A,C,Y,L,K,Y,A,Q,D,K,A,P,-,-,K,I,K,I,A,A,E,N,C,Y,K,V,G,S,G,A,F,T,G,E,I,S,T,E,M,I,K,D,C,G,C,E,W,V,I,L,G,H,S,E,R,R,H,I,F,G,E,S,N,E,L,I,G,E,K,V,K,H,A,L,D,S,G,L,N,V,I,P,C,I,G,E,L,L,S,E,R,E,A,G,K,T,N,D,V,C,F,A,Q,M,D,A,I,A,K,N,V,P,S,W,D,K,V,V,I,A,Y,E,P,V,W,A,I,G,T,G,K,T,A,T,P,A,Q,A,Q,E,V,H,K,V,V,R,D,W,I,R,K,H,V,D,A,G,I,A,D,K,V,R,I,L,Y,G,G,S,V,T,A,S,N,A,K,D,L,G,T,Q,P,D,V,D,G,F,L,V,G,G,A,S,L,K,P,D,F,I,T,I,I,N,A,R,-
A,R,R,F,C,V,G,G,N,W,K,M,H,G,S,K,N,S,I,R,D,I,C,N,T,L,K,G,A,S,L,D,P,N,V,E,V,I,V,A,C,P,A,P,Y,L,D,Y,C,R,S,L,L,P,-,P,S,V,A,L,A,A,Q,N,C,Y,K,V,E,Q,G,A,F,T,G,E,I,S,P,G,M,I,K,D,C,G,G,Q,W,V,I,L,G,H,S,E,R,R,H,V,F,K,E,D,D,V,L,I,G,E,K,I,K,H,A,L,E,S,G,L,N,V,I,A,C,I,G,E,L,L,E,D,R,E,A,G,R,T,E,E,V,C,F,R,Q,I,K,H,I,A,S,N,V,K,D,W,S,K,V,V,I,A,Y,E,P,V,W,A,I,G,T,G,K,T,A,T,P,D,Q,A,Q,E,V,H,S,K,V,R,N,W,L,S,T,N,V,S,A,D,V,A,S,K,V,R,I,Q,Y,G,G,S,V,N,A,G,N,C,K,E,L,G,R,K,P,D,I,D,G,F,L,V,G,G,A,S,L,K,P,E,F,V,Q,I,I,N,A,-,-
-,R,R,L,F,V,G,G,N,W,K,C,N,N,T,L,A,Q,T,K,D,L,V,N,N,L,N,K,L,H,F,P,A,K,V,D,V,V,V,A,P,V,F,L,H,V,P,W,V,A,E,H,I,Q,K,-,P,V,Q,V,S,V,Q,N,T,S,L,T,G,T,G,A,Y,T,G,E,I,S,V,A,H,V,K,D,L,G,L,N,W,A,I,L,G,H,S,E,R,R,Q,Y,Y,G,E,T,N,E,V,V,A,N,K,V,K,Y,A,V,E,N,G,L,D,V,I,A,C,V,G,E,H,L,A,D,R,E,A,N,Q,T,N,Q,V,V,E,G,Q,L,E,A,I,R,G,K,L,N,E,W,E,K,I,V,I,A,Y,E,P,V,W,A,I,G,T,G,K,V,A,T,P,A,Q,A,Q,E,V,H,E,F,I,R,S,Y,L,T,Q,K,V,S,Q,N,V,S,Q,K,T,R,I,L,Y,G,G,S,V,T,E,K,N,A,G,E,L,I,H,Q,K,D,I,D,G,F,L,V,G,G,A,S,L,K,P,A,F,A,D,I,V,A,A,C,N
-,R,R,F,F,V,G,G,N,W,K,M,N,G,N,K,E,S,L,E,Q,L,I,T,T,L,N,T,A,S,L,D,D,Q,T,E,V,V,C,A,A,P,S,I,Y,L,D,F,A,R,S,L,L,D,-,P,R,I,G,V,S,A,Q,N,C,Y,K,V,A,K,G,A,F,T,G,E,I,S,P,A,M,I,K,D,S,G,A,D,W,V,I,L,G,H,S,E,R,R,H,V,F,G,E,S,D,E,L,I,G,Q,K,V,A,H,A,L,E,S,D,L,G,V,I,A,C,I,G,E,T,L,E,E,R,E,A,D,T,T,E,E,V,I,Y,A,Q,T,Q,V,I,A,E,N,V,T,D,W,G,K,V,V,L,A,Y,E,P,V,W,A,I,G,T,G,K,T,A,T,P,E,Q,A,Q,E,V,H,E,K,L,R,A,W,F,T,A,N,V,S,D,D,V,A,D,S,L,R,I,I,Y,G,G,S,V,T,G,A,N,C,R,E,L,A,S,Q,G,D,V,D,G,F,L,V,G,G,A,S,L,R,P,E,F,V,D,I,I,N,A,R,-
-,-,-,-,-,-,-,-,-,-,-,-,-,-,N,K,E,S,L,K,E,L,A,S,N,L,S,K,A,T,L,P,P,D,T,E,V,V,V,A,P,P,S,I,Y,L,K,Y,I,R,E,V,M,D,-,A,K,I,G,V,A,A,Q,N,C,Y,K,V,P,S,G,A,F,T,G,E,I,S,P,A,M,I,K,D,C,G,A,A,W,V,V,L,G,H,S,E,R,R,H,V,F,G,E,S,D,E,L,I,G,Q,K,V,G,H,A,L,A,E,G,L,G,V,I,A,C,V,G,E,K,L,D,E,R,E,A,G,S,T,E,K,V,V,F,E,Q,T,K,V,V,A,A,N,V,K,D,W,S,K,V,V,L,A,Y,E,P,V,W,A,I,G,T,G,K,T,A,T,P,Q,Q,A,Q,E,I,H,E,K,M,R,K,W,L,K,E,N,V,G,E,A,V,A,T,S,V,R,I,I,Y,G,G,S,V,T,A,A,T,C,K,E,L,A,G,M,S,D,V,D,G,F,L,V,G,G,A,S,L,K,P,E,F,L,E,I,I,K,A,R,Q
-,R,Q,F,F,V,G,G,N,F,K,M,N,G,V,A,Q,S,I,T,D,I,V,N,N,L,N,A,A,K,L,D,D,T,T,E,V,V,I,S,P,P,A,I,Y,L,A,L,T,R,E,L,A,N,P,-,K,I,G,V,A,A,Q,N,V,Y,D,K,P,N,G,A,F,T,G,E,I,S,V,E,Q,L,R,D,N,K,I,N,W,A,V,I,G,H,S,E,R,R,V,I,L,K,E,S,D,E,F,I,A,R,K,T,K,A,A,I,E,G,G,V,S,V,I,F,C,I,G,E,T,L,E,E,R,E,A,N,K,T,I,E,V,V,T,R,Q,L,N,A,V,A,K,E,L,E,Q,W,D,K,V,V,I,A,Y,E,P,V,W,A,I,G,T,G,K,V,A,T,T,E,Q,A,Q,E,V,H,A,A,I,R,K,W,L,G,E,A,I,S,A,Q,A,Q,E,N,V,R,V,I,Y,G,G,S,V,S,E,K,N,C,R,E,L,A,T,Q,P,D,V,D,G,F,L,V,G,G,A,S,L,K,P,A,F,V,D,I,I,N,A,R,-
-,R,K,F,F,V,G,G,N,W,K,C,N,G,T,T,E,E,V,K,K,I,V,T,T,L,N,E,A,K,V,P,D,V,V,E,V,V,V,S,P,P,F,V,F,L,P,F,V,K,S,L,L,-,R,P,D,F,H,V,S,A,Q,N,C,W,V,R,K,G,G,A,Y,T,G,E,V,S,A,E,M,L,V,N,L,G,I,P,W,V,I,I,G,H,S,E,R,R,Q,L,L,N,E,S,N,E,F,V,G,D,K,V,A,Y,A,L,Q,Q,G,L,K,V,I,A,C,I,G,E,T,L,E,Q,R,E,A,G,T,T,T,A,V,V,A,E,Q,T,K,A,I,A,A,K,I,S,N,W,D,N,V,V,L,A,Y,E,P,V,W,A,I,G,T,G,K,V,A,T,P,A,Q,A,Q,E,V,H,A,D,L,R,K,W,V,H,D,N,V,S,A,E,V,A,A,S,V,R,I,I,Y,G,G,S,V,N,G,G,N,C,K,E,L,A,A,Q,P,D,V,D,G,F,L,V,G,G,A,S,L,K,A,E,F,V,D,I,I,N,A,-,-
A,G,K,F,F,V,G,G,N,W,K,C,N,G,T,T,E,S,I,K,K,L,V,E,D,L,N,S,A,Q,I,E,D,D,V,D,V,V,V,A,P,P,F,L,Y,I,S,Q,V,V,G,S,L,-,T,D,R,I,E,V,S,A,Q,N,S,W,V,G,K,G,G,A,F,T,G,E,I,S,A,D,Q,L,V,D,V,G,V,K,W,V,I,Q,G,H,S,E,R,R,H,V,I,G,E,S,N,S,T,V,G,K,K,S,A,Y,A,L,S,K,G,L,G,L,I,A,C,V,G,E,L,L,E,E,R,E,A,G,R,T,T,D,V,V,F,E,Q,L,Q,A,Y,A,D,E,I,S,D,W,S,K,V,V,I,A,Y,E,P,V,W,A,I,G,T,G,K,V,A,S,P,Q,Q,A,Q,E,V,H,S,A,I,R,S,W,L,S,D,K,I,S,P,E,V,S,S,A,T,R,I,I,Y,G,G,S,V,N,G,A,N,S,A,E,L,A,K,Q,E,D,I,D,G,F,L,V,G,G,A,S,L,K,P,E,F,A,T,I,C,N,A,-,-
-,R,Q,K,I,V,A,G,N,W,K,M,N,G,S,K,E,S,I,V,S,L,I,S,G,L,L,E,-,M,D,S,S,S,S,E,V,V,V,A,P,S,F,P,Y,L,S,Q,V,D,G,L,I,S,A,S,S,I,V,L,A,A,Q,N,V,S,Q,E,V,K,G,A,F,T,G,E,V,S,T,S,M,L,G,D,F,G,V,K,Y,V,L,L,G,H,S,E,R,R,S,L,Y,G,E,T,N,E,L,V,A,S,K,V,K,T,V,L,D,S,G,L,T,P,M,L,C,I,G,E,T,L,A,E,R,E,S,G,K,T,L,E,I,C,E,Q,Q,L,Q,A,V,I,D,G,I,A,S,F,E,Q,L,V,I,A,Y,E,P,V,W,A,I,G,T,G,L,S,A,S,A,E,Q,A,Q,E,V,H,E,S,I,R,S,F,L,A,K,-,S,S,E,S,V,S,Q,K,V,Q,I,L,Y,G,G,S,V,K,A,S,T,S,S,A,L,F,Q,M,P,D,V,D,G,A,L,V,G,G,A,S,L,D,A,E,F,I,A,I,V,K,-,-,-
-,R,K,F,F,V,G,G,N,W,K,C,N,G,T,R,E,S,I,S,K,I,I,E,E,F,N,K,G,S,V,A,D,D,V,E,V,V,I,G,C,P,F,V,Y,A,D,Y,T,R,E,K,L,-,R,Q,D,W,A,L,S,V,Q,N,C,W,I,G,K,G,G,A,F,T,G,E,I,S,A,E,M,I,K,D,A,G,I,P,W,V,I,L,G,H,S,E,R,R,H,L,L,K,E,S,D,E,T,V,A,I,K,V,A,Y,A,L,A,N,G,L,K,V,M,A,C,I,G,E,L,L,E,E,R,E,G,G,Q,T,Q,A,V,N,E,R,Q,L,K,A,I,A,A,K,L,K,D,W,K,N,V,V,I,A,Y,E,P,V,W,A,I,G,T,G,K,V,A,T,P,E,Q,A,Q,E,V,H,E,Q,V,R,A,W,V,A,S,N,V,S,P,S,V,A,A,E,V,R,I,L,Y,G,G,S,V,T,A,K,N,S,A,E,L,A,G,K,P,D,V,D,G,F,L,V,G,G,A,S,L,K,P,E,F,L,D,I,V,-,-,-,-
-,R,K,F,F,V,G,G,N,W,K,M,N,G,D,K,D,E,L,T,K,I,C,N,S,L,M,N,A,K,L,H,E,T,T,E,V,V,V,A,P,P,S,I,Y,L,D,F,V,R,Q,K,L,P,-,A,K,I,G,V,S,A,Q,N,C,Y,K,I,P,K,G,A,F,T,G,E,I,S,P,A,M,I,K,D,N,M,C,D,W,V,I,L,G,H,S,E,R,R,H,V,F,G,E,S,D,H,L,I,G,E,K,V,K,H,A,L,E,S,G,I,S,I,I,P,C,I,G,E,K,L,D,E,R,E,S,N,K,T,N,E,V,C,F,R,Q,L,K,E,I,A,A,N,I,K,D,W,T,R,V,V,V,A,Y,E,P,V,W,A,I,G,T,G,K,T,A,S,P,A,Q,A,Q,E,V,H,K,C,V,R,D,W,L,K,T,N,V,S,E,E,V,A,K,S,T,R,I,L,Y,G,G,S,V,T,S,G,N,C,K,E,L,A,S,Q,P,D,V,D,G,F,L,V,G,G,A,S,L,K,P,E,F,I,D,I,I,N,A,K,-
-,-,-,-,I,V,G,G,N,W,K,C,N,L,D,K,A,G,V,S,A,L,V,T,S,L,N,G,M,D,C,-,T,D,C,E,V,V,V,A,P,V,A,V,H,L,G,S,V,V,D,N,V,-,K,A,P,I,E,V,S,G,Q,N,C,N,F,K,G,N,G,A,Y,T,G,E,V,S,A,D,Q,L,V,D,M,G,A,K,W,V,I,L,G,H,S,E,R,R,E,Y,F,K,E,D,N,E,M,L,R,Q,K,L,E,Y,A,L,S,K,G,L,K,V,I,F,C,I,G,E,K,L,E,E,R,N,A,N,K,T,L,D,V,C,K,S,Q,L,E,P,V,K,D,L,L,K,P,-,E,T,V,V,I,A,Y,E,P,V,W,A,I,G,T,G,V,T,A,T,P,E,Q,A,Q,E,T,H,K,Q,I,R,D,Y,L,A,T,-,V,N,A,D,M,A,S,K,I,R,I,Q,Y,G,G,S,A,N,A,A,N,A,P,T,L,S,A,C,P,D,I,D,G,F,L,V,G,G,A,S,L,K,P,E,F,A,D,-,-,-,-,-,-
-,-,-,-,F,V,G,G,N,W,K,C,N,G,S,L,G,Q,A,Q,E,L,V,G,M,L,N,T,A,K,I,P,A,N,V,E,V,V,V,A,P,S,Q,V,H,A,A,T,V,K,A,S,L,-,R,A,D,V,R,V,S,G,Q,D,V,W,K,Q,G,N,G,A,F,T,G,E,T,S,A,E,M,L,K,D,L,G,A,E,Y,T,L,V,G,H,S,E,R,R,E,K,-,G,E,T,N,E,V,V,A,K,K,A,A,Y,A,L,E,K,G,L,G,V,I,A,C,I,G,E,S,K,E,T,R,E,A,N,Q,T,V,N,Y,I,T,E,Q,L,N,A,Y,A,A,E,I,K,D,W,T,N,V,V,I,A,Y,E,P,I,W,A,I,G,T,G,L,T,A,S,P,E,Q,A,Q,D,V,H,A,S,I,R,A,W,L,K,E,K,V,S,S,E,A,A,E,K,T,R,V,I,Y,G,G,S,V,G,A,K,N,A,P,E,L,S,Q,K,E,D,I,D,G,F,L,V,G,G,A,S,L,K,P,D,F,L,Q,I,I,N,A,Q,N
S,R,Q,F,F,V,G,G,N,F,K,M,N,G,V,S,D,T,I,T,S,I,I,T,N,L,N,Q,A,K,L,D,P,S,V,E,V,V,I,S,P,T,S,L,Y,L,L,L,A,R,Q,T,A,D,S,-,K,I,G,I,A,A,Q,N,V,F,D,K,P,N,G,A,F,T,G,E,I,S,V,E,Q,L,K,D,A,K,I,D,W,T,I,I,G,H,S,E,R,R,V,I,L,K,E,A,D,D,F,I,A,R,K,T,K,A,A,I,E,G,G,L,S,V,I,L,C,I,G,E,T,L,E,E,R,E,A,S,K,T,I,D,V,V,T,R,Q,L,N,A,V,A,K,E,L,K,D,W,Q,K,V,V,I,A,Y,E,P,V,W,A,I,G,T,G,K,V,A,T,T,E,Q,A,Q,E,V,H,A,A,I,R,K,W,L,T,D,A,V,S,P,E,T,A,E,T,V,R,I,I,Y,G,G,S,V,S,E,K,N,C,R,D,L,A,Q,Q,P,D,V,D,G,F,L,V,G,G,A,S,L,K,P,A,F,V,D,I,I,N,A,R,-
-,R,K,F,I,V,G,G,N,W,K,C,N,G,D,R,P,S,I,N,A,L,V,Q,A,L,N,T,S,A,I,G,S,G,V,E,V,V,V,A,P,P,M,L,Y,G,D,Y,A,R,G,L,L,-,R,P,D,F,G,V,A,F,Q,N,C,W,T,G,G,N,G,A,F,T,G,E,V,S,A,N,M,I,K,D,A,G,F,D,W,V,I,L,G,H,S,E,R,R,S,L,I,M,E,T,D,A,T,V,A,T,K,T,A,Y,A,L,K,A,G,L,K,V,I,L,C,I,G,E,T,L,D,A,R,Q,S,G,K,T,D,E,V,N,A,R,Q,L,A,A,V,A,E,K,V,S,D,W,S,N,I,V,I,A,Y,E,P,V,W,A,I,G,T,G,V,V,A,T,P,E,Q,A,Q,E,T,H,A,Q,I,R,K,W,L,A,E,N,L,S,P,Q,V,A,Q,Q,M,R,I,M,Y,G,G,S,A,N,A,A,N,A,D,S,L,A,K,Q,P,D,V,D,G,F,L,V,G,G,A,S,L,K,P,E,F,L,K,I,A,E,S,-,-
-,R,T,A,F,V,A,G,N,W,K,M,N,G,N,T,D,S,I,N,E,L,M,D,G,L,V,N,S,I,N,S,S,S,V,E,V,L,V,C,P,P,S,V,Y,I,S,Q,V,K,S,L,T,E,S,S,K,I,S,V,G,A,Q,N,V,S,E,N,A,N,G,A,F,T,G,E,V,S,L,S,M,L,N,D,L,G,C,E,Y,V,I,L,G,H,S,E,R,R,S,L,Y,A,E,T,D,Q,L,V,A,A,K,F,I,A,A,V,E,S,G,V,K,P,I,L,C,V,G,E,T,L,D,E,R,E,N,G,E,T,L,K,V,V,S,R,Q,L,N,A,V,I,D,A,I,E,K,F,A,D,A,V,V,A,Y,E,P,V,W,A,I,G,T,G,K,T,A,T,P,E,Q,A,Q,E,V,H,A,A,I,R,A,E,I,A,K,-,S,D,A,A,T,A,E,-,T,R,I,L,Y,G,G,S,V,N,A,A,N,A,A,E,L,F,A,N,A,D,V,D,G,G,L,V,G,G,A,S,L,K,N,D,F,I,A,I,C,Q,A,-,-
-,R,K,P,W,I,G,G,N,W,K,C,N,G,T,R,A,S,V,E,A,L,I,T,S,L,N,A,A,T,L,P,E,A,A,D,I,V,I,S,P,P,Y,L,F,L,E,T,V,Q,A,R,I,-,R,P,E,V,H,V,A,A,Q,D,C,N,A,K,G,M,G,A,Y,T,G,S,I,S,A,E,M,L,H,E,F,G,I,N,T,V,I,L,G,H,S,E,R,R,D,I,F,H,E,T,S,E,E,V,A,L,K,C,K,K,A,L,S,L,G,L,D,I,V,P,C,I,G,E,H,R,E,E,R,L,S,G,R,T,N,E,I,C,F,A,Q,L,A,A,L,A,A,Q,I,T,D,W,S,H,V,V,V,A,Y,E,P,V,W,A,I,G,T,G,L,V,A,T,P,A,Q,A,Q,E,T,H,A,A,L,R,G,W,F,R,E,H,V,S,A,E,V,A,N,T,I,R,I,V,Y,G,G,S,V,S,G,A,N,S,A,E,L,A,R,C,P,D,V,D,G,F,L,V,G,G,A,S,L,K,P,E,F,A,A,I,C,Q,N,-,-
-,R,R,Y,F,V,G,G,N,W,K,C,N,N,T,I,A,Q,T,Q,S,L,I,N,T,I,N,K,L,V,F,D,V,N,V,E,V,A,V,A,P,I,F,L,H,V,P,W,V,Q,A,N,I,Q,K,-,N,V,Q,V,A,L,Q,N,S,S,L,T,K,V,G,A,Y,T,G,E,I,S,V,E,Q,V,K,D,L,A,I,P,W,V,I,L,G,H,S,E,R,R,Q,Y,Y,G,E,T,N,E,I,V,G,K,K,T,R,I,A,L,D,Y,Q,L,S,V,M,A,C,V,G,E,K,L,A,E,R,E,A,G,Q,T,T,Q,V,I,Q,A,Q,L,D,A,I,K,K,E,L,T,T,W,S,K,V,V,V,A,Y,E,P,V,W,A,I,G,T,G,R,T,A,T,P,E,Q,A,Q,E,V,H,A,F,I,R,G,W,L,K,S,Q,I,G,T,Q,A,E,Q,A,T,R,I,I,Y,G,G,S,V,T,E,K,N,A,A,D,L,I,K,Q,P,D,L,D,G,F,L,V,G,G,A,A,L,K,P,G,F,A,D,I,V,A,A,A,N
-,R,R,F,C,V,G,G,N,W,K,M,N,G,D,Q,K,S,I,A,E,I,C,K,V,L,S,D,A,A,L,D,A,N,T,E,V,V,I,G,C,P,A,I,Y,L,M,Y,A,R,N,L,L,P,-,C,N,I,G,V,A,G,Q,N,A,Y,K,V,A,K,G,A,F,T,G,E,I,S,P,A,M,L,K,D,I,G,A,E,W,V,I,L,G,H,S,E,R,R,A,I,F,K,E,T,D,E,L,I,A,E,K,A,E,H,A,L,A,E,G,L,K,I,I,A,C,I,G,E,T,L,E,E,R,E,A,G,K,T,N,D,V,V,A,R,Q,M,C,A,Y,A,K,K,I,R,D,W,T,N,V,V,V,A,Y,E,P,V,W,A,I,G,T,G,K,T,A,T,P,E,Q,A,Q,E,V,H,A,Y,L,R,K,W,L,E,E,N,V,S,K,E,V,S,A,S,L,R,I,Q,Y,G,G,S,V,T,G,A,N,A,K,E,L,A,K,K,P,D,I,D,G,F,L,V,G,G,A,S,L,K,P,E,F,V,D,I,I,N,A,R,-
A,R,K,F,F,V,G,G,N,F,K,M,N,G,T,S,E,S,I,K,K,I,V,E,N,L,N,D,A,K,L,D,A,N,A,E,V,V,I,S,P,P,H,V,Y,L,S,H,T,R,S,L,A,K,K,-,E,I,E,V,A,A,Q,N,V,F,D,K,A,D,G,A,Y,T,G,E,T,S,V,S,Q,L,K,D,L,G,I,N,W,V,I,L,G,H,S,E,R,R,T,I,L,G,E,S,D,E,V,V,A,S,K,T,K,Y,A,I,D,N,G,L,K,V,I,W,C,C,G,E,S,L,E,E,R,E,S,D,K,T,V,E,V,V,T,R,Q,L,E,A,L,K,A,K,V,S,G,W,E,N,I,V,I,A,Y,E,P,I,W,A,I,G,T,G,K,V,A,T,P,E,Q,A,Q,D,A,H,A,A,I,R,G,Y,L,K,S,K,V,S,D,K,V,A,E,E,T,R,I,L,Y,G,G,S,V,N,E,K,N,C,G,E,L,S,Q,K,P,D,I,D,G,F,L,V,G,G,A,S,L,K,P,A,F,V,D,I,C,T,C,K,S
A,R,K,F,F,V,G,G,N,F,K,M,N,G,S,L,E,S,V,E,K,I,V,R,S,I,N,D,A,N,L,D,G,T,N,E,V,V,I,A,P,P,A,L,Y,L,L,K,V,Q,S,E,L,N,A,-,P,T,Q,V,S,A,Q,N,A,F,T,E,S,S,G,A,F,T,G,E,I,A,P,Q,Q,L,K,D,A,N,V,H,W,V,I,L,G,H,S,E,R,R,S,L,F,G,D,T,D,K,L,V,A,D,K,T,K,A,A,I,N,A,G,L,S,V,I,A,C,I,G,E,S,L,E,E,R,E,S,D,K,T,M,T,V,V,E,R,Q,L,E,A,A,A,I,D,V,D,A,W,K,R,I,V,I,A,Y,E,P,V,W,A,I,G,T,G,K,V,A,T,V,S,Q,A,Q,E,V,H,A,A,I,R,S,W,L,S,R,R,A,S,P,E,I,A,D,S,T,R,I,I,Y,G,G,S,V,N,G,K,N,C,G,K,L,S,A,A,K,D,I,D,G,F,L,V,G,G,A,S,L,K,P,E,F,I,D,I,C,K,S,-,-
-,R,K,F,W,V,G,G,N,W,K,M,N,G,T,K,N,S,I,E,E,I,A,N,F,L,K,K,G,P,L,D,P,N,T,E,V,V,V,G,V,P,A,V,Y,L,N,F,A,K,E,K,L,P,-,-,E,V,E,V,A,A,Q,N,C,Y,K,V,P,K,G,A,F,T,G,E,I,S,P,S,Q,L,L,D,N,N,I,H,W,V,I,L,G,H,S,E,R,R,N,I,F,G,E,S,D,E,L,V,A,E,K,V,K,H,A,L,E,E,N,L,C,V,V,A,C,I,G,E,K,L,E,E,R,E,A,G,Q,T,E,A,V,V,F,R,Q,T,K,A,I,A,D,K,I,S,D,W,S,K,I,V,L,A,Y,E,P,V,W,A,I,G,T,G,K,T,A,T,P,E,E,A,Q,K,V,H,N,A,L,R,K,W,L,K,E,N,V,S,E,K,V,S,E,E,L,R,I,V,Y,G,G,S,V,T,S,S,N,C,K,D,L,A,K,E,K,D,I,D,G,F,L,V,G,G,A,S,L,K,P,E,F,V,E,I,V,N,A,R,-
A,R,T,F,F,V,G,G,N,F,K,L,N,G,S,K,Q,S,I,K,E,I,V,E,R,L,N,T,A,S,I,P,E,N,V,E,V,V,I,C,P,P,A,T,Y,L,D,Y,S,V,S,L,V,K,K,P,Q,V,T,V,G,A,Q,N,A,Y,L,K,A,S,G,A,F,T,G,E,N,S,V,D,Q,I,K,D,V,G,A,K,W,V,I,L,G,H,S,E,R,R,S,Y,F,H,E,D,D,K,F,I,A,D,K,T,K,F,A,L,G,Q,G,V,G,V,I,L,C,I,G,E,T,L,E,E,K,K,A,G,K,T,L,D,V,V,E,R,Q,L,N,A,V,L,E,E,V,K,D,W,T,N,V,V,V,A,Y,E,P,V,W,A,I,G,T,G,L,A,A,T,P,E,D,A,Q,D,I,H,A,S,I,R,K,F,L,A,S,K,L,G,D,K,A,A,S,E,L,R,I,L,Y,G,G,S,A,N,G,S,N,A,V,T,F,K,D,K,A,D,V,D,G,F,L,V,G,G,A,S,L,K,P,E,F,V,D,I,I,N,S,R,N
A,R,K,F,F,V,G,G,N,F,K,M,N,G,T,K,E,S,I,K,A,I,I,K,N,L,N,E,A,Q,L,D,P,S,V,E,V,V,I,A,P,S,H,L,Y,L,P,I,A,V,D,A,V,T,A,S,T,V,S,V,S,A,Q,N,V,Y,A,K,P,N,G,A,H,T,G,E,V,S,V,S,Q,L,K,D,L,G,L,N,W,T,I,T,G,H,S,E,R,R,A,-,G,G,E,S,D,E,N,V,A,D,K,T,K,A,A,I,D,G,G,L,S,V,I,W,C,C,G,E,S,L,E,E,R,E,A,G,N,T,V,A,V,V,E,K,Q,L,A,A,L,A,A,K,L,S,D,W,K,K,I,V,I,A,Y,E,P,I,W,A,I,G,T,G,K,V,A,T,T,E,Q,A,Q,E,V,H,A,A,I,R,K,W,L,K,A,K,V,S,D,A,V,A,D,E,T,R,I,L,Y,G,G,S,V,T,A,K,N,S,K,D,L,A,K,Q,P,D,I,D,G,F,L,V,G,G,A,S,L,K,P,E,-,-,-,-,-,-,-,-,-
-,R,Q,F,F,V,G,G,N,F,K,L,N,P,T,L,E,S,K,K,S,L,I,S,G,L,N,K,A,E,L,D,P,S,T,E,V,V,I,A,P,P,S,I,Y,L,I,S,V,K,D,I,V,R,K,-,D,V,K,V,A,A,Q,N,C,Y,F,K,E,S,G,A,F,T,G,E,I,S,P,K,Q,L,V,D,A,G,I,P,Y,V,I,L,G,H,S,E,R,R,T,I,F,K,E,T,S,E,L,I,A,T,K,T,R,A,A,L,D,A,G,L,K,V,I,L,C,I,G,E,T,L,Q,E,R,E,A,G,K,T,A,E,V,C,E,E,Q,L,K,A,V,V,E,V,L,K,D,W,S,N,V,V,I,A,Y,E,P,V,W,A,I,G,T,G,K,V,A,T,S,A,Q,A,Q,E,A,H,V,D,V,R,A,Y,L,A,K,A,I,S,A,A,V,A,N,D,T,R,I,I,Y,G,G,S,V,T,A,V,N,C,K,E,L,A,T,Q,Q,D,V,D,G,F,L,V,G,G,A,S,L,K,P,E,F,A,D,I,V,N,A,K,-
-,R,K,F,F,V,G,G,N,W,K,C,T,G,T,T,E,E,V,K,K,I,V,S,T,L,N,D,A,Q,V,P,D,V,V,E,V,V,V,S,P,P,Y,V,F,L,P,L,V,K,-,-,-,-,R,P,D,F,H,V,A,A,Q,N,C,W,V,K,K,G,G,A,F,T,G,E,V,S,A,E,M,L,V,N,L,G,I,P,W,V,I,L,G,H,S,E,R,R,S,L,L,N,E,S,N,E,F,V,G,D,K,V,A,Y,A,L,S,Q,G,L,K,V,I,A,C,V,G,E,T,L,E,Q,R,E,A,G,S,T,M,E,V,V,A,A,Q,T,K,A,I,A,A,R,V,S,N,W,A,D,V,V,L,A,Y,E,P,V,W,A,I,G,T,G,K,V,A,S,P,A,Q,A,Q,E,V,H,F,E,L,R,K,W,L,H,A,N,T,S,P,E,V,A,A,T,T,R,I,I,Y,G,G,S,V,N,G,A,N,C,K,E,L,A,A,K,P,D,V,D,G,F,L,V,G,G,A,S,L,K,P,E,F,I,D,I,I,K,S,-,-
S,R,K,F,F,V,G,G,N,W,K,C,N,G,T,V,D,E,V,K,K,I,C,C,M,L,N,N,G,E,V,P,N,H,I,E,T,I,I,S,P,P,F,V,F,I,P,L,V,K,S,M,L,-,R,T,D,F,Q,V,A,A,Q,N,C,W,K,G,K,G,G,A,F,T,G,E,I,S,A,E,M,L,A,N,L,H,V,P,W,V,I,L,G,H,S,E,R,R,Q,L,C,G,E,T,D,A,I,V,A,E,K,T,A,Y,A,L,D,N,G,L,K,V,C,L,C,V,G,E,T,L,E,E,R,E,R,N,E,T,G,A,V,V,A,R,Q,T,A,A,V,A,S,K,I,C,C,W,A,N,V,V,I,A,Y,E,P,I,W,A,I,G,T,G,K,V,A,T,P,Q,Q,A,Q,E,V,H,Y,N,L,R,K,W,L,D,C,Y,V,S,P,H,V,A,M,N,M,R,I,I,Y,G,G,S,V,T,A,A,N,C,K,E,I,G,A,N,P,D,V,D,G,F,L,V,G,G,A,S,L,K,-,-,-,-,-,-,-,-,-,-,-
A,R,T,F,F,V,G,G,N,F,K,L,N,G,S,K,Q,S,I,K,E,I,V,E,R,L,N,T,A,S,I,P,E,N,V,E,V,V,I,C,P,P,A,T,Y,L,D,Y,S,V,S,L,V,K,K,P,Q,V,T,V,G,A,Q,N,A,Y,L,K,A,S,G,A,F,T,G,E,N,S,V,D,Q,I,K,D,V,G,A,K,W,V,I,L,G,H,S,E,R,R,S,Y,F,H,E,D,D,K,F,I,A,D,K,T,K,F,A,L,G,Q,G,V,G,V,I,L,C,I,G,E,T,L,E,E,K,K,A,G,K,T,L,D,V,V,E,R,Q,L,N,A,V,L,E,E,V,K,D,W,T,N,V,V,V,A,Y,E,P,V,W,A,I,G,T,G,L,A,A,T,P,E,D,A,Q,D,I,H,A,S,I,R,K,F,L,A,S,K,L,G,D,K,A,A,S,E,L,R,I,L,Y,G,G,S,A,N,G,S,N,A,V,T,F,K,D,K,A,D,V,D,G,F,L,V,G,G,A,S,L,K,P,E,F,V,D,I,I,N,S,R,N
-,R,K,F,F,V,G,G,N,W,K,C,N,G,T,L,E,E,V,K,K,L,V,G,T,L,N,A,A,E,V,P,D,V,V,E,V,V,V,S,P,P,F,V,F,L,-,S,V,K,A,L,L,-,R,S,D,F,A,V,A,A,Q,N,C,W,V,R,K,G,G,A,F,T,G,E,I,S,V,E,M,L,V,N,L,G,I,P,W,V,I,L,G,H,S,E,R,R,L,L,L,N,E,D,K,E,F,V,A,D,K,V,A,Y,A,L,S,Q,G,L,N,V,I,A,C,V,G,E,T,L,E,Q,R,E,A,G,D,T,L,N,V,V,S,E,Q,T,K,A,I,A,D,K,V,V,N,W,S,N,I,V,I,A,Y,E,P,V,W,A,I,G,T,G,K,V,A,S,P,A,Q,A,Q,E,V,H,Y,E,L,R,N,W,L,N,V,N,V,S,P,E,V,A,A,S,T,R,I,I,Y,G,G,S,V,N,A,G,N,C,V,E,L,A,A,Q,P,D,L,D,G,F,L,V,G,G,A,S,L,K,A,E,F,V,D,I,I,K,S,-,-
-,R,T,F,L,V,G,G,N,W,K,C,N,L,S,K,D,A,I,T,S,L,C,K,E,L,A,A,A,-,-,P,E,T,V,E,V,V,L,A,P,P,T,P,Y,L,D,H,T,R,S,V,L,-,R,Q,D,F,E,V,A,A,Q,N,I,W,V,G,G,P,G,A,Y,T,G,E,T,A,A,E,M,I,K,D,V,G,C,T,W,V,I,L,G,H,S,E,R,R,N,L,L,Q,E,S,D,D,F,I,A,Q,K,T,K,T,A,L,S,H,G,L,K,V,M,F,C,I,G,E,T,L,E,E,R,E,E,G,R,T,L,D,V,C,V,R,Q,L,H,A,L,A,E,T,I,D,D,W,K,D,V,V,I,A,Y,E,P,V,W,A,I,G,T,G,K,I,A,T,P,D,Q,V,E,E,V,H,E,K,I,R,H,Y,L,A,G,D,V,N,D,K,V,A,Q,E,T,R,I,L,Y,G,G,S,V,S,P,G,N,C,N,E,L,A,Q,L,P,D,V,D,G,F,L,V,G,G,A,S,L,K,A,S,F,L,E,V,I,E,S,-,-
A,R,K,F,F,V,G,G,N,F,K,M,N,G,S,L,E,S,M,K,T,I,I,E,G,L,N,T,T,K,L,N,G,D,V,E,T,V,I,F,P,Q,N,M,Y,L,I,T,T,R,Q,Q,V,K,K,-,D,I,G,V,G,A,Q,N,V,F,D,K,K,N,G,A,Y,T,G,E,N,S,A,Q,S,L,I,D,A,G,I,T,Y,T,L,T,G,H,S,E,R,R,T,I,F,K,E,S,D,E,F,V,A,D,K,T,K,F,A,L,E,Q,G,L,T,V,V,A,C,I,G,E,T,L,A,E,R,E,A,N,E,T,I,N,V,V,V,R,Q,L,N,A,I,A,D,K,V,Q,N,W,S,K,I,V,I,A,Y,E,P,V,W,A,I,G,T,G,K,T,A,T,P,E,Q,A,Q,E,V,H,A,E,I,R,K,W,A,T,N,K,L,G,A,S,V,A,E,G,L,R,V,I,Y,G,G,S,V,N,G,G,N,C,K,E,F,L,K,F,H,D,I,D,G,F,L,V,G,G,A,S,L,K,P,E,F,H,N,I,V,N,-,-,-
-,-,-,-,-,-,-,-,-,-,-,-,-,-,N,K,K,E,L,G,D,L,I,K,S,L,N,G,A,A,L,D,P,K,T,E,V,V,C,G,A,P,A,I,Y,I,Q,Y,A,R,E,M,L,D,-,P,K,I,G,V,S,A,Q,N,C,Y,K,V,A,K,G,A,F,T,G,E,I,S,P,A,M,I,K,D,C,G,A,N,W,V,I,L,G,H,S,E,R,R,H,V,F,G,E,S,D,E,L,I,S,Q,K,V,E,H,A,L,S,E,N,L,G,V,I,A,C,I,G,E,K,L,D,E,R,E,A,G,I,T,E,Q,V,V,F,Q,Q,T,K,A,I,A,A,R,V,K,D,W,E,H,V,V,L,A,Y,E,P,V,W,A,I,G,T,G,K,T,A,T,P,Q,Q,A,Q,E,V,H,H,T,L,R,D,W,V,K,K,N,V,S,E,D,V,A,N,S,L,R,I,I,Y,G,G,S,V,T,G,A,N,C,K,E,L,A,S,Q,P,D,V,D,G,F,L,V,G,G,A,S,L,K,P,E,F,I,N,I,I,N,A,R,Q
A,R,K,F,F,V,G,G,N,F,K,M,N,G,T,I,Q,T,I,T,Q,I,I,A,N,L,K,S,A,S,L,D,P,N,T,E,V,V,I,A,P,P,A,I,Y,L,V,L,A,R,E,L,S,N,G,-,K,F,S,V,S,A,Q,N,V,F,D,K,P,N,-,-,-,-,-,-,-,-,V,D,S,-,-,-,-,-,-,-,-,-,-,-,G,R,T,Q,R,K,G,Y,P,E,E,D,D,D,F,V,A,R,K,T,K,A,A,I,D,G,G,L,S,V,I,L,C,I,G,E,S,L,E,E,R,E,A,G,K,T,L,D,V,V,T,R,Q,L,N,A,V,A,E,R,L,R,D,W,S,K,V,V,I,A,Y,E,P,I,W,A,I,G,T,G,K,V,A,T,T,E,Q,A,Q,E,V,H,A,S,I,R,K,W,L,G,D,K,I,S,A,D,T,A,E,N,V,R,V,I,Y,G,G,S,V,T,E,K,N,C,R,D,L,A,Q,Q,P,D,V,D,G,F,L,V,G,G,A,S,L,K,P,A,F,V,D,I,I,N,S,R,-
A,R,K,F,F,V,G,G,N,W,K,C,N,G,S,T,Q,Q,V,S,D,L,I,S,M,L,N,Q,S,T,L,S,T,D,T,E,V,V,V,C,P,S,Q,V,Y,V,Q,G,V,R,E,K,V,-,R,A,D,I,G,V,G,A,Q,D,V,W,T,Q,G,N,G,A,F,T,G,E,T,S,A,D,M,L,K,D,M,G,V,Q,W,A,I,V,G,H,S,E,R,R,G,K,-,G,E,A,D,E,E,I,A,K,K,A,K,Y,A,L,D,K,G,L,K,V,I,A,C,C,G,E,P,L,E,A,R,E,A,G,T,T,N,E,F,V,F,P,Q,I,K,A,Y,A,D,T,K,E,D,W,A,N,V,V,I,A,Y,E,P,I,W,A,I,G,T,G,M,T,A,T,P,E,Q,A,Q,D,T,H,A,D,I,R,G,Y,L,G,Q,V,A,G,A,D,V,A,E,A,T,R,I,L,Y,G,G,S,A,T,G,A,T,A,P,G,L,S,A,K,P,D,I,D,G,F,L,V,G,G,A,S,L,K,P,E,F,A,D,I,V,N,C,-,-
S,R,R,P,L,I,A,G,N,W,K,M,N,A,G,G,Q,D,A,C,P,L,S,A,A,V,A,K,A,T,R,E,T,R,A,E,V,V,V,A,P,P,F,T,A,I,A,A,V,A,H,E,L,A,K,S,E,V,G,I,A,A,Q,N,M,S,A,E,V,S,G,A,F,T,G,E,V,S,S,G,M,L,K,D,A,G,A,T,W,V,I,L,G,H,S,E,R,R,Q,L,F,A,E,T,D,E,S,V,A,R,K,V,A,S,A,M,A,A,E,L,R,P,I,V,C,V,G,E,T,L,E,Q,R,E,A,G,E,T,L,A,V,V,E,R,Q,V,R,A,V,L,D,E,L,A,K,Q,P,G,F,V,I,A,Y,E,P,V,W,A,I,G,T,G,K,V,A,R,A,E,D,A,Q,E,V,H,A,F,I,R,G,L,L,A,K,-,A,S,E,D,L,A,G,V,T,R,I,L,Y,G,G,S,V,K,A,D,N,A,E,A,L,L,A,Q,D,D,I,D,G,A,L,V,G,G,A,S,L,D,A,A,F,A,K,I,V,D,A,-,-
A,R,R,P,V,V,G,G,N,F,K,C,N,G,D,F,A,F,I,K,T,H,T,E,V,L,K,T,-,-,I,P,K,N,V,E,V,Y,V,A,P,S,A,I,H,L,K,T,L,A,D,N,L,K,G,T,H,I,E,V,A,A,Q,N,V,Y,Y,E,K,P,G,A,W,T,G,E,L,N,V,E,M,L,L,D,C,G,L,K,T,V,I,I,G,H,S,E,R,R,R,I,M,G,E,T,N,E,Q,S,A,K,K,A,A,R,A,I,S,L,G,M,T,V,A,F,C,I,G,E,T,L,E,E,R,N,A,G,K,V,D,E,V,N,F,A,Q,L,R,A,V,L,K,E,-,A,D,W,K,N,V,I,I,A,Y,E,P,V,W,S,I,G,T,G,V,V,A,S,P,E,Q,A,Q,E,V,H,A,S,I,R,K,W,L,G,E,K,V,S,K,A,V,A,D,A,T,R,I,Q,Y,G,G,S,V,N,A,A,N,C,A,A,L,G,K,C,P,D,I,D,G,F,L,V,G,G,A,S,L,K,P,E,F,V,Q,I,V,T,T,-,-
A,R,K,F,F,V,G,G,N,F,K,M,N,G,S,K,S,S,I,K,E,I,V,E,N,L,N,N,A,D,L,D,K,N,A,E,V,V,V,S,P,P,A,L,Y,L,P,L,V,R,E,T,L,R,K,-,E,I,E,V,A,A,Q,N,V,Y,D,K,P,N,G,A,F,T,G,E,I,S,V,S,Q,L,K,D,S,D,I,N,W,A,I,L,G,H,S,E,R,R,T,I,I,G,E,S,D,E,V,I,S,S,K,T,K,Y,A,T,E,N,G,L,K,V,I,W,C,C,G,E,S,L,E,T,R,E,A,G,K,T,I,E,F,V,S,A,Q,I,E,S,L,K,S,Q,I,S,D,W,S,N,I,V,I,A,Y,E,P,I,W,A,I,G,T,G,K,V,A,T,T,E,Q,A,Q,E,V,H,K,A,I,R,D,L,L,R,S,-,I,S,D,K,V,A,D,E,T,R,I,L,Y,G,G,S,V,N,E,K,N,C,G,E,L,S,K,Q,A,D,I,D,G,F,L,V,G,G,A,S,L,K,P,A,F,V,D,I,I,N,A,-,-
-,-,-,-,-,-,A,A,N,W,K,C,N,G,S,E,S,L,L,V,P,L,I,E,T,L,N,A,A,T,F,D,H,D,V,Q,C,V,V,A,P,T,F,L,H,I,P,M,T,K,A,R,L,T,N,P,K,F,Q,I,A,A,Q,N,A,I,T,R,-,S,G,A,F,T,G,E,V,S,L,Q,I,L,K,D,Y,G,I,K,W,V,V,L,G,H,S,E,R,R,L,Y,Y,G,E,T,N,E,I,V,A,E,K,V,A,Q,A,C,A,A,G,F,H,V,I,V,C,V,G,E,T,N,E,E,R,E,A,G,R,T,A,A,V,V,L,T,Q,L,A,A,V,A,Q,K,L,S,K,W,A,H,V,V,I,A,Y,E,P,V,W,A,I,G,T,G,K,V,A,T,P,Q,Q,A,Q,E,V,H,E,L,L,R,R,W,V,R,S,K,L,G,A,D,I,A,A,Q,L,R,I,L,Y,G,G,S,V,T,A,K,N,A,R,T,L,Y,Q,M,R,D,I,N,G,F,L,V,G,G,A,S,L,K,P,E,F,V,E,I,I,E,A,-,-
A,R,K,F,V,V,G,G,N,W,K,M,N,G,D,K,K,Q,I,N,E,I,I,G,F,L,K,S,G,P,L,N,Q,D,T,E,V,V,V,G,V,P,A,I,Y,L,E,L,V,R,T,C,V,P,-,A,S,I,G,V,A,A,Q,N,C,Y,K,V,P,K,G,A,F,T,G,E,I,S,P,A,M,I,K,D,V,G,A,D,W,V,I,L,G,H,S,E,R,R,Q,I,F,G,E,S,D,E,L,I,A,E,K,V,C,H,A,L,E,S,G,L,K,V,I,A,C,I,G,E,T,L,E,E,R,E,A,G,K,T,E,E,V,V,F,R,Q,T,K,A,I,A,A,K,V,N,D,W,S,N,V,V,I,A,Y,E,P,V,W,A,I,G,T,G,K,T,A,T,P,Q,Q,A,Q,D,V,H,K,A,L,R,Q,W,I,C,E,N,I,D,A,K,V,G,N,S,I,R,I,Q,Y,G,G,S,V,T,A,A,N,C,K,E,L,A,S,Q,P,D,I,D,G,F,L,V,G,G,A,S,L,K,P,E,F,V,D,I,I,N,A,R,Q
S,R,K,F,F,V,G,G,N,W,K,C,N,G,T,G,E,D,V,K,K,I,V,T,V,L,N,Q,A,E,V,P,D,V,-,-,-,-,-,-,-,-,-,-,-,-,-,-,-,-,-,-,-,-,-,-,-,-,-,V,A,G,Q,-,-,-,-,-,-,G,A,A,A,A,G,R,R,S,A,E,L,L,G,A,Q,G,V,P,W,V,I,L,G,H,S,E,R,R,A,L,L,G,E,S,S,D,F,V,A,D,K,V,A,Y,A,L,T,Q,G,L,K,V,I,A,C,I,G,E,T,L,E,Q,R,E,A,G,T,T,M,D,V,V,A,A,Q,T,K,A,I,A,E,K,I,S,D,W,T,N,I,V,L,A,Y,E,P,V,W,A,I,G,T,G,K,V,A,T,P,A,Q,A,Q,E,V,H,D,G,L,R,K,W,L,H,S,N,V,S,P,A,V,A,E,L,T,R,I,I,Y,G,G,S,V,N,G,A,N,C,K,E,L,A,A,Q,P,D,V,D,G,F,L,V,G,G,A,S,L,K,P,E,F,V,D,I,I,K,S,-,-
A,R,R,P,F,I,G,G,N,F,K,C,N,G,S,L,D,F,I,K,S,H,V,A,A,I,A,A,H,K,I,P,D,S,V,D,V,V,I,A,P,S,A,V,H,L,S,T,A,I,A,A,N,T,S,K,Q,L,R,I,A,A,Q,N,V,Y,L,E,G,N,G,A,W,T,G,E,T,S,V,E,M,L,Q,D,M,G,L,K,H,V,I,V,G,H,S,E,R,R,R,I,M,G,E,T,D,E,Q,S,A,K,K,A,K,R,A,L,E,K,G,M,T,V,I,F,C,V,G,E,T,L,D,E,R,K,A,N,R,T,M,E,V,N,I,A,Q,L,E,A,L,G,K,E,L,G,E,W,K,E,V,V,I,A,Y,E,P,V,W,S,I,G,T,G,V,V,A,T,P,E,Q,A,E,E,V,H,V,G,L,R,K,W,F,A,E,K,V,C,A,E,G,A,Q,H,I,R,I,I,Y,G,G,S,A,N,G,S,N,C,E,K,L,G,Q,C,P,N,I,D,G,F,L,V,G,G,A,S,L,K,P,E,F,M,T,M,I,D,-,-,-
A,R,Q,F,F,V,G,G,N,F,K,M,N,G,T,R,E,S,V,S,K,I,V,D,G,L,N,K,A,E,L,P,S,N,V,E,V,V,I,A,P,P,A,P,Y,I,A,L,A,V,N,E,N,K,Q,K,T,I,E,V,S,A,Q,N,C,F,D,K,A,S,G,A,Y,T,G,E,I,S,P,E,Q,I,K,D,L,G,A,T,W,T,L,T,G,H,S,E,R,R,T,I,I,K,E,S,D,D,F,I,A,S,K,T,K,F,A,L,D,Q,G,L,S,V,I,L,C,I,G,E,T,L,E,E,R,K,A,N,V,T,L,D,V,C,A,R,Q,L,D,A,V,A,R,V,V,S,D,W,S,K,I,V,V,A,Y,E,P,V,W,A,I,G,T,G,L,A,A,T,P,E,D,A,Q,E,T,H,K,A,I,R,E,H,L,S,K,S,I,G,A,D,A,A,E,K,T,R,I,L,Y,G,G,S,V,N,G,K,N,A,P,E,F,K,D,K,A,D,V,D,G,F,L,V,G,G,A,S,L,K,P,E,F,V,D,I,I,K,S,R,-
S,R,T,F,F,V,G,G,N,F,K,M,N,G,S,L,E,S,I,K,A,I,V,E,R,L,N,A,S,E,L,D,P,K,T,E,V,V,I,S,P,P,F,P,Y,L,L,L,A,K,E,S,L,K,K,P,T,V,S,V,A,G,Q,N,S,F,D,K,G,D,G,A,F,T,G,E,V,S,V,A,Q,L,K,D,V,G,A,K,W,V,I,L,G,H,S,E,R,R,T,I,N,K,E,S,S,E,W,I,A,D,K,T,K,Y,A,L,D,N,G,L,D,V,I,L,C,I,G,E,T,I,D,E,K,K,A,G,K,T,L,D,V,V,R,S,Q,L,D,P,V,I,A,K,I,K,D,W,S,N,V,V,I,A,Y,E,P,V,W,A,I,G,T,G,L,A,A,T,A,E,D,A,Q,Q,I,H,H,E,I,R,A,Y,L,K,D,K,I,G,A,Q,-,A,D,K,V,R,I,I,Y,G,G,S,V,N,G,K,N,S,G,T,F,K,D,K,S,D,V,D,G,F,L,V,G,G,A,S,L,K,P,E,F,V,D,I,I,N,S,R,-
-,R,Q,S,L,V,V,G,N,W,K,M,N,G,S,L,E,S,N,Q,K,L,I,E,G,I,K,Q,N,I,A,S,K,K,A,E,V,A,V,C,P,P,F,I,Y,I,P,Q,I,S,E,L,L,K,G,T,V,I,E,W,G,G,Q,N,L,S,H,Q,D,S,G,A,F,T,G,E,I,A,G,S,M,F,V,D,F,E,C,K,Y,I,I,V,G,H,S,E,R,R,A,L,Y,G,E,S,D,E,L,V,A,E,K,F,A,K,V,Q,S,L,G,L,I,P,I,L,C,V,G,E,L,L,E,E,R,E,A,G,N,T,E,N,V,V,K,R,Q,L,D,A,V,I,N,G,V,A,S,L,A,K,S,V,I,A,Y,E,P,V,W,A,I,G,T,G,K,T,A,T,P,A,Q,A,Q,E,V,H,A,F,I,R,Q,H,I,A,E,-,K,D,A,G,V,A,E,K,V,Q,I,L,Y,G,G,S,V,K,G,N,N,A,A,E,L,F,A,M,P,D,I,D,G,G,L,I,G,G,A,S,L,K,A,E,F,L,T,I,C,Q,A,-,-
S,R,K,F,F,V,G,G,N,W,K,M,N,G,T,K,K,V,A,D,E,L,L,S,N,L,V,K,G,P,L,D,P,N,V,E,V,L,I,G,V,P,A,I,Y,L,D,F,V,K,E,K,A,P,-,-,N,I,Y,V,A,A,Q,N,C,Y,K,T,E,K,G,A,F,T,G,E,I,S,P,S,M,L,K,D,I,G,I,D,W,V,I,L,G,H,S,E,R,R,Q,I,F,Q,E,T,D,T,L,I,A,E,K,V,N,H,A,L,E,S,G,L,S,V,V,A,C,I,G,E,T,L,E,E,R,E,A,G,Q,T,E,A,V,V,A,K,Q,I,K,A,I,K,E,K,I,C,N,W,Q,N,V,V,I,A,Y,E,P,V,W,A,I,G,T,G,K,T,A,S,P,Q,Q,A,Q,D,V,H,K,I,L,R,K,W,L,S,D,E,V,N,E,T,V,A,K,T,T,R,I,I,Y,G,G,S,V,T,S,S,N,C,R,E,L,A,K,E,C,D,I,D,G,F,L,V,G,G,A,S,L,K,P,E,F,V,E,I,V,N,A,-,-
-,-,-,-,-,-,-,-,N,W,K,C,N,L,S,K,A,D,I,A,E,L,V,S,A,F,N,A,A,-,-,P,D,H,V,Q,V,V,V,A,P,P,A,V,Y,L,D,S,T,R,Q,A,L,-,R,A,D,F,D,T,S,A,Q,N,A,W,I,S,K,G,G,A,F,T,G,E,L,D,A,A,M,V,K,D,V,G,A,E,W,V,I,L,G,H,S,E,R,R,A,Q,L,K,E,S,D,H,T,I,A,M,K,A,A,Y,A,L,Q,H,A,L,G,V,I,Y,C,I,G,E,L,L,E,E,R,E,S,G,Q,T,I,A,V,C,E,R,Q,L,Q,A,L,S,D,A,I,S,D,W,S,D,V,V,I,A,Y,E,P,V,W,A,I,G,T,G,K,V,A,T,P,E,Q,A,E,Q,V,H,E,A,V,R,A,W,L,A,N,N,V,S,P,Q,V,A,A,S,T,R,I,L,Y,G,G,S,V,S,P,A,N,C,E,S,L,A,K,Q,P,N,I,D,G,F,L,V,G,G,A,S,M,K,P,T,F,L,E,I,V,D,S,-,-
-,-,-,-,-,-,-,-,-,-,-,-,-,-,-,K,R,R,I,D,G,I,I,S,F,M,K,T,G,P,L,S,P,N,T,E,V,V,V,G,C,P,Q,C,Y,L,M,Y,T,R,E,H,M,P,-,A,N,I,G,V,A,A,Q,N,C,Y,K,V,A,K,G,A,F,T,G,E,I,S,P,A,M,V,K,D,C,G,C,E,W,V,I,L,G,H,S,E,R,R,N,V,F,N,E,P,D,Q,L,I,S,E,K,V,G,H,A,L,E,A,G,L,K,V,I,P,C,I,G,E,K,L,E,E,R,E,A,N,R,T,Q,E,V,V,F,A,Q,M,K,A,L,V,P,N,I,S,D,W,S,R,V,V,L,A,Y,E,P,V,W,A,I,G,T,G,K,T,A,T,P,E,Q,A,Q,E,V,H,A,D,L,R,Q,W,L,R,E,N,V,N,A,E,V,A,E,S,T,R,I,I,Y,G,G,S,V,S,A,G,N,C,Q,E,L,A,K,K,G,D,I,D,G,F,L,V,G,G,A,S,L,K,P,D,F,V,Q,I,I,N,A,R,D
