0.790697674419,0.34375,0.601990049751,0.267857142857,0.20802919708,0.0,0.0,0.0,0.031007751938,0.0,0.101265822785,0.0251572327044,0.0777202072539,0.0,0.14367816092,0.614349775785,0.470802919708,0.538461538462,0.0995024875622,0.294416243655,0.629139072848,0.303571428571,0.0,0.157360406091,0.238410596026,0.0656934306569,0.0,0.607142857143,0.667883211679,0.409282700422,0.182692307692,0.0669456066946,0.0928270042194,0.293532338308,0.0114942528736,0.0288461538462,0.41116751269,0.215189873418,0.540229885057,0.223880597015,0.573604060914,0.0314465408805,0.482558139535,0.286919831224,0.596412556054,0.154811715481,0.0,0.304932735426,0.439461883408,0.0717703349282,0.0684410646388,0.382775119617,0.59585492228,0.228855721393,0.582278481013,0.705357142857,0.507299270073,0.823899371069,0.355648535565,0.10460251046,0.482051282051,0.413461538462,0.238805970149,0.0,0.40414507772,0.138075313808,0.0248756218905,0.165562913907,0.523178807947,0.0769230769231,0.220125786164,0.0,0.0761421319797,0.0,0.0,0.0,0.0106382978723,0.03125,0.0,0.491071428571,0.25,0.0,0.0456852791878,0.494186046512,0.326996197719,0.00961538461538,0.474452554745,0.569620253165,0.114427860697,0.0203045685279,0.163461538462,0.31007751938,0.540697674419,0.176165803109,0.0440251572327,0.668161434978,0.691983122363,0.0993377483444,0.457364341085,0.748427672956,0.461538461538,0.110465116279,0.0,0.0839416058394,0.240384615385,0.367875647668,0.139303482587,0.093023255814,0.568965517241,0.413793103448,0.379310344828,0.451923076923,0.448905109489,0.0512820512821,0.0,0.0,0.157894736842,0.134615384615,0.0,0.502590673575,0.105769230769,0.553459119497,0.575892857143,0.174418604651,0.015503875969,0.573839662447,0.507772020725,0.09375,0.0964467005076,0.713080168776,0.243781094527,0.0354609929078,0.0418410041841,0.518987341772,0.685534591195,0.629464285714,0.290178571429,0.169154228856,0.390804597701,0.741721854305,0.430962343096,0.651162790698,0.145695364238,0.692307692308,0.390728476821,0.147321428571,0.599156118143,0.794326241135,0.335025380711,0.406844106464
A,E,L,E,R,T,F,I,A,I,K,P,D,G,V,Q,R,G,L,I,S,E,I,I,S,R,F,E,R,K,G,F,K,L,V,G,I,K,V,L,I,P,T,K,Q,F,A,Q,Q,H,Y,H,D,L,K,E,R,P,F,F,N,G,L,C,D,F,L,S,S,G,P,V,I,A,M,V,W,E,G,E,G,V,I,T,Y,G,R,K,L,I,G,A,T,D,P,Q,K,S,A,P,G,T,I,R,G,D,L,A,V,V,V,G,R,N,I,I,H,G,S,D,G,P,E,T,A,K,D,E,I,K,L,W,F,K,P,E,E,L,V,S,F,T,S,N,S,E,K,W,I,Y
A,K,A,E,R,T,F,I,A,I,K,P,D,G,V,Q,R,G,L,I,G,D,I,I,K,R,F,E,Q,K,G,F,R,L,V,A,L,K,F,L,Q,A,S,E,D,L,L,K,Q,H,Y,I,D,L,K,D,R,P,F,Y,P,G,L,V,K,Y,M,S,S,G,P,V,V,A,M,V,W,E,G,L,N,V,V,K,T,G,R,V,M,L,G,E,T,N,P,A,D,S,K,P,G,T,I,R,G,D,F,C,I,E,V,G,R,N,I,I,H,G,S,D,S,V,E,S,A,N,K,E,I,S,L,W,F,K,P,E,E,L,V,S,F,K,S,C,A,F,N,W,I,Y
A,N,K,E,R,T,F,I,M,I,K,P,D,G,V,Q,R,G,L,V,G,Q,I,M,Q,R,F,E,A,K,G,F,K,L,V,A,M,K,F,M,W,P,S,K,E,L,L,E,K,H,Y,A,D,L,S,A,R,P,F,F,P,G,L,V,T,Y,M,S,S,G,P,V,V,P,M,V,W,E,G,L,N,A,V,K,T,G,R,K,M,L,G,A,T,N,P,A,D,S,E,P,G,T,I,R,G,D,L,C,V,Q,V,G,R,N,I,I,H,G,S,D,A,V,E,S,A,N,K,E,I,A,L,W,F,K,D,E,E,L,V,S,W,T,P,A,T,E,G,W,V,Y
-,-,M,E,R,T,F,I,A,I,K,P,D,G,V,Q,R,G,L,V,G,T,I,I,G,R,F,E,Q,K,G,F,K,L,V,G,L,K,Q,L,K,P,S,R,E,L,A,E,Q,H,Y,A,V,H,R,E,R,P,F,F,N,G,L,V,E,F,I,T,S,G,P,I,V,A,I,V,L,E,G,E,G,V,V,A,A,A,R,K,L,I,G,A,T,N,P,L,T,A,E,P,G,T,I,R,G,D,F,G,V,N,I,G,R,N,I,I,H,G,S,D,A,I,E,T,A,Q,Q,E,I,A,L,W,F,S,P,A,E,L,S,D,W,T,P,T,I,Q,P,W,L,Y
-,-,-,E,R,T,F,I,A,I,K,P,D,G,V,Q,R,G,L,V,G,E,I,I,S,R,F,E,R,K,G,F,K,L,V,A,L,K,M,L,Q,P,T,T,E,Q,A,Q,G,H,Y,K,D,L,A,S,K,P,F,F,E,G,L,V,K,Y,F,S,S,G,P,I,V,C,M,V,W,E,G,K,N,V,V,K,S,G,R,V,L,L,G,A,T,N,P,A,D,S,Q,P,G,T,I,R,G,D,Y,A,V,D,V,G,R,N,V,C,H,G,S,D,S,V,E,S,A,Q,R,E,V,A,F,W,F,K,V,E,E,I,A,S,W,T,S,H,S,A,C,Q,I,Y
-,-,M,E,R,T,L,I,A,V,K,S,D,G,V,Q,R,G,L,I,G,E,I,I,K,R,F,E,H,R,G,F,K,L,I,G,L,K,M,V,K,P,T,E,D,L,A,K,H,H,Y,I,D,L,K,D,K,P,F,Y,A,G,L,C,K,F,T,S,A,G,P,F,V,A,M,C,W,E,G,Q,N,I,V,K,M,G,R,D,M,M,G,E,T,N,P,A,D,S,K,P,G,T,I,R,G,D,L,C,V,Q,V,G,R,N,I,I,H,G,S,D,S,L,E,T,A,K,K,E,V,A,L,W,F,K,P,E,E,L,I,E,W,K,S,C,A,E,V,Y,T,Y
-,-,M,E,Q,T,F,I,M,I,K,P,D,G,V,Q,R,G,L,V,G,E,I,I,G,R,F,E,K,K,G,F,S,L,K,G,L,K,L,I,T,V,D,R,A,F,A,E,K,H,Y,S,D,L,S,A,K,P,F,F,N,G,L,V,D,Y,I,I,S,G,P,V,V,A,M,V,W,E,G,K,G,V,V,T,T,G,R,K,I,I,G,A,T,N,P,L,E,S,A,P,G,T,I,R,G,D,Y,A,I,D,I,G,R,N,V,I,H,G,S,D,A,V,E,S,A,R,K,E,I,A,L,W,F,P,E,G,-,V,A,E,W,Q,S,S,L,H,S,W,I,Y
-,-,M,E,R,T,F,I,A,V,K,P,D,G,V,Q,R,G,L,C,G,D,I,I,H,R,F,E,K,R,G,F,Q,L,V,A,A,K,F,I,Q,A,T,E,D,F,M,K,Q,H,Y,L,D,L,K,D,M,P,F,Y,G,G,L,C,K,Y,M,S,S,G,P,V,F,A,M,V,W,E,G,E,N,I,V,K,L,G,R,M,M,L,G,E,T,N,P,A,D,S,K,P,G,S,I,R,G,D,L,C,I,N,I,G,R,N,I,I,H,G,S,D,T,L,E,N,A,K,R,E,V,A,L,W,F,K,P,E,E,F,V,T,Y,T,S,C,F,K,P,F,L,Y
-,-,M,E,R,T,F,L,A,I,K,P,D,G,V,Q,R,G,L,V,G,T,I,I,Q,R,F,E,Q,K,G,Y,T,L,V,G,L,K,L,M,R,V,S,R,E,L,A,E,Q,H,Y,G,E,H,K,D,K,P,F,F,P,G,L,V,N,F,I,T,S,G,P,V,V,A,M,V,W,E,G,R,G,V,I,A,N,A,R,K,L,I,G,A,T,N,P,L,N,A,E,P,G,T,L,R,G,D,F,A,V,D,V,G,R,N,V,I,H,G,S,D,S,P,E,N,A,E,R,E,I,N,L,W,F,Q,T,Q,E,L,V,P,W,E,P,A,L,T,S,W,V,Y
-,-,-,E,R,T,F,I,A,I,K,P,D,G,V,Q,R,G,L,I,S,K,I,L,A,R,F,E,D,R,G,Y,K,L,V,G,I,K,L,V,T,P,T,E,A,L,L,K,E,H,Y,A,D,L,V,S,K,P,F,F,P,S,L,L,S,Y,M,T,S,G,P,V,L,A,T,V,W,E,G,K,D,V,V,K,Q,G,R,A,I,L,G,A,T,N,P,L,Q,S,A,P,G,T,I,R,G,D,F,A,I,E,V,G,R,N,V,C,H,G,S,D,S,V,E,S,A,E,K,E,I,G,L,W,F,K,K,E,E,L,I,D,Y,K,L,N,Q,L,S,W,I,Y
A,N,N,E,R,T,F,I,A,I,K,P,D,G,V,Q,R,G,L,V,G,E,I,I,K,R,F,E,Q,R,G,F,R,L,V,A,M,K,M,V,Q,A,S,E,D,L,V,K,Q,H,Y,I,D,L,K,D,M,P,F,Y,G,G,L,C,S,F,M,H,S,G,P,V,V,A,M,I,W,E,G,L,N,I,V,K,N,G,R,L,M,L,G,E,T,N,P,A,D,S,K,P,G,S,I,R,G,D,L,C,I,T,L,G,R,N,I,I,H,G,S,D,S,L,D,S,A,K,K,E,I,G,L,W,F,K,P,E,E,M,V,E,Y,K,S,C,Q,H,E,F,L,Y
-,-,M,E,R,T,F,I,M,I,K,P,D,G,V,Q,R,Q,L,I,G,E,I,V,G,R,F,E,K,K,G,F,K,L,V,A,M,K,V,M,T,V,S,Q,E,L,A,E,K,H,Y,E,A,L,N,D,K,P,F,F,S,G,L,V,N,F,I,C,S,S,P,V,V,A,M,V,W,E,G,N,S,I,V,S,T,S,R,Q,M,I,G,A,T,D,P,H,A,A,A,P,G,T,I,R,G,D,Y,G,V,S,V,G,R,N,I,I,H,G,S,D,A,I,E,T,A,K,R,E,I,S,L,W,F,K,D,E,E,V,N,E,W,D,A,T,L,N,P,W,L,Y
-,-,-,E,R,T,F,I,A,I,K,P,D,G,V,Q,R,G,I,I,G,E,I,I,K,R,F,E,A,K,G,F,K,L,V,G,M,K,M,M,H,A,S,Q,D,H,L,E,K,H,Y,A,D,L,K,G,R,P,F,F,P,T,L,I,D,Y,M,S,S,G,P,V,V,A,M,V,W,E,G,K,G,V,V,K,T,G,R,V,M,L,G,E,T,N,P,A,D,S,K,P,G,T,I,R,G,D,F,C,I,D,V,S,K,N,I,I,H,G,S,D,S,V,E,S,A,N,K,E,I,S,L,W,F,T,D,D,E,L,V,S,Y,T,S,C,A,F,S,W,L,Y
-,-,-,H,R,S,F,I,A,I,K,P,D,G,V,Q,R,G,L,V,G,P,I,I,S,R,F,E,N,R,G,F,K,L,A,A,M,K,L,T,S,P,S,R,S,L,L,E,Q,H,Y,S,D,L,K,E,K,P,F,F,P,G,L,V,T,Y,M,L,S,G,P,I,V,A,M,V,W,E,G,K,D,V,V,K,T,G,R,T,I,L,G,A,T,N,P,L,A,S,A,P,G,T,I,R,G,D,F,A,I,D,V,G,R,N,V,C,H,G,S,D,S,V,E,S,A,K,K,E,I,G,L,W,F,T,P,E,E,I,Q,N,Y,K,L,N,A,F,G,W,I,Y
-,-,-,E,R,T,F,L,A,V,K,P,D,G,V,A,R,G,L,V,G,E,I,I,A,R,Y,E,K,K,G,F,V,L,V,G,L,K,Q,L,V,P,T,K,D,L,A,E,S,H,Y,A,E,H,K,E,R,P,F,F,G,G,L,V,S,F,I,T,S,G,P,V,V,A,M,V,F,E,G,K,G,V,V,A,S,A,R,L,M,I,G,V,T,N,P,L,A,S,A,P,G,S,I,R,G,D,F,G,V,D,V,G,R,N,I,I,H,G,S,D,S,V,E,S,A,N,R,E,I,A,L,W,F,K,P,E,E,L,L,T,-,-,-,-,-,-,-,-,-,-
-,-,-,E,R,T,F,I,A,I,K,P,D,G,F,N,R,G,L,V,G,D,I,I,T,R,F,E,N,K,G,F,K,L,V,A,L,K,Q,L,I,P,T,V,Q,L,A,E,K,H,Y,G,I,H,K,E,R,P,F,F,S,N,L,V,K,F,M,T,S,G,S,I,I,A,M,V,W,E,G,E,G,V,I,A,S,A,R,K,L,I,G,A,T,N,P,L,E,A,E,A,G,S,I,R,G,D,L,A,T,N,I,G,R,N,V,I,H,G,S,D,S,M,E,T,A,I,F,E,I,D,L,W,F,G,L,S,E,I,I,D,W,I,P,S,N,E,K,W,-,-
-,-,-,E,R,T,F,I,M,V,K,P,D,G,V,Q,R,G,L,V,G,E,I,I,K,R,F,E,Q,K,G,F,K,L,V,A,L,K,M,V,Q,E,S,E,E,H,L,K,K,H,Y,A,D,L,A,H,L,P,F,Y,P,G,L,V,K,F,M,S,S,G,P,V,V,A,M,V,W,E,G,A,G,V,V,K,T,G,R,V,M,L,G,E,T,N,P,A,D,S,K,P,G,T,I,R,G,D,F,C,V,H,I,G,R,N,I,I,H,G,S,D,S,T,D,S,A,N,K,E,I,A,L,W,F,S,P,K,E,L,V,D,W,T,P,N,E,Y,K,Y,I,Y
S,N,T,E,Q,T,F,I,A,I,K,P,D,G,V,Q,R,G,L,I,S,P,I,L,H,R,F,E,Q,R,G,F,K,L,V,A,I,K,L,T,N,P,D,E,K,L,L,R,E,H,Y,E,D,L,Q,E,K,P,F,F,P,S,L,L,K,Y,M,Q,S,G,P,V,L,A,T,V,W,E,G,K,D,V,V,K,Q,G,R,N,I,L,G,A,T,N,P,L,Q,S,A,P,G,T,I,R,F,D,Y,A,I,D,I,G,R,N,V,C,H,G,S,D,S,V,E,S,A,K,K,E,I,G,I,W,F,K,P,E,E,L,A,S,Y,T,P,A,N,I,G,W,I,Y
-,-,M,E,Q,T,F,I,M,I,K,P,D,G,V,Q,R,G,L,I,G,D,I,I,S,R,F,E,K,K,G,F,Y,L,K,G,M,K,F,M,N,V,E,R,S,F,A,Q,Q,H,Y,A,D,L,S,D,K,P,F,F,P,G,L,V,E,Y,I,I,S,G,P,V,V,A,M,V,W,E,G,K,D,V,V,L,T,G,R,R,I,I,G,A,T,R,P,W,E,A,A,P,G,T,I,R,G,D,Y,A,V,E,V,G,R,N,V,I,H,G,S,D,S,V,E,N,G,K,K,E,I,A,L,W,F,P,E,G,-,V,A,Q,W,K,S,N,L,H,P,W,I,Y
A,N,K,E,R,T,F,I,M,V,K,P,D,G,V,H,R,G,L,V,G,K,I,I,K,R,F,E,T,K,G,F,K,L,V,A,L,K,F,T,W,P,T,E,E,L,L,K,K,H,Y,A,D,L,S,S,K,P,F,F,P,G,L,V,K,Y,M,S,S,G,P,V,V,P,M,V,W,E,G,L,N,V,V,K,T,G,R,F,L,L,G,T,T,N,P,Q,D,S,N,P,G,T,I,R,G,D,Y,C,I,Q,T,G,R,N,I,I,H,G,S,D,A,V,E,S,A,N,K,E,I,A,L,W,F,N,E,K,E,L,V,S,W,T,P,S,C,Q,A,W,I,Y
-,-,M,E,K,T,F,L,M,V,K,P,D,G,V,Q,R,N,L,V,G,E,I,V,S,R,F,E,K,K,G,F,Q,L,A,G,G,K,L,M,V,I,S,K,E,L,A,E,Q,H,Y,G,E,H,K,E,R,P,F,F,G,E,L,V,D,F,I,T,S,G,P,V,F,A,M,V,W,E,G,E,N,V,I,A,T,A,R,Q,M,M,G,S,T,N,P,K,D,A,A,P,G,T,I,R,G,D,F,A,V,T,V,G,K,N,I,I,H,G,S,D,S,P,E,S,A,E,C,E,I,G,L,F,F,N,E,S,E,L,A,G,Y,S,K,L,I,N,D,W,V,-
-,-,M,E,R,T,F,I,A,I,K,P,D,G,V,Q,R,R,L,V,G,E,V,I,S,R,F,E,E,K,G,F,T,L,V,G,L,K,L,M,S,V,S,R,E,L,A,E,N,H,Y,E,V,H,K,G,K,P,F,F,D,G,L,M,K,F,I,T,S,G,P,V,V,A,M,V,W,E,G,D,G,V,V,A,A,A,R,K,M,I,G,A,T,N,P,L,T,A,E,P,G,T,I,R,G,D,Y,A,V,S,V,G,R,N,L,I,H,G,S,D,A,I,E,T,A,N,R,E,I,S,L,W,F,K,E,E,D,L,S,G,W,E,P,S,I,M,S,W,L,-
-,-,-,E,R,T,F,I,M,V,K,P,D,G,V,Q,R,R,L,V,G,K,I,I,Q,R,F,E,D,R,G,F,K,L,V,A,L,K,F,V,A,P,D,Q,G,L,L,T,Q,H,Y,A,D,L,K,E,R,P,F,F,P,S,L,L,K,Y,V,S,S,G,P,V,A,A,M,V,W,E,G,K,D,A,V,K,T,G,R,V,M,L,G,E,T,N,P,L,A,S,K,P,G,T,I,R,G,D,F,A,I,D,V,G,R,N,V,I,H,G,S,D,S,V,E,S,A,N,K,E,I,S,L,W,F,Q,P,Q,E,L,V,A,W,N,T,N,D,H,G,W,V,Y
-,-,-,E,R,T,Y,I,M,V,K,P,D,G,V,Q,R,G,L,V,S,E,V,I,R,R,F,E,Q,R,G,Y,K,L,V,A,L,K,M,K,S,P,D,A,T,L,L,E,E,H,Y,A,D,L,K,G,K,P,F,F,P,G,L,I,S,Y,M,T,S,G,P,V,V,C,M,V,W,E,G,T,D,V,V,K,Q,G,R,R,M,L,G,E,T,R,P,L,E,S,N,P,G,T,L,R,G,D,F,C,I,D,V,G,R,N,I,V,H,G,S,D,S,V,E,S,A,N,K,E,I,S,L,W,F,T,P,E,E,I,C,E,W,T,S,A,Q,H,K,W,V,Y
-,-,M,E,R,T,F,V,M,V,K,P,D,G,V,Q,R,G,L,V,G,D,V,I,R,R,F,E,A,K,G,F,K,L,V,G,L,K,L,V,S,V,S,R,E,L,A,E,Q,H,Y,G,V,H,R,E,R,P,F,F,G,S,L,V,E,F,I,I,S,V,P,V,V,A,M,V,W,E,G,K,G,A,I,A,A,A,R,K,I,I,G,A,T,N,P,L,E,A,E,P,G,T,I,R,G,D,F,G,V,D,I,G,R,N,L,I,H,G,S,D,G,P,D,T,A,A,S,E,I,A,L,W,F,S,E,S,E,L,A,N,W,E,P,A,T,K,A,W,L,Y
-,-,-,E,R,T,F,I,A,I,K,P,D,G,V,Q,R,G,L,V,G,N,I,I,G,R,F,E,T,R,G,F,K,L,V,A,L,K,L,V,S,P,G,K,E,H,L,E,K,H,Y,S,D,L,S,S,K,P,F,F,K,D,L,V,T,Y,M,N,S,G,P,I,V,A,M,V,W,E,G,L,D,A,V,K,T,G,R,A,M,L,G,A,T,N,P,L,S,S,A,P,G,T,I,R,G,D,L,C,L,Q,M,G,R,N,V,C,H,G,S,D,S,V,E,S,A,N,K,E,I,A,L,W,F,K,D,E,D,L,I,Q,W,D,S,A,Q,K,A,W,I,Y
-,-,-,-,R,T,F,N,M,V,K,T,D,G,V,Q,R,G,L,V,G,K,M,L,K,R,F,E,T,K,G,F,Q,L,V,G,L,K,V,M,W,A,E,K,E,L,L,E,K,H,Y,A,D,L,S,A,R,P,F,F,P,G,L,V,N,Y,M,N,S,G,P,V,V,P,M,V,W,E,G,L,N,V,V,K,T,G,R,Q,I,L,G,A,T,N,P,A,D,S,A,P,G,T,I,R,G,D,L,C,I,Q,V,G,R,N,I,I,H,G,S,D,A,V,E,S,A,N,K,E,I,A,L,W,F,T,E,K,E,L,V,A,W,T,P,A,S,E,G,W,V,Y
-,-,-,E,R,T,Y,I,M,I,K,P,D,G,V,Q,R,G,L,V,A,E,I,I,A,R,F,A,R,K,G,F,T,L,R,A,L,K,M,Q,N,V,S,K,E,H,A,E,K,H,Y,A,D,L,S,S,K,P,F,F,G,G,L,V,S,Y,M,C,S,G,P,V,V,A,M,V,W,E,G,K,D,V,V,K,T,G,R,K,I,I,G,A,T,N,P,A,A,S,E,P,G,T,I,R,G,D,F,C,I,E,V,G,R,N,V,I,H,G,S,D,A,V,E,S,A,N,H,E,I,A,L,W,F,P,E,G,-,V,C,E,Y,E,S,C,A,K,A,W,I,Y
-,-,M,E,K,T,F,L,M,V,K,P,D,G,V,Q,R,A,F,I,G,E,I,V,A,R,F,E,K,K,G,F,Q,L,V,G,A,K,L,M,Q,V,T,P,E,I,A,E,Q,H,Y,G,E,H,K,E,R,P,F,F,G,E,L,V,D,F,I,T,S,G,P,V,F,A,M,V,W,Q,G,E,G,V,V,D,T,A,R,N,M,M,G,K,T,R,P,H,E,A,A,P,G,T,I,R,G,D,F,G,V,T,V,A,K,N,I,I,H,G,S,D,S,L,E,S,A,E,R,E,I,A,I,F,F,K,E,E,E,L,V,D,Y,S,K,L,M,N,Q,W,I,Y
S,N,T,E,R,T,F,I,A,V,K,P,D,G,V,Q,R,G,L,V,S,K,I,L,S,R,F,E,E,R,G,F,K,L,V,G,L,K,M,I,N,A,S,Q,D,L,L,D,Q,H,Y,A,E,H,V,G,K,P,F,F,A,K,M,T,A,F,M,R,S,G,P,I,V,A,T,V,W,E,G,K,D,V,V,N,Q,G,R,R,I,L,G,A,T,N,P,L,D,S,A,P,G,T,I,R,G,D,F,A,I,D,L,G,R,N,V,C,H,G,S,D,S,V,E,S,A,N,R,E,I,N,L,W,F,K,K,E,E,L,V,N,W,A,S,V,Q,A,T,W,I,Y
-,-,-,E,R,T,F,I,M,I,K,P,D,G,V,Q,R,G,L,I,G,D,I,V,K,R,F,E,Q,K,G,F,K,L,V,A,M,K,F,I,Q,S,S,I,E,H,L,R,K,H,Y,A,D,L,S,S,K,P,F,F,E,G,L,V,K,Y,M,A,S,G,P,V,L,A,M,V,W,E,G,L,N,V,V,K,T,G,R,V,M,L,G,E,T,N,P,K,D,S,A,P,G,T,I,R,G,D,F,C,V,Q,I,G,R,N,I,C,H,G,S,D,A,V,E,S,A,E,K,E,I,A,L,W,F,T,P,D,E,L,V,D,W,S,P,A,A,M,S,W,I,Y
-,-,-,E,R,S,F,I,A,I,K,V,S,S,T,Q,R,R,L,I,G,E,I,I,A,R,F,E,K,K,G,F,K,L,V,G,I,K,I,L,V,P,T,P,E,H,A,A,K,H,Y,E,D,L,N,K,K,P,F,F,N,G,L,V,K,F,F,S,S,G,A,V,V,A,M,V,F,E,G,K,D,V,V,R,T,G,R,V,L,I,G,A,T,D,P,S,Q,S,A,P,G,T,I,R,F,D,L,C,I,E,T,G,R,N,I,I,H,G,S,D,S,N,E,S,A,A,H,E,I,A,L,W,F,K,E,D,E,I,A,N,W,V,S,T,N,-,-,-,-,-
S,Q,L,E,R,T,F,I,A,V,K,P,D,G,V,Q,R,G,I,V,G,E,I,I,K,R,F,E,V,K,G,F,K,L,V,A,M,K,M,V,Q,A,S,E,D,L,L,M,N,H,Y,I,D,L,K,D,R,P,F,F,P,Q,L,V,K,Y,M,S,S,G,P,V,V,A,M,V,W,E,G,K,G,V,V,K,T,G,R,V,M,L,G,E,T,D,P,A,K,S,S,P,G,T,I,R,G,D,F,C,I,D,V,S,K,N,I,I,H,G,S,D,S,V,E,S,A,N,K,E,I,S,L,W,F,Q,E,G,E,L,V,D,Y,T,-,-,-,-,-,-,-,-
-,-,-,E,R,T,F,I,A,V,K,P,D,G,V,Q,R,C,I,V,G,E,V,I,K,R,F,E,Q,K,G,F,K,L,V,A,M,K,F,L,Q,A,P,K,D,L,L,E,K,H,Y,C,E,L,S,D,K,P,F,Y,P,K,L,I,K,Y,M,S,S,G,P,V,V,A,M,V,W,E,G,L,N,V,V,K,T,G,R,V,M,L,G,E,T,N,P,A,D,S,K,P,G,T,I,R,G,D,F,C,I,Q,V,G,R,N,I,I,H,G,S,D,S,V,E,S,A,K,K,E,I,S,L,W,F,K,R,E,E,L,V,E,Y,Q,N,C,A,Q,D,W,I,Y
A,N,R,E,R,T,F,I,M,V,K,P,D,G,V,Q,R,G,L,V,G,K,I,I,S,R,F,E,K,K,G,F,K,L,V,A,M,K,F,M,Q,A,S,Q,E,L,L,E,K,H,Y,A,D,L,A,G,R,P,F,F,P,G,L,V,S,Y,M,Q,L,G,P,V,V,P,M,V,W,E,G,L,N,V,V,K,T,G,R,D,I,I,G,A,T,N,P,M,D,S,Q,P,G,T,L,R,G,D,L,C,I,Q,V,G,R,N,I,I,H,G,S,D,S,C,P,S,A,E,K,E,I,A,L,W,F,K,E,E,E,L,C,N,Y,K,L,A,L,D,S,W,V,Y
-,-,M,E,R,T,Y,I,M,I,K,P,D,G,V,Q,R,G,L,I,G,E,I,I,K,R,F,E,A,K,G,F,K,L,V,A,M,K,L,T,A,P,G,K,E,H,L,E,K,H,Y,E,D,L,K,D,K,K,F,F,P,G,L,I,A,Y,M,T,S,G,P,V,C,A,M,V,W,E,G,K,G,A,V,K,E,G,R,K,M,L,G,A,T,M,P,S,E,S,A,M,G,T,I,R,G,D,F,C,I,E,V,G,R,N,I,C,H,G,S,D,A,V,E,S,A,N,A,E,I,A,L,W,F,-,P,E,G,V,C,D,W,E,S,A,S,Q,P,W,V,Y
-,-,-,E,Q,T,F,I,A,V,K,P,D,G,V,Q,R,G,L,I,G,P,I,I,T,R,F,E,N,R,G,F,K,L,A,A,I,K,M,V,T,P,S,K,E,H,L,E,K,H,Y,A,D,L,S,D,K,P,F,F,P,G,L,I,A,Y,M,G,S,G,P,V,C,A,M,V,W,E,G,R,D,A,V,K,T,G,R,S,I,L,G,A,T,N,P,L,A,S,A,P,G,T,I,R,G,D,Y,A,L,D,V,G,R,N,V,C,H,G,S,D,S,V,E,N,G,K,K,E,I,A,L,W,F,K,E,G,E,V,Q,S,W,K,S,A,Q,H,D,W,V,Y
-,-,-,E,Q,S,Y,I,M,I,K,P,D,G,V,Q,R,G,L,V,G,E,V,I,K,R,F,E,Q,R,G,Y,T,L,K,G,L,K,L,M,N,V,E,K,S,L,A,E,K,H,Y,E,D,L,S,A,R,P,F,F,P,A,L,V,D,Y,I,C,S,G,P,V,V,A,M,V,W,E,G,K,G,V,V,A,T,G,R,K,M,I,G,A,T,N,P,L,A,S,E,P,G,T,I,R,G,D,F,A,I,E,V,G,R,N,V,I,H,G,S,D,S,V,E,S,A,T,R,E,I,G,L,W,F,P,E,G,-,V,A,Q,W,T,P,V,A,K,P,W,I,Y
-,-,M,E,R,T,F,I,A,I,K,P,D,G,V,Q,R,G,L,V,G,E,I,L,Q,R,F,E,R,R,G,F,K,L,V,G,L,K,L,M,Q,V,S,E,A,L,A,Q,K,H,Y,A,E,H,K,E,R,P,F,F,G,G,L,V,A,F,I,T,S,S,P,V,V,A,V,V,L,E,G,K,G,V,V,A,T,A,R,A,M,M,G,V,T,N,P,L,N,S,P,L,G,T,I,R,G,D,Y,G,I,D,I,G,R,N,I,I,H,G,S,D,S,L,E,S,A,E,R,E,I,A,L,W,F,A,P,A,E,L,L,E,W,Q,A,T,L,G,S,W,V,Y
-,-,-,E,R,T,F,L,M,I,K,P,D,A,V,S,R,G,L,I,G,E,I,I,S,R,F,E,K,K,G,F,K,L,V,A,M,K,F,V,K,K,S,E,D,H,F,R,K,H,Y,E,S,L,A,K,L,K,F,Y,D,G,L,C,K,Y,M,S,Q,T,P,V,C,A,M,V,W,E,G,L,G,V,V,K,T,A,R,V,M,L,G,E,T,D,P,A,K,S,L,P,G,T,I,R,G,D,F,S,I,H,I,G,R,N,I,I,H,G,S,D,A,V,E,T,A,K,E,E,I,A,L,W,F,K,D,D,E,L,V,D,W,T,P,C,N,N,P,W,M,Y
-,-,M,E,R,T,Y,L,M,I,K,P,D,G,V,Q,R,N,L,I,G,E,I,V,S,R,F,E,K,K,G,F,T,L,I,G,A,K,L,M,T,V,T,K,E,Q,A,E,T,H,Y,A,E,H,K,E,R,P,F,F,G,E,L,V,D,F,I,T,S,G,P,V,F,A,M,V,W,E,G,E,N,V,I,A,T,A,R,K,M,M,G,A,T,N,P,A,D,A,E,P,G,T,I,R,G,D,F,G,V,Q,V,A,M,N,V,I,H,G,S,D,S,P,E,S,A,K,R,E,I,D,I,F,F,D,S,S,E,L,N,E,Y,D,K,V,V,N,R,W,V,-
-,-,-,E,R,T,F,L,A,I,K,P,D,G,Y,Q,R,R,L,I,G,E,I,I,R,R,F,E,K,K,G,F,H,L,V,A,M,K,I,M,Q,A,S,E,Q,L,L,K,Q,H,Y,I,A,L,Q,D,K,P,F,Y,D,R,L,V,K,Y,M,G,S,G,P,V,V,A,M,V,W,Q,G,L,D,V,V,K,T,A,R,L,M,I,G,E,T,N,P,A,H,S,L,P,G,T,I,R,G,D,F,C,V,D,V,G,R,N,V,I,H,G,S,D,S,R,E,S,A,Q,R,E,I,A,L,W,F,Q,P,D,E,L,V,C,W,Q,D,S,T,E,S,W,I,Y
-,-,-,E,R,T,F,I,M,I,K,P,D,G,V,Q,R,G,L,V,G,K,I,I,K,R,F,E,T,K,G,F,K,L,V,A,M,K,F,L,W,P,S,E,E,L,L,K,N,H,Y,A,D,L,S,G,K,A,F,F,P,G,L,I,K,Y,M,A,S,G,P,V,V,P,M,V,W,E,G,L,D,A,V,K,T,G,R,F,I,L,G,A,T,D,P,K,N,S,N,P,G,T,I,R,G,D,L,C,I,Q,V,G,R,N,I,I,H,G,S,D,A,V,E,S,A,N,K,E,I,A,L,W,F,S,E,K,E,V,V,P,W,T,K,D,I,D,S,W,V,Y
-,-,M,E,K,T,F,L,M,V,K,P,D,G,V,Q,R,E,L,I,G,E,I,V,K,R,F,E,T,K,G,Y,K,L,A,G,A,K,L,M,Q,V,S,N,Q,L,A,E,T,H,Y,S,E,H,K,E,R,P,F,F,G,E,L,V,D,F,I,T,S,G,P,V,F,A,M,V,W,E,G,E,N,V,I,A,T,A,R,K,M,M,G,K,T,N,P,L,E,A,D,P,S,T,I,R,G,D,F,G,I,S,V,G,K,N,I,I,H,G,S,D,S,A,E,S,A,E,R,E,I,T,L,F,F,T,E,N,E,I,V,S,Y,E,K,Q,A,N,N,W,I,Y
-,-,-,E,R,T,F,L,A,V,K,P,D,G,V,Q,R,R,L,V,G,E,I,V,R,R,F,E,R,K,G,F,K,L,V,A,L,K,L,V,Q,A,S,E,E,L,L,R,E,H,Y,A,E,L,R,E,R,P,F,F,G,R,L,V,K,Y,M,G,S,G,P,V,V,A,M,V,W,Q,G,L,D,V,V,R,A,S,R,A,L,I,G,A,T,N,P,A,D,A,T,P,G,T,I,R,G,D,F,C,I,E,V,G,K,N,V,I,H,G,S,D,S,V,E,S,A,R,R,E,I,A,L,W,F,R,T,D,E,L,L,C,W,E,D,S,S,G,H,W,L,Y
-,-,-,E,R,T,Y,I,M,V,K,P,D,G,V,D,R,G,L,V,G,D,I,I,S,R,F,E,K,R,G,Y,K,L,V,A,L,K,L,K,L,A,S,E,E,L,L,R,E,H,Y,A,D,L,A,G,K,P,F,F,N,G,L,V,A,F,I,G,S,G,P,V,A,C,M,V,W,E,G,K,D,V,V,K,T,G,R,R,M,L,G,E,T,D,P,L,K,S,L,P,G,S,I,R,G,D,Y,A,I,D,L,G,R,N,V,C,H,G,S,D,S,V,E,S,A,N,K,E,I,K,L,W,F,N,E,D,E,L,V,N,W,N,A,S,L,Y,K,S,I,Y
-,E,R,E,R,T,F,V,M,V,K,P,D,G,V,Q,R,G,L,V,G,E,I,I,S,R,F,E,R,R,G,L,K,I,V,G,M,K,M,L,E,V,S,E,E,L,A,K,Q,H,Y,A,E,H,A,A,K,P,F,F,P,G,L,V,S,F,I,R,S,G,P,T,V,A,M,V,I,E,G,K,D,A,V,S,M,V,R,S,M,L,G,K,T,K,P,I,E,S,A,P,G,T,I,R,G,D,F,A,L,D,M,G,R,N,V,I,H,A,S,D,S,P,E,S,A,K,R,E,I,S,L,Y,F,K,T,S,E,I,A,T,Y,A,R,I,D,E,Q,W,L,Y
S,Q,R,E,R,T,F,I,M,V,K,P,D,G,V,Q,R,G,L,V,G,D,I,I,Q,R,F,E,R,R,G,Y,K,L,V,A,M,K,F,M,Q,A,S,E,E,L,L,L,K,H,Y,A,D,L,A,G,L,P,F,F,N,G,L,V,K,F,M,Q,S,G,P,V,V,P,M,V,W,E,G,N,N,V,V,L,T,G,R,D,M,I,G,A,T,D,P,L,K,A,A,P,G,T,I,R,A,D,F,C,V,Q,V,G,R,N,I,I,H,G,S,D,S,L,P,S,A,E,K,E,I,A,L,W,F,S,E,K,E,L,I,N,W,K,P,Q,I,E,P,C,V,Y
-,-,-,E,R,T,F,L,A,V,K,P,D,G,V,Q,R,G,L,V,G,D,I,I,A,R,F,E,K,R,G,Y,K,L,V,G,L,K,M,V,W,P,T,L,E,M,A,Q,I,H,Y,K,D,L,A,K,K,P,F,Y,G,S,L,C,K,F,F,S,S,G,P,I,I,C,M,C,W,E,G,K,D,V,I,N,Q,G,R,Q,M,L,G,E,T,Q,P,L,A,S,K,P,G,S,I,R,G,D,Y,S,I,D,L,G,R,N,I,C,H,G,S,D,S,P,E,A,A,A,H,E,L,G,M,W,F,S,E,G,-,V,N,D,W,K,K,T,V,D,A,W,V,Y
T,N,M,E,R,T,F,I,M,V,K,P,D,G,V,Q,R,G,L,V,G,E,I,I,Q,R,F,E,R,R,G,Y,K,L,I,A,V,K,M,I,H,A,S,E,Q,L,L,Q,T,H,Y,E,A,L,K,S,L,P,F,F,T,N,L,V,A,Y,M,S,S,G,P,V,V,P,M,V,F,E,G,R,K,A,V,E,N,G,R,T,M,L,G,A,T,R,P,E,A,S,C,P,G,S,I,R,G,D,F,C,Q,D,V,G,R,N,V,V,H,G,S,D,S,V,E,S,A,N,R,E,I,N,L,W,F,S,P,Q,E,L,C,R,Y,E,Q,G,I,N,T,W,I,H
A,N,S,E,V,T,F,I,M,I,K,P,D,G,V,Q,R,G,L,I,G,D,I,I,C,R,F,E,K,K,G,F,F,L,K,A,M,K,M,V,Q,V,E,R,S,F,A,E,K,H,Y,S,D,L,S,T,K,S,F,F,G,S,L,V,E,Y,I,V,S,G,P,V,V,A,M,V,W,Q,G,K,G,V,V,A,T,G,R,K,I,I,G,A,T,N,P,A,A,S,E,P,G,T,I,R,G,D,Y,C,I,E,V,S,R,N,I,I,H,G,S,D,A,V,E,S,A,Q,K,E,I,A,L,W,F,P,D,G,-,I,I,D,W,R,S,A,N,H,S,W,I,Y
-,-,-,E,R,T,F,I,M,L,K,P,D,A,V,Q,R,S,L,I,G,E,V,I,K,R,F,E,T,R,G,F,K,L,I,A,L,K,F,M,R,A,S,K,S,L,L,E,Q,H,Y,I,D,L,E,K,K,P,F,F,R,D,L,V,E,Y,M,S,S,G,P,L,V,P,M,V,W,E,G,L,D,V,V,K,L,G,R,A,M,L,G,A,T,N,P,F,D,S,S,P,G,T,I,R,G,D,F,C,L,D,I,G,R,N,I,I,H,G,S,D,S,T,E,A,A,S,K,E,I,S,L,W,F,S,P,N,E,L,T,M,W,R,S,S,T,L,G,W,-,-
-,-,-,E,V,S,F,I,M,V,K,P,D,G,V,Q,R,G,L,V,G,E,I,I,K,R,F,E,N,R,G,F,K,L,V,G,C,K,M,M,S,P,S,K,D,L,L,E,T,H,Y,V,D,L,K,S,K,P,F,F,P,G,L,I,K,Y,M,S,G,G,P,V,V,A,M,A,W,Q,G,K,N,V,V,K,T,G,R,S,M,L,G,A,T,N,P,L,D,S,N,P,G,T,I,R,G,D,L,C,I,D,V,G,R,N,I,C,H,G,S,D,S,V,E,S,G,K,R,E,V,K,L,W,F,G,-,D,S,T,E,D,Y,S,L,C,T,E,N,M,I,Y
G,E,S,E,R,S,Y,V,M,V,K,P,D,G,V,Q,R,G,L,V,G,E,I,I,S,R,F,E,R,K,G,F,Q,L,I,G,L,K,L,F,K,T,P,K,E,L,A,E,E,H,Y,G,E,L,K,E,K,P,F,Y,G,K,L,V,A,Y,I,I,S,G,P,V,V,C,I,A,L,E,G,P,G,I,V,A,S,A,R,K,L,I,G,A,T,N,P,L,N,A,E,P,G,T,I,R,G,D,L,G,I,D,V,G,R,N,V,V,H,G,S,D,S,P,E,N,G,L,R,E,L,G,L,W,F,D,D,D,E,L,I,Q,W,D,Q,H,M,T,P,W,L,-
-,-,M,E,R,S,F,V,M,V,K,P,D,G,V,Q,R,G,L,I,G,E,V,I,S,R,L,E,R,R,G,L,K,L,V,A,A,K,L,M,R,V,S,R,E,L,A,E,E,H,Y,A,Q,L,K,D,K,P,F,F,P,S,L,I,E,F,I,T,S,G,P,V,M,A,M,V,W,E,G,P,N,A,I,S,I,I,R,K,T,M,G,A,T,N,P,A,N,A,E,P,G,T,I,R,A,D,F,A,C,D,V,S,Y,N,V,V,H,G,S,D,G,P,E,S,A,E,R,E,I,R,L,W,F,G,E,V,E,-,P,S,Y,S,R,S,V,D,R,W,I,F
-,-,-,E,R,T,F,I,M,V,K,P,D,G,V,Q,R,G,L,V,G,D,I,V,H,R,F,E,K,R,G,Y,K,M,V,A,G,K,M,M,K,P,D,E,E,L,L,N,V,H,Y,G,D,L,K,T,K,S,F,F,P,G,L,I,K,F,I,S,S,G,P,V,F,A,M,V,W,E,G,K,N,V,V,K,Q,G,R,V,M,L,G,E,T,D,P,L,A,S,K,P,G,S,I,R,G,D,Y,S,I,D,L,G,R,N,I,C,H,G,S,D,S,V,E,S,A,D,K,E,I,N,L,W,F,K,K,D,E,L,M,D,Y,K,L,C,T,E,G,N,V,Y
-,-,M,E,R,T,F,L,M,I,K,P,D,G,V,Q,R,K,L,V,G,E,I,I,T,R,L,E,K,K,G,L,K,L,V,G,G,K,F,M,T,V,S,K,E,K,A,E,T,H,Y,G,E,H,A,D,K,P,F,Y,E,G,L,V,S,F,I,T,S,A,P,V,F,A,M,V,V,E,G,E,N,V,V,E,V,T,R,N,M,I,G,K,T,N,P,T,E,A,A,P,G,T,I,R,G,D,L,G,L,T,V,G,R,N,V,I,H,G,S,D,S,V,E,S,A,K,R,E,I,S,L,W,F,E,P,N,E,L,S,V,Y,T,A,N,D,E,E,W,L,Y
-,-,-,E,Q,T,F,V,M,V,K,P,D,G,V,Q,R,G,L,V,G,E,I,V,A,R,F,E,R,K,G,L,K,L,V,A,A,K,L,V,Q,V,S,K,E,L,A,E,A,H,Y,A,E,H,R,E,R,P,F,F,G,E,L,V,Q,F,I,T,S,S,P,V,F,A,M,I,L,E,G,E,N,A,I,A,V,V,R,A,M,M,G,K,T,N,P,A,E,A,A,P,G,T,I,R,G,D,L,G,L,T,I,G,M,N,V,V,H,G,S,D,S,P,E,S,A,K,R,E,I,E,L,W,F,P,E,G,A,L,T,-,Y,E,R,T,V,D,A,W,L,-
-,-,M,E,K,S,F,I,M,V,K,P,D,G,V,Q,R,G,L,V,G,V,V,I,K,R,F,E,R,R,G,Y,K,L,I,A,I,K,I,L,N,P,T,E,E,I,L,K,E,H,Y,K,E,L,S,D,Q,P,F,F,K,K,L,V,D,Y,I,S,K,G,P,V,V,A,M,V,W,E,G,M,D,I,V,K,Q,G,R,K,I,I,G,E,T,N,P,L,N,S,S,V,G,T,I,R,G,D,F,C,L,E,V,S,R,N,A,V,H,G,S,D,S,V,A,S,A,N,R,E,I,N,I,W,F,K,A,E,E,L,I,Q,W,-,-,-,-,-,-,-,-,-
-,-,-,E,R,T,L,I,A,V,K,P,D,G,V,Q,R,K,L,V,G,E,I,I,K,R,F,E,Q,R,G,F,T,L,V,G,L,K,L,L,Q,A,S,E,G,I,L,A,E,H,Y,H,D,L,R,R,K,P,F,Y,P,A,L,L,R,Y,M,A,S,G,P,V,V,A,M,V,W,E,G,H,N,V,V,R,T,S,R,A,M,V,G,D,T,D,S,S,Q,A,K,P,G,T,I,R,G,D,F,S,V,H,I,S,R,N,V,I,H,A,S,D,S,V,E,V,A,E,R,E,I,S,L,W,F,H,S,G,E,L,I,S,W,E,T,S,D,Q,S,H,L,Y
-,-,M,E,R,T,Y,L,M,I,K,P,D,G,V,Q,R,G,L,V,G,E,I,I,A,R,F,E,K,R,G,F,K,I,V,G,L,K,M,I,R,I,G,R,E,L,A,E,K,H,Y,G,E,H,K,G,K,P,F,F,E,P,L,V,G,Y,I,T,S,S,P,V,V,A,M,V,I,E,G,K,N,A,V,G,A,A,R,E,M,M,G,A,T,D,P,L,K,A,A,P,G,T,I,R,G,T,Y,G,I,D,I,G,R,N,V,I,H,G,S,D,S,P,A,S,A,Q,R,E,I,A,L,F,F,S,A,D,E,L,M,E,Y,G,L,E,L,D,R,W,V,Y
-,E,V,E,E,T,Y,I,M,V,K,P,D,G,I,Q,R,G,L,V,G,E,I,I,S,R,F,E,K,K,G,F,K,L,I,G,L,K,M,F,Q,C,P,K,E,L,A,E,E,H,Y,K,D,L,S,A,K,S,F,F,P,N,L,I,E,Y,I,T,S,G,P,V,V,C,M,A,W,E,G,V,G,V,V,A,S,A,R,K,L,I,G,K,T,D,P,L,Q,A,E,P,G,T,I,R,G,D,L,A,V,Q,T,G,R,N,I,V,H,G,S,D,S,P,E,N,G,K,R,E,I,-,-,-,-,-,-,-,-,-,-,-,-,-,-,-,-,-,-,-,-,-
-,-,-,-,N,T,F,I,A,I,K,P,D,G,V,Q,R,N,F,V,G,E,I,I,K,C,F,K,Q,K,G,F,C,L,T,A,M,K,L,I,Q,A,S,E,D,L,L,K,E,H,Y,I,D,L,K,D,R,P,F,F,A,G,L,V,K,Y,M,Q,S,G,P,V,V,A,M,V,L,E,G,L,N,V,V,K,T,G,L,V,M,L,G,E,T,N,P,V,D,S,K,P,G,T,I,R,G,D,F,C,I,Q,V,D,R,N,I,I,H,G,S,D,S,V,E,S,A,E,K,E,I,G,L,W,I,Q,P,E,E,L,V,D,Y,K,S,C,A,K,N,W,I,Y
-,-,-,E,R,T,L,V,A,V,K,P,D,G,V,Q,R,R,L,V,G,D,V,I,Q,R,F,E,R,R,G,F,K,L,V,G,M,K,M,L,Q,A,P,E,R,V,L,A,E,H,H,H,D,L,Q,R,K,P,F,Y,P,P,L,I,S,Y,M,T,S,G,P,V,V,A,M,V,W,E,G,P,S,V,V,C,S,S,R,T,M,I,G,H,T,D,S,A,E,A,T,P,G,T,I,R,G,D,F,S,I,H,I,S,R,N,I,I,H,A,S,D,S,V,E,G,A,R,R,E,I,Q,L,W,F,Q,S,S,E,L,V,D,W,A,K,N,H,E,S,S,I,Y
-,-,-,E,R,S,F,V,M,I,K,P,D,G,V,S,R,Q,L,V,G,K,I,V,S,R,F,E,E,R,G,Y,K,L,V,A,I,K,S,L,T,P,S,D,A,L,A,K,E,H,Y,A,D,L,S,A,R,P,F,Y,P,S,L,V,K,Y,I,T,S,G,P,V,V,A,M,V,W,E,G,K,D,V,I,R,Q,G,R,R,I,V,G,A,T,N,P,L,D,A,D,A,G,S,V,R,G,Q,Y,A,V,S,V,G,R,N,L,I,H,A,S,D,A,F,E,S,A,T,K,E,I,G,L,W,F,A,P,E,E,L,S,E,Y,E,P,I,A,W,P,W,V,-
-,-,-,-,-,-,-,-,-,V,K,P,N,G,V,Q,R,G,L,V,G,E,V,I,K,R,F,E,R,K,G,F,K,L,V,A,M,K,F,M,Q,A,S,E,E,H,M,Q,K,H,Y,T,H,L,K,S,K,G,F,C,A,G,L,C,K,Y,M,S,S,S,P,V,V,P,M,V,W,E,G,L,D,M,V,R,A,G,R,V,M,L,G,E,T,D,P,A,D,S,K,P,G,S,I,R,G,D,F,C,V,H,V,G,R,N,L,V,H,G,S,D,S,I,E,N,A,E,K,E,I,A,L,W,F,R,E,D,E,I,V,N,Y,K,A,G,Q,Y,D,W,V,Y
S,E,H,E,R,T,F,V,M,V,K,P,D,G,V,Q,R,G,L,I,G,D,I,V,S,R,F,E,D,R,G,L,K,M,V,G,G,K,F,M,Q,I,D,Q,E,L,A,E,E,H,Y,G,E,H,E,D,K,P,F,F,D,G,L,V,D,F,I,T,S,G,P,V,F,A,M,V,W,E,G,Q,D,A,T,R,Q,V,R,T,M,M,G,E,T,D,P,A,E,S,A,P,G,T,I,R,G,D,Y,G,L,D,L,G,R,N,V,I,H,G,S,D,H,E,D,E,G,A,N,E,I,E,L,F,F,D,E,D,E,L,V,D,W,D,Q,I,D,S,S,W,L,Y
-,-,M,E,R,T,F,V,M,I,K,P,D,G,V,R,R,G,L,V,G,E,I,L,A,R,F,E,R,K,G,F,R,I,A,A,L,K,L,M,Q,I,S,Q,E,L,A,E,R,H,Y,A,E,H,R,E,K,P,F,F,P,G,L,V,R,F,I,T,S,G,P,V,V,A,M,V,L,E,G,P,G,V,V,A,E,V,R,K,M,M,G,A,T,H,P,K,D,A,L,P,G,T,I,R,G,D,F,A,T,T,I,D,E,N,V,I,H,G,S,A,T,L,E,D,A,Q,R,E,I,A,L,F,F,R,P,E,E,L,L,-,-,-,-,-,-,-,-,-,-,-
-,-,-,E,R,T,F,I,M,V,K,P,D,G,V,Q,R,G,L,I,G,D,I,V,H,R,F,E,K,R,G,F,K,M,V,A,G,K,L,M,T,T,T,E,D,L,L,R,V,H,Y,A,A,D,Q,N,S,P,F,F,G,G,L,L,K,L,F,S,S,G,P,V,F,A,M,V,W,E,G,K,D,I,V,K,Q,G,R,A,M,L,Y,G,D,D,H,L,N,P,K,P,G,T,I,R,G,D,Y,S,V,D,I,G,R,N,V,C,H,G,S,D,S,M,E,V,A,I,K,E,I,E,L,W,F,K,T,E,E,I,I,N,Y,T,L,C,T,E,Q,Y,L,Y
-,-,-,-,-,-,-,-,-,-,-,-,-,-,M,Q,C,G,L,V,G,K,I,I,K,R,F,E,Q,K,G,F,R,L,V,A,M,K,F,L,P,A,S,E,E,H,L,K,Q,H,Y,I,D,L,K,D,R,P,F,F,P,G,L,V,K,Y,M,N,S,G,P,V,V,A,M,V,W,E,G,L,N,V,V,K,T,G,R,V,M,L,G,E,T,N,P,A,D,S,K,P,G,T,I,R,G,D,F,C,I,Q,V,G,R,N,I,I,H,G,S,D,S,V,K,S,A,E,K,E,I,S,L,R,F,K,P,E,E,L,V,D,Y,K,S,C,A,H,D,W,V,Y
-,-,-,E,R,T,L,V,A,V,K,P,D,G,V,Q,R,R,L,V,G,T,V,I,H,R,F,E,R,R,G,F,K,L,V,G,M,K,M,L,Q,A,P,E,S,I,L,A,E,H,Y,R,D,L,Q,R,K,P,F,Y,P,A,L,I,S,Y,M,S,S,G,P,V,V,A,M,V,W,E,G,H,N,V,V,H,I,S,R,A,M,I,G,H,T,D,S,T,E,A,A,P,G,T,I,R,G,D,F,S,V,H,I,S,R,N,V,I,H,A,S,D,S,V,D,G,A,Q,R,E,I,E,L,W,F,Q,S,S,E,L,L,N,W,A,-,-,-,-,-,-,-,-
-,-,-,E,Q,T,Y,I,M,I,K,P,D,G,V,Q,R,G,I,V,G,E,I,I,K,R,F,E,N,R,G,Y,K,I,A,A,L,K,M,V,H,A,S,E,E,H,L,E,K,H,Y,K,D,L,K,G,K,K,F,F,P,G,L,I,K,Y,M,A,S,G,P,V,V,C,I,V,F,E,G,K,D,A,V,K,T,G,R,V,L,L,G,A,T,N,P,L,D,S,A,P,G,T,I,R,G,D,F,A,I,D,V,G,R,N,V,C,H,G,S,D,S,V,E,S,A,K,A,E,I,A,L,W,F,G,E,Q,N,T,I,Q,Y,T,R,A,V,D,S,W,I,Y
-,-,M,E,K,T,F,I,M,L,K,P,D,A,V,Q,R,G,L,V,G,Q,I,I,A,R,F,E,T,K,G,C,K,L,V,G,M,K,L,M,S,V,D,Q,A,L,A,E,Q,H,Y,A,E,H,K,G,K,S,F,F,E,P,T,V,Q,Y,I,M,S,S,P,V,V,A,M,V,W,E,G,K,N,V,V,A,L,A,R,E,L,M,G,A,T,N,P,A,N,A,N,P,G,S,I,R,G,S,F,G,M,D,I,S,R,N,V,I,H,G,S,D,S,V,A,S,A,E,R,E,I,A,L,Y,F,R,P,E,E,L,C,D,Y,R,K,A,G,E,E,W,L,-
-,-,-,E,R,T,F,I,M,V,K,P,D,G,V,V,R,G,L,T,A,K,V,I,K,R,F,E,E,K,G,Y,K,L,V,A,M,K,F,M,K,A,S,E,E,L,L,N,Q,H,Y,A,D,L,K,E,K,K,F,F,P,T,L,I,K,H,I,A,S,G,P,V,V,P,M,V,W,E,G,K,D,A,C,R,T,G,R,I,L,L,G,E,T,N,P,L,D,S,K,P,G,T,L,R,G,D,Y,S,I,D,L,G,R,N,I,V,H,G,S,D,S,V,E,S,A,N,K,E,I,A,L,W,F,T,E,S,E,L,V,E,W,S,S,P,L,H,S,S,V,Y
-,-,-,-,-,-,-,-,-,I,K,P,D,G,V,Q,R,G,H,V,G,E,I,I,S,R,F,E,K,K,G,M,V,M,K,A,L,K,T,Y,Q,C,P,K,A,V,A,E,E,H,Y,Q,D,L,S,S,K,P,F,F,G,D,L,V,N,Y,I,C,S,G,P,V,V,A,M,I,W,E,G,P,G,V,V,K,S,A,R,L,L,I,G,A,T,N,P,L,E,S,A,P,G,T,I,R,G,D,L,A,V,E,V,G,R,N,V,I,H,G,S,D,S,V,E,S,A,E,R,E,I,E,L,W,F,-,-,-,-,-,-,-,-,-,-,-,-,-,-,-,-,-
-,-,-,E,R,T,L,I,A,V,K,P,D,G,V,Q,R,R,L,V,G,Q,I,M,Q,R,F,E,Q,R,G,F,K,L,V,G,M,K,M,L,Q,A,S,E,E,L,L,S,Q,H,Y,Q,E,L,R,R,K,P,F,Y,P,S,L,L,Y,Y,M,T,S,G,P,I,V,V,M,V,W,E,G,H,N,V,V,R,T,S,R,I,M,V,G,D,T,N,P,S,E,A,Q,A,G,T,V,R,G,D,F,S,I,H,I,S,R,N,V,V,H,A,S,D,S,V,E,G,A,Q,R,E,I,Q,L,W,F,H,R,K,E,L,M,D,W,D,C,Y,D,H,N,S,T,Y
-,-,M,E,Q,T,F,L,M,V,K,P,D,G,V,E,R,G,L,I,G,E,I,I,A,R,I,E,R,K,G,F,V,I,R,E,M,K,M,M,Q,V,T,E,E,L,A,Q,A,H,Y,A,E,H,A,E,K,P,F,F,G,E,L,V,T,F,L,T,S,G,P,V,V,A,L,R,V,E,G,E,D,V,V,T,V,S,R,M,M,I,G,K,T,K,P,T,E,A,L,P,G,T,I,R,G,D,F,A,N,T,M,S,E,N,V,I,H,G,S,D,S,V,E,S,A,E,R,E,L,G,L,W,F,Q,G,Q,P,L,-,-,-,-,-,-,-,-,-,-,-,-
-,-,-,E,R,T,F,V,M,V,K,P,D,G,V,Q,R,G,L,I,G,D,I,V,T,R,L,E,T,K,G,L,K,M,V,G,G,K,F,M,R,I,D,E,E,L,A,H,E,H,Y,A,E,H,E,D,K,P,F,F,D,G,L,V,S,F,I,T,S,G,P,V,F,A,M,V,W,E,G,A,D,A,T,R,Q,V,R,Q,L,M,G,A,T,D,A,Q,D,A,A,P,G,T,I,R,G,D,Y,G,N,D,L,G,H,N,L,I,H,G,S,D,H,E,D,E,G,A,N,E,I,A,L,F,F,D,D,A,E,L,V,D,W,-,-,-,-,-,-,-,-,-
-,-,-,-,-,-,-,-,-,-,-,-,-,G,V,Q,R,R,L,M,G,D,I,V,K,R,F,E,G,K,G,L,K,L,V,A,M,K,F,L,K,P,P,V,A,L,L,Q,Q,H,Y,I,D,L,K,D,K,A,F,Y,S,S,L,V,Q,F,M,N,S,G,P,V,L,A,M,V,W,E,G,N,G,V,V,R,T,C,R,R,M,L,G,E,T,D,P,A,D,S,A,P,G,T,I,R,G,D,F,C,I,D,I,G,R,N,V,I,H,G,S,D,S,E,E,S,A,Q,K,E,I,S,L,-,-,-,-,-,-,-,-,-,-,-,-,-,-,-,-,-,-,-
-,-,-,E,R,T,F,V,M,V,K,P,D,G,V,Q,R,G,L,I,G,E,I,V,S,R,F,E,E,R,G,L,K,L,V,G,G,K,F,M,Q,I,D,E,D,L,A,H,Q,H,Y,G,E,H,E,G,K,P,F,F,D,G,L,V,D,F,I,T,S,A,P,V,F,A,M,V,W,E,G,A,D,A,T,R,Q,V,R,S,M,V,G,E,T,D,P,A,E,S,A,P,G,T,I,R,G,D,F,G,L,D,L,G,Q,N,V,I,H,A,S,D,H,E,D,E,G,E,R,E,I,D,L,F,F,D,E,E,E,L,V,D,Y,G,L,D,T,A,A,W,V,Y
-,-,-,E,K,T,L,V,L,V,K,P,D,A,V,Q,R,R,L,V,G,N,V,I,Q,R,F,E,R,R,G,F,K,L,V,A,M,K,L,L,Q,A,D,Q,G,L,L,D,K,H,Y,Q,Q,L,R,Q,K,P,F,Y,P,A,L,L,A,Y,M,T,S,G,P,L,V,A,M,V,W,E,G,Y,N,V,V,R,S,T,R,A,M,V,G,D,T,D,S,A,V,A,A,A,G,T,I,R,G,D,F,S,M,H,V,S,R,N,V,V,H,A,S,D,S,V,E,T,A,Q,R,E,I,G,F,W,F,Q,R,N,E,L,V,A,W,E,S,G,D,R,D,Y,-,-
