0.805031446541,0.041825095057,0.0,0.0,0.0,0.0,0.041825095057,0.167300380228,0.158940397351,0.226277372263,0.77990430622,0.365384615385,0.139534883721,0.00581395348837,0.193798449612,0.348214285714,0.0045871559633,0.0,0.423357664234,0.0313901345291,0.00507614213198,0.046511627907,0.408759124088,0.0,0.0,0.508928571429,0.448430493274,0.105769230769,0.644230769231,0.175732217573,0.232142857143,0.186046511628,0.295620437956,0.0459770114943,0.189781021898,0.093023255814,0.0229885057471,0.383647798742,0.596899224806,0.350574712644,0.649006622517,0.78488372093,0.9375,1.28846153846,0.124031007752,0.601990049751,0.513307984791,0.093023255814,0.377906976744,0.422885572139,0.504464285714,0.0673575129534,0.0,0.417721518987,0.425641025641,0.00632911392405,0.240310077519,0.0,0.00995024875622,0.0077519379845,0.0,0.0,0.0,0.11320754717,0.0813953488372,0.470802919708,0.778242677824,0.240384615385,0.487179487179,0.0825688073394,0.031007751938,0.556291390728,0.0691823899371,0.0,0.37552742616,0.631178707224,0.108786610879,0.0845771144279,0.523316062176,0.413461538462,0.0406976744186,0.529801324503,0.46357615894,0.0199004975124,0.159574468085,0.746268656716,0.56976744186,0.365384615385,0.145695364238,0.0149253731343,0.505747126437,0.375,0.194092827004,0.0188679245283,0.0,0.0,0.0,0.0,0.0,0.0529801324503,0.0523255813953,0.410852713178,0.317880794702,0.467661691542,0.502392344498,0.384615384615,0.269230769231,0.121076233184,0.473214285714,0.46511627907,0.0,0.0,0.407960199005,0.165562913907,0.0,0.0845771144279,0.482587064677,0.201257861635,0.0298507462687,0.507462686567,0.784688995215,0.114832535885,0.269230769231,0.0229357798165,0.398009950249,0.310344827586,0.10447761194,0.125,0.162436548223,0.899371069182,0.290697674419,0.459119496855,0.3536121673,0.0,0.0077519379845,0.132450331126,0.00478468899522,0.322175732218,0.015503875969,0.125,0.782945736434,0.450777202073,0.182692307692,0.299578059072,0.343065693431,0.549668874172,0.109452736318,0.284974093264,0.361607142857,0.612440191388,0.09375,0.203980099502,0.494186046512,0.189054726368,0.00632911392405,0.255474452555,0.341085271318,0.0199004975124,0.00961538461538,0.291139240506,0.343065693431,0.0,0.0,0.348214285714,0.18023255814,0.0852713178295,0.403846153846,0.776371308017,0.577114427861
P,Y,I,L,V,L,Y,Y,S,R,H,G,A,T,A,E,M,A,R,Q,I,A,R,G,V,E,Q,G,G,F,E,A,R,V,R,T,V,P,A,V,S,T,E,G,A,L,Y,A,T,L,E,D,L,K,N,C,A,G,L,A,L,G,S,P,T,R,F,G,N,M,A,S,P,L,K,Y,F,L,D,G,T,S,S,L,W,L,T,G,S,L,V,G,K,P,A,A,V,F,T,S,T,A,S,L,H,G,G,Q,E,T,T,Q,L,S,M,L,L,P,L,L,H,H,G,M,L,V,L,G,I,P,T,P,Y,G,A,S,H,F,A,G,A,D,G,K,R,S,L,D,E,H,E,L,T,L,C,R,A,L,G,K,R,L,A,E,T,A,G,K,L
P,Y,I,L,V,L,Y,Y,S,R,H,G,A,T,A,E,M,A,R,Q,I,A,R,G,V,E,Q,G,G,F,E,A,R,V,R,T,V,P,A,V,S,T,E,G,A,L,Y,A,T,L,E,D,L,K,N,C,A,G,L,A,L,G,S,P,T,R,F,G,N,M,A,S,P,L,K,Y,F,L,D,G,T,S,S,L,W,L,T,G,S,L,V,G,K,P,A,A,V,F,T,S,T,A,S,L,H,G,G,Q,E,T,T,Q,L,S,M,L,L,P,L,L,H,H,G,M,L,V,L,G,I,P,T,P,Y,G,A,S,H,F,A,G,A,D,G,K,R,S,L,D,E,H,E,L,T,L,C,R,A,L,G,K,R,L,A,E,T,A,G,K,L
P,Y,V,L,V,L,F,Y,S,R,Q,G,S,T,E,A,M,A,R,M,V,A,R,G,V,S,S,T,G,F,E,A,R,L,R,T,V,P,P,V,S,A,E,G,P,L,Y,C,S,I,D,D,L,R,H,C,A,G,L,V,M,G,S,P,T,R,F,G,N,M,A,A,P,L,K,Y,F,V,D,Q,T,S,D,L,W,L,S,G,A,M,I,D,K,P,A,A,V,F,T,S,T,A,S,L,H,G,G,Q,E,S,T,L,L,S,M,Q,L,P,L,L,H,H,G,M,L,V,M,G,L,P,T,P,Y,G,A,T,H,W,S,G,A,D,G,S,R,A,I,D,D,T,E,L,Q,L,C,R,A,L,G,R,R,V,A,Q,T,C,A,R,L
P,Y,I,L,V,L,Y,Y,S,R,G,G,A,T,A,E,M,A,Q,Q,V,A,R,G,V,Q,Q,S,G,V,E,A,R,L,R,T,V,P,P,V,S,D,D,G,P,L,Y,C,E,P,D,D,L,R,D,C,A,G,L,V,M,G,S,P,T,R,F,G,N,M,A,A,P,L,K,Y,F,V,D,Q,S,S,S,L,W,L,S,G,A,M,I,D,K,P,A,A,V,F,T,S,T,S,S,L,H,G,G,Q,E,S,T,L,L,S,M,M,L,P,L,L,H,Q,G,M,L,V,V,G,L,P,T,P,Y,G,A,S,H,W,A,G,A,D,N,S,R,R,V,D,A,N,E,A,L,L,C,Q,A,L,G,K,R,V,A,R,L,A,-,-,-
P,E,I,L,I,L,Y,Y,S,R,H,G,S,V,A,A,M,A,E,R,I,A,R,G,V,E,E,E,G,M,Q,A,R,L,R,T,V,P,A,V,S,T,V,G,H,P,Y,A,S,H,D,D,L,R,E,C,A,G,L,A,L,G,S,P,T,R,F,G,N,M,A,A,P,L,K,Y,F,L,D,S,T,S,T,L,W,L,S,G,A,L,A,G,K,P,A,A,V,F,T,S,T,S,S,L,H,G,G,Q,E,S,T,L,L,S,M,M,I,P,L,L,H,H,G,M,V,L,L,G,I,P,T,P,Y,G,A,S,H,V,A,G,A,D,N,Q,L,P,L,S,E,N,E,I,I,L,C,R,A,L,G,R,R,L,A,R,M,G,A,S,L
-,-,I,L,I,L,Y,Y,S,R,S,G,N,V,K,N,M,A,E,Q,I,A,R,G,V,E,S,A,G,C,R,A,I,L,R,T,V,P,P,V,S,T,D,G,H,L,Y,A,S,H,D,D,L,K,Q,C,S,A,L,V,L,G,S,P,T,R,F,G,N,M,A,A,P,L,K,Y,F,I,D,S,T,S,D,I,W,L,S,G,E,L,A,G,K,P,A,A,V,F,T,S,T,G,S,L,H,G,G,Q,E,T,T,L,L,S,M,M,L,P,L,L,H,H,G,M,M,I,M,G,L,P,T,P,Y,G,P,S,H,L,A,G,S,Q,N,D,R,P,L,T,D,T,E,A,T,L,C,R,A,L,G,K,R,I,A,N,T,T,L,K,L
P,Y,L,L,V,L,Y,Y,S,R,N,G,A,T,R,V,L,A,Q,H,V,A,R,G,A,A,Q,S,G,V,E,V,R,V,R,T,V,P,P,V,S,A,E,G,D,V,Y,C,T,L,E,D,L,E,N,C,S,G,L,V,I,G,S,P,T,R,F,G,N,M,A,A,P,L,K,Y,F,L,D,Q,T,G,S,L,W,Q,A,G,A,L,I,D,K,P,A,A,A,F,T,S,T,S,S,L,H,G,G,Q,E,T,T,L,Q,T,M,L,T,P,L,L,H,H,G,M,L,L,V,G,L,P,S,P,Y,G,A,G,H,W,S,G,P,D,G,A,R,R,P,D,E,T,E,L,Q,L,C,R,A,L,G,R,R,V,A,E,L,A,H,R,L
P,Y,I,L,I,L,Y,Y,S,R,T,G,S,T,L,A,M,A,Q,Q,I,A,R,G,V,E,Q,T,G,I,E,A,R,L,R,T,V,P,A,V,S,T,E,G,A,L,Y,C,S,E,D,D,L,K,Q,C,A,G,L,I,L,G,S,P,T,R,F,G,N,M,A,A,P,L,K,Y,F,L,D,N,T,S,S,L,W,L,N,G,D,L,I,D,K,P,A,A,V,F,T,S,T,S,T,L,H,G,G,Q,E,S,T,L,L,S,M,M,I,P,L,L,H,Q,G,M,V,L,A,G,I,P,T,P,Y,G,A,S,H,L,A,S,Q,T,Q,G,S,R,L,S,D,D,E,T,G,L,C,Q,A,L,G,K,R,I,A,R,L,A,-,-,-
P,Y,V,L,V,L,Y,Y,S,R,N,G,Q,T,A,E,M,A,T,Q,I,G,R,G,V,A,R,A,G,I,E,A,R,I,R,T,V,P,P,V,S,P,D,G,A,P,Y,A,T,K,A,D,L,A,E,C,A,G,L,A,L,G,S,P,T,R,F,G,N,M,A,A,P,L,K,H,F,L,D,G,T,G,D,L,W,L,N,G,K,L,T,G,K,P,A,G,A,F,T,S,T,G,S,L,H,G,G,Q,E,T,T,L,L,T,M,M,M,P,L,L,H,H,G,M,V,L,C,G,L,P,T,P,Y,G,P,S,H,W,A,G,T,G,E,Q,Q,A,L,S,D,H,E,K,I,L,C,Q,A,F,G,E,R,L,A,R,L,A,L,K,L
-,-,I,L,V,V,Y,Y,S,R,Y,G,A,T,A,Q,M,A,R,H,V,A,R,G,V,E,S,S,G,M,Q,A,R,L,R,T,V,P,P,V,S,A,E,G,P,P,Y,V,T,T,Q,D,L,E,E,C,A,G,L,A,I,G,S,P,T,R,F,G,N,M,A,A,P,M,K,Y,F,L,D,Q,T,G,S,Q,W,L,S,G,A,L,A,G,K,P,A,G,V,F,T,S,T,G,T,L,H,G,G,Q,E,S,T,L,L,S,M,M,I,P,L,L,H,H,G,M,L,L,V,G,L,P,T,P,Y,G,A,S,H,F,A,G,P,K,G,D,L,P,L,S,E,D,E,R,H,L,C,H,A,L,G,E,R,I,A,R,T,A,Q,A,L
-,-,I,L,V,L,Y,Y,S,R,H,G,A,T,R,K,L,A,E,L,I,A,R,G,I,D,S,P,G,A,Q,S,R,L,R,T,V,P,P,V,S,T,E,G,A,P,Y,A,E,L,R,D,L,E,E,C,A,G,L,A,L,G,S,P,T,R,F,G,N,M,A,A,P,M,K,Y,F,L,D,G,T,V,A,Q,W,L,S,G,A,L,T,G,K,P,A,C,V,F,T,S,T,G,S,L,H,G,G,Q,E,T,T,L,L,S,M,M,L,P,L,L,H,H,G,M,L,I,V,G,L,P,T,P,Y,G,P,S,H,Y,A,H,V,D,N,Q,G,P,I,T,E,Q,E,A,S,L,A,T,A,M,G,R,R,L,A,E,T,A,L,K,L
P,Y,V,L,V,L,F,Y,S,R,H,G,A,T,Q,E,M,A,Q,Q,L,A,A,G,I,E,S,A,G,I,A,A,R,L,R,T,V,P,P,V,S,A,E,G,A,V,Y,A,T,L,D,D,L,R,H,C,H,G,L,A,L,G,S,P,T,R,F,G,N,M,A,S,P,L,K,Y,F,L,D,T,T,S,E,L,W,M,N,G,A,L,T,D,K,P,A,T,A,F,T,S,T,A,S,L,H,G,G,Q,E,A,T,L,L,T,M,L,V,P,L,L,H,H,G,M,V,Y,A,G,V,P,T,P,Y,G,T,S,H,L,A,G,A,K,A,E,R,E,L,D,V,D,E,T,A,L,A,R,A,Q,G,A,R,L,-,-,-,-,-,-,-
P,Y,I,V,V,L,Y,Y,S,H,H,G,S,V,A,N,M,A,Q,Q,I,A,R,G,I,E,Q,T,G,I,E,A,R,I,R,T,V,P,A,V,S,A,D,G,P,L,Y,C,S,M,D,D,L,Q,H,C,A,G,L,I,M,G,S,P,T,R,F,G,N,M,A,A,A,M,K,Y,F,I,D,G,S,S,S,L,W,L,S,G,A,M,I,D,K,P,A,A,V,F,T,S,T,S,S,L,H,G,G,Q,E,S,T,L,L,T,M,M,L,P,L,L,H,H,G,M,I,A,V,G,I,P,T,P,Y,G,A,S,H,M,A,G,K,N,S,D,R,P,L,D,V,D,E,S,S,L,C,Q,A,L,G,K,R,V,A,N,L,A,L,R,L
-,H,I,L,V,L,Y,Y,S,R,H,G,A,T,K,A,M,A,N,R,I,A,Q,G,V,E,S,K,G,M,Q,A,K,I,R,T,V,P,E,I,S,N,D,G,D,L,F,V,Q,K,D,D,L,K,T,C,A,G,L,A,L,G,S,P,T,R,F,G,N,M,A,S,A,L,K,Y,F,I,D,S,T,S,S,Q,W,L,S,G,A,L,V,D,K,P,A,T,V,F,T,S,T,G,S,M,H,G,G,Q,E,S,T,L,L,S,M,M,L,P,L,L,H,H,G,M,V,I,V,G,L,P,S,P,Y,G,A,T,H,Y,A,H,G,D,K,G,S,K,L,S,D,D,E,R,A,L,C,F,A,Q,G,Q,R,L,A,V,I,A,H,K,L
-,-,I,L,V,L,Y,Y,S,R,H,G,S,T,R,K,L,A,E,L,I,G,Q,G,I,D,S,P,G,C,E,A,R,L,R,T,V,P,A,V,S,T,E,G,A,P,Y,V,E,L,Q,D,L,E,E,C,A,G,L,A,L,G,S,P,T,R,F,G,N,M,A,S,A,M,K,Y,F,W,D,G,T,S,A,Q,W,L,S,G,A,L,N,G,K,P,A,C,V,F,T,S,T,G,S,L,H,G,G,Q,E,S,T,L,L,S,M,M,L,P,L,L,H,H,G,M,L,V,L,G,L,P,T,P,Y,G,A,S,H,W,S,G,V,S,G,N,Q,P,I,S,A,D,T,R,A,L,A,I,A,L,G,Q,R,L,A,Q,T,T,V,K,L
-,-,I,L,V,L,Y,Y,S,R,H,G,A,T,R,E,L,A,L,A,I,A,A,G,I,D,S,P,G,M,Q,A,R,I,R,T,V,P,P,V,S,T,D,G,P,P,Y,A,E,P,R,D,L,D,E,C,A,G,L,A,L,G,S,P,T,R,F,G,N,M,A,A,P,L,K,Y,F,L,D,G,T,T,P,Q,W,L,S,G,A,L,A,G,K,P,A,C,V,F,T,S,T,G,S,L,H,G,G,Q,E,S,T,L,L,S,M,M,L,P,L,L,H,H,G,M,L,I,V,G,I,P,T,P,Y,G,A,S,H,F,A,R,A,D,P,A,R,E,I,S,A,D,E,K,T,L,A,H,A,L,G,A,R,L,A,R,T,A,S,Q,L
-,-,I,L,V,L,Y,Y,S,V,G,G,S,V,R,E,M,A,H,L,V,A,R,G,V,N,H,E,G,A,S,A,R,L,R,T,V,P,P,V,A,D,E,G,A,P,Y,A,E,L,A,D,L,E,Q,C,A,G,L,A,L,G,S,P,T,R,F,G,N,M,A,A,A,P,K,Y,F,L,D,S,T,G,A,L,W,A,K,G,A,L,V,G,K,P,A,A,V,F,T,S,T,A,S,L,H,G,G,Q,E,T,T,L,T,S,M,M,L,P,L,L,H,H,G,M,L,V,L,G,L,P,T,P,Y,G,P,S,H,W,A,G,A,G,D,D,K,P,L,T,D,D,E,R,A,L,C,I,A,L,G,K,R,L,A,E,T,A,V,K,L
-,-,I,L,V,L,Y,Y,S,R,Y,G,A,T,K,D,L,A,R,L,I,A,E,G,I,E,S,P,G,I,N,A,R,L,R,T,V,P,A,V,S,T,E,G,A,P,Y,V,E,Y,S,D,L,K,E,C,I,G,L,A,L,G,S,P,T,R,F,G,N,M,A,A,P,M,K,Y,F,W,D,G,S,S,S,E,W,M,N,G,A,L,I,G,K,P,A,C,V,F,T,S,A,G,S,M,H,G,G,Q,E,S,T,L,I,T,M,M,I,P,L,L,H,H,G,M,M,L,M,G,I,P,S,P,Y,G,V,T,H,L,A,H,A,D,G,R,A,P,I,S,P,E,E,Q,R,L,A,K,A,Q,G,K,R,L,A,E,T,A,-,-,-
-,-,I,L,V,L,Y,Y,S,Q,H,G,A,T,R,E,L,A,R,L,I,A,R,G,I,E,S,P,G,C,Q,A,R,L,R,T,V,P,K,V,S,T,A,G,A,P,Y,V,E,R,R,D,L,A,E,C,I,G,L,A,L,G,S,P,T,R,F,G,N,M,A,A,A,L,K,Y,F,L,D,G,T,S,A,E,W,M,A,G,T,L,A,G,K,P,A,C,L,F,T,T,S,A,S,L,H,G,G,Q,E,S,T,L,L,S,M,M,L,P,L,M,H,H,G,M,L,I,L,G,L,P,T,P,Y,G,V,S,H,V,A,G,L,N,N,D,R,R,I,S,D,D,E,K,T,L,A,I,A,Q,G,K,R,L,A,E,A,A,L,K,L
-,-,I,L,V,L,Y,Y,S,Q,H,G,A,T,R,E,L,A,R,L,I,A,R,G,V,D,V,P,G,C,Q,A,R,L,R,T,V,P,K,V,S,A,V,G,A,P,Y,V,E,R,Q,D,L,V,D,C,A,G,L,A,L,G,S,P,T,R,F,G,N,M,A,S,A,M,K,Y,F,L,D,G,T,S,G,E,W,M,Q,G,A,L,A,G,K,P,A,C,V,F,T,S,T,S,S,L,H,G,G,Q,E,A,T,L,L,T,M,M,V,P,L,L,H,H,G,M,V,I,A,G,L,P,T,P,Y,G,V,S,H,L,A,G,P,Q,S,D,R,P,I,S,E,H,E,K,A,L,A,V,A,Q,G,K,R,L,A,E,L,A,V,K,L
-,-,I,L,V,L,Y,Y,S,R,S,G,A,T,A,D,M,A,R,H,V,A,R,G,V,E,A,H,G,A,I,A,V,V,R,T,V,P,A,V,S,D,D,G,A,P,Y,A,I,V,E,E,L,E,H,C,H,G,L,I,L,G,S,P,T,R,F,G,N,M,A,A,P,L,K,Y,F,L,D,T,T,T,S,A,W,L,S,G,T,L,A,G,K,P,G,A,V,F,T,S,T,G,T,L,H,G,G,Q,E,S,T,L,L,S,M,M,L,P,L,L,H,H,G,M,Y,L,V,G,L,P,T,P,Y,G,P,S,H,T,A,G,P,A,G,N,R,P,I,T,E,E,E,R,H,L,C,A,A,L,G,R,R,V,A,R,L,S,V,Q,L
P,Y,L,L,V,L,Y,Y,S,R,Y,G,S,V,A,K,M,A,Q,Y,V,A,R,G,V,E,S,D,D,I,D,V,R,I,R,T,V,P,P,V,S,T,S,G,P,P,Y,A,T,L,E,D,V,R,G,A,L,G,I,A,L,G,S,P,T,R,F,G,N,M,A,A,P,L,K,H,F,I,D,S,L,S,G,L,W,F,S,G,E,L,V,N,K,P,A,G,F,F,S,S,T,S,S,L,H,G,G,Q,E,T,T,L,L,S,M,M,L,P,L,I,H,L,G,M,I,I,V,G,V,P,T,P,Y,G,P,T,H,M,A,G,K,E,S,K,N,P,I,S,D,E,E,K,R,L,C,H,A,L,G,K,R,L,A,H,I,A,L,K,L
-,-,I,L,V,L,Y,Y,S,R,G,G,S,V,A,R,L,A,R,Q,I,A,R,G,I,E,V,P,G,M,S,A,R,L,R,T,V,P,P,V,A,A,E,G,A,P,Y,V,D,R,A,D,L,A,D,C,S,G,L,L,L,G,S,P,T,R,F,G,N,M,A,A,P,M,K,H,F,L,D,S,L,G,A,E,W,A,S,G,T,L,A,G,K,P,A,G,V,F,T,S,T,A,S,M,H,G,G,Q,E,S,T,L,L,S,M,Y,L,P,L,L,H,H,G,C,L,I,V,G,I,P,T,P,Y,G,A,S,H,V,S,G,A,G,G,D,P,Q,P,S,E,D,E,A,L,L,A,R,A,L,G,R,R,V,A,D,V,A,R,R,L
-,-,I,L,V,L,F,Y,S,Q,N,G,S,T,R,N,L,A,R,Q,I,A,R,G,I,E,S,D,G,C,E,A,V,L,R,T,V,P,K,V,S,T,E,G,A,P,Y,A,T,A,D,D,L,K,N,C,A,G,L,A,L,G,S,P,T,R,F,G,N,M,A,A,A,M,K,Y,F,I,D,G,T,I,P,L,W,L,G,A,E,L,V,G,K,P,A,T,V,F,T,S,T,S,S,L,H,G,G,Q,E,S,T,L,L,T,M,M,L,P,L,L,H,H,G,M,V,I,S,G,I,P,T,P,Y,G,A,S,H,V,S,G,H,D,S,K,P,A,L,T,A,E,E,N,D,I,A,F,A,Q,G,K,R,L,A,E,L,A,R,K,L
-,-,I,L,I,L,Y,Y,S,R,H,G,A,T,A,D,M,A,R,M,I,A,R,G,V,E,E,P,G,A,I,A,K,L,R,T,V,P,E,V,S,S,E,G,P,P,Y,A,T,L,D,D,L,K,H,C,D,G,L,A,L,G,S,P,T,H,F,G,N,M,A,A,P,L,K,H,F,L,D,S,T,S,A,L,W,F,S,G,A,L,S,G,K,P,A,G,V,F,T,S,T,A,S,M,H,G,G,Q,E,A,T,L,L,T,M,L,P,P,L,L,H,H,G,M,I,L,V,G,I,P,T,P,Y,G,P,S,R,H,T,G,-,-,D,A,S,P,L,S,D,E,E,R,A,L,C,R,A,F,G,A,R,L,A,R,V,A,K,A,L
-,-,I,L,V,L,Y,Y,S,K,G,G,S,V,K,E,M,S,K,I,I,A,R,G,I,N,S,D,G,V,E,A,K,L,R,T,V,P,E,V,S,E,S,G,D,L,Y,A,N,L,S,D,L,E,S,C,Q,G,L,V,L,G,S,P,T,R,F,G,N,M,A,A,P,L,K,Y,F,I,D,S,M,S,P,I,W,I,K,G,A,M,E,D,K,P,A,S,V,F,T,S,S,G,S,V,H,G,G,N,E,S,T,L,L,S,M,Q,L,P,L,L,H,L,G,M,L,I,M,G,I,P,T,P,Y,G,S,S,H,V,G,G,D,S,N,E,N,D,L,T,S,D,E,K,S,I,C,F,A,Q,G,E,R,I,A,L,L,V,K,K,I
-,-,I,L,V,L,Y,Y,S,R,Y,G,A,T,A,R,L,A,H,Q,A,A,R,G,I,E,Q,D,G,M,Q,A,R,I,R,R,I,P,A,I,A,A,D,E,P,P,I,V,T,P,Q,D,F,E,E,C,A,G,L,L,L,G,S,P,T,Y,F,G,G,M,A,A,P,V,K,H,M,I,D,D,T,S,R,Q,W,F,K,G,T,L,T,G,K,P,A,G,V,F,T,S,T,G,S,M,H,G,G,Q,E,T,V,L,L,S,M,I,V,P,L,L,H,H,G,M,L,I,V,G,I,P,T,P,Y,G,A,S,H,T,A,G,N,-,-,N,R,P,L,S,Q,E,E,R,H,L,T,Q,A,L,G,Q,R,V,A,E,V,A,K,S,L
-,-,I,L,V,L,Y,Y,S,R,H,G,N,T,Q,A,L,A,R,Q,I,A,R,G,V,E,S,P,N,C,E,A,M,L,R,T,V,N,N,V,Y,T,P,D,S,R,Y,A,T,L,Q,D,L,R,S,C,D,G,L,A,L,G,S,P,V,W,F,G,N,M,A,G,P,M,K,H,F,W,D,S,T,T,S,L,W,I,N,G,D,L,I,D,K,P,A,C,V,F,T,S,S,S,S,L,H,G,G,Q,E,T,T,Q,Q,S,M,M,L,P,L,L,H,H,G,M,L,V,V,G,I,P,T,P,Y,G,A,S,S,T,G,E,S,A,S,-,-,-,L,S,K,E,E,I,E,L,A,K,N,L,G,K,R,V,A,R,I,A,-,-,-
-,-,-,-,-,-,-,-,-,-,-,-,-,-,-,-,-,-,-,-,-,-,-,-,-,-,-,-,-,-,E,A,V,A,D,T,I,P,-,-,-,D,S,G,A,P,Y,V,S,A,A,D,L,E,G,C,D,G,L,A,L,G,S,P,T,R,F,G,N,M,A,A,P,M,K,Y,F,L,D,S,T,S,R,L,W,M,S,G,S,L,I,G,K,P,A,G,V,F,T,S,T,S,S,M,H,G,G,Q,E,S,T,L,L,S,M,M,L,P,L,M,H,H,G,M,L,L,L,G,L,P,T,P,Y,G,P,S,H,L,A,G,S,D,S,K,L,P,L,S,D,E,E,K,S,L,C,R,A,L,G,R,R,L,A,E,T,A,N,C,L
-,-,I,I,V,L,Y,Y,S,R,H,G,S,T,R,A,V,A,R,Q,I,A,R,G,I,E,S,E,G,C,E,A,L,L,R,T,V,E,E,I,D,T,-,D,D,P,I,I,T,L,N,E,L,K,Q,C,H,G,L,A,M,G,S,P,V,W,F,G,N,M,A,A,P,L,K,H,F,W,D,K,S,T,A,L,W,V,S,G,D,L,I,D,K,P,A,C,L,F,T,A,S,S,S,L,H,G,G,Q,E,T,T,L,Q,T,M,M,L,P,L,L,H,H,G,M,M,I,L,G,I,P,T,P,Y,G,A,T,T,V,S,S,G,T,A,-,-,G,L,T,A,D,E,I,E,L,A,Q,Q,L,G,K,R,L,A,S,T,A,L,K,M
-,-,I,L,V,L,Y,Y,S,H,R,G,S,V,R,A,L,A,E,A,L,A,L,G,V,H,Q,P,G,M,A,A,R,V,R,T,V,P,R,V,S,T,D,G,P,P,Y,V,E,P,A,D,L,Q,E,C,V,G,L,A,L,G,S,P,T,R,F,G,N,M,A,A,P,V,K,Y,F,L,D,G,L,A,G,P,W,V,N,G,T,L,T,G,K,P,A,C,V,F,T,S,T,A,S,Q,H,G,G,Q,E,A,T,L,L,S,M,M,V,P,L,L,H,H,G,M,L,L,L,G,L,P,T,P,Y,G,A,S,H,V,A,G,V,D,G,S,A,A,L,T,E,D,E,R,T,L,A,V,A,L,G,R,R,L,A,E,T,A,R,R,L
P,Y,V,L,V,L,Y,Y,S,R,F,G,S,V,A,A,L,A,A,E,I,A,Q,G,I,D,Q,P,G,I,E,A,R,V,R,T,V,P,S,V,S,A,D,G,P,L,F,C,T,E,D,D,F,A,L,T,S,A,I,A,L,G,S,P,G,R,F,G,N,M,A,A,P,L,K,Y,F,L,E,Q,T,T,G,S,W,V,S,G,R,L,V,G,K,P,A,T,V,F,T,S,T,T,T,P,H,G,G,Q,E,S,T,L,L,S,M,I,N,P,L,L,H,H,G,M,L,I,T,G,V,P,S,P,Y,G,V,S,H,I,A,G,E,S,H,-,N,A,L,H,P,E,L,K,N,L,A,R,H,Q,G,A,R,L,A,T,Y,A,L,R,L
-,Y,I,L,V,L,Y,H,S,S,N,G,S,V,R,N,L,A,Y,E,I,A,D,A,I,E,Q,H,G,M,E,V,K,L,R,T,F,S,A,Q,Q,P,Q,D,I,-,V,V,T,K,D,D,L,I,H,C,S,A,L,A,F,G,T,P,T,R,F,G,M,M,A,A,Q,A,K,L,F,W,E,T,T,S,D,I,W,L,K,G,L,L,I,D,K,P,A,C,V,F,S,A,S,S,S,M,H,G,G,N,E,T,T,L,L,G,L,A,L,P,L,L,H,H,G,M,M,L,L,G,V,P,T,P,Y,G,A,T,H,V,A,G,L,N,N,S,N,T,L,S,Q,H,E,I,K,I,C,H,A,V,G,K,R,L,A,T,L,T,K,K,L
-,-,I,L,V,L,Y,Y,S,H,S,G,S,V,A,R,L,A,R,Q,I,A,R,G,A,E,V,P,G,M,A,A,R,L,R,T,V,P,P,V,T,A,D,G,A,P,Y,V,I,P,T,D,L,D,E,C,A,G,L,L,L,G,S,P,T,H,F,G,N,M,A,A,P,V,K,Y,F,L,D,S,L,G,I,D,W,A,N,G,T,L,V,G,K,P,A,G,V,F,T,S,T,G,S,M,H,G,G,Q,E,A,T,L,L,S,M,H,L,P,L,L,H,H,G,C,L,I,V,G,I,P,T,P,Y,G,A,S,H,V,A,N,A,T,N,N,T,Q,P,T,D,E,E,T,L,L,A,R,A,L,G,R,R,V,A,D,L,A,Q,R,L
-,-,L,L,V,L,Y,Y,S,R,H,G,K,T,K,L,L,A,R,Q,I,A,R,G,I,E,S,P,H,C,E,A,V,L,R,T,V,T,E,L,N,A,S,S,Q,P,I,V,T,L,D,E,L,R,N,C,D,G,L,A,L,G,S,P,V,W,F,G,A,M,A,T,P,L,K,H,F,W,D,Q,T,S,P,L,W,L,N,G,S,L,I,D,K,P,A,C,V,F,T,S,S,S,S,M,H,G,G,Q,E,T,T,L,Q,N,M,M,V,P,L,L,H,H,G,M,L,I,L,G,I,-,-,P,Y,S,E,P,D,L,H,Q,T,Q,S,E,S,S,L,T,T,E,E,I,R,L,A,Q,Q,L,G,K,R,L,A,L,V,A,K,K,-
