0.283582089552,0.171532846715,0.0,0.0,0.0,0.100775193798,0.0287356321839,0.282700421941,0.244525547445,0.00574712643678,0.106598984772,0.124352331606,0.661596958175,0.573643410853,0.270114942529,0.814345991561,0.456852791878,0.580291970803,0.132183908046,0.286919831224,0.817610062893,0.502590673575,0.43795620438,0.424418604651,0.0480769230769,0.264367816092,0.16091954023,0.325581395349,0.730569948187,0.884615384615,0.166666666667,0.535864978903,0.191387559809,0.192052980132,0.0366972477064,0.00512820512821,0.182389937107,0.092050209205,0.0443037974684,0.303571428571,0.0304568527919,0.0,0.00574712643678,0.0178571428571,0.0267857142857,0.0,0.0172413793103,0.306569343066,0.00995024875622,0.206751054852,0.522321428571,0.493670886076,0.810126582278,0.358208955224,0.0402298850575,0.721518987342,0.205357142857,0.0,0.0,0.0077519379845,0.0114942528736,0.0198675496689,0.126582278481,0.0288461538462,0.138364779874,0.348837209302,0.412556053812,0.0253164556962,0.210762331839,0.53125,0.0406976744186,0.0,0.171532846715,0.372093023256,0.0,0.0,0.062015503876,0.0550458715596,0.144230769231,0.0077519379845,0.295336787565,0.211678832117,0.00961538461538,0.00507614213198,0.0,0.0,0.308035714286,0.0114942528736,0.389937106918,0.572327044025,0.511627906977,0.433035714286,0.162790697674,0.584821428571,0.576642335766,0.189054726368,0.163461538462,0.0754716981132,0.338308457711,0.0313901345291,0.172413793103,0.0,0.36496350365,0.0229885057471,0.00995024875622,0.031007751938,0.215189873418,0.0,0.0077519379845,0.59375,0.438818565401,0.0848214285714,0.645569620253,0.0344827586207,0.305699481865,0.00497512437811,0.0,0.00497512437811,0.0348258706468,0.125,0.206751054852,0.219730941704,0.100775193798,0.243654822335,0.39896373057,0.316062176166,0.497409326425,0.272151898734,0.194871794872,0.390134529148,0.197674418605,0.0288461538462,0.215246636771,0.275229357798,0.0,0.0,0.423076923077,0.330543933054,0.109452736318,0.772020725389,0.170212765957,0.301886792453,0.367713004484,0.0,0.0348837209302,0.192468619247,0.0,0.0860927152318,0.367713004484,0.0229885057471,0.226744186047,0.114427860697,0.433035714286,0.625,0.528497409326,0.244725738397,0.0,0.35864978903,0.0,0.290178571429,0.131386861314,0.254464285714,0.319796954315,0.943005181347,0.817307692308,0.326923076923,0.437810945274,0.321428571429,0.459302325581,0.28855721393,0.64598540146,0.0796019900498,0.582278481013,0.174129353234,0.276729559748,0.0,0.0,0.0,0.00581395348837,0.0,0.0777202072539,0.492537313433,0.664233576642,0.0597014925373,0.0871794871795,0.741071428571,0.201257861635,0.273722627737,0.817490494297,0.232558139535,0.424418604651,0.666666666667,0.440251572327,0.333333333333,0.375634517766,0.467889908257,0.556962025316,0.015503875969,0.518987341772,0.696202531646,0.274261603376,0.620253164557,0.0456852791878,0.379464285714,0.367816091954,0.0964467005076,0.464135021097,0.0817610062893,0.528846153846,0.580310880829,0.134328358209,0.653846153846,0.051724137931,0.549222797927,0.199004975124,0.453488372093,0.284768211921,0.818565400844,0.731343283582,0.708609271523,0.632183908046,0.781725888325,0.291390728477,0.235632183908,0.504464285714,0.580310880829,0.666666666667,0.823899371069,0.85201793722,0.875912408759,0.755813953488,0.744186046512,0.759615384615,0.701149425287,0.835443037975,0.258620689655,0.611607142857,0.383720930233,0.656976744186,0.696428571429,0.259067357513,0.398009950249,0.333333333333,0.317829457364,0.303797468354,0.298507462687,0.518987341772,0.651785714286,0.51269035533,0.5,0.660583941606,0.664974619289
M,K,I,L,V,S,V,K,R,V,I,D,Y,N,V,K,V,R,V,K,S,D,H,T,A,V,D,L,T,N,V,K,M,S,M,N,P,F,C,E,I,A,V,E,E,A,I,R,L,K,E,K,G,V,A,S,E,V,V,V,V,S,V,G,S,K,S,C,Q,E,T,L,R,T,A,M,A,L,G,A,D,R,A,I,Q,V,-,-,-,-,E,A,E,D,G,L,D,S,L,S,V,A,K,L,I,A,K,V,A,Q,E,E,A,A,D,L,V,I,M,G,K,Q,A,I,D,S,D,N,N,Q,T,G,Q,M,V,A,A,L,L,D,Y,P,Q,A,T,F,A,S,E,V,V,I,E,N,G,E,A,Q,V,T,R,E,I,D,G,G,L,Q,T,L,A,I,T,L,P,A,V,V,T,T,D,L,R,L,N,E,P,R,F,A,S,L,P,N,I,M,K,A,K,K,K,P,L,D,V,K,T,P,A,D,L,G,V,E,V,G,S,N,V,S,I,V,S,V,T,P,P,P,Q,R,A,G,G,I,K,V,G,S,V,A,E,L,V,D,K,L,K,N,E,A,K,V
-,-,-,-,-,-,-,-,-,-,-,-,-,-,-,-,-,-,-,-,-,-,-,-,-,-,-,-,-,-,-,-,-,-,-,-,-,-,-,-,-,-,-,-,-,-,-,-,-,-,-,-,-,-,-,-,-,-,-,-,-,A,V,A,P,H,S,A,R,R,P,I,R,Q,T,C,F,W,G,A,D,R,G,I,H,V,E,I,P,G,A,Q,A,E,S,L,G,P,L,Q,V,A,R,V,L,A,K,L,A,E,K,E,K,V,D,L,L,F,L,G,K,Q,A,I,D,D,D,C,N,Q,T,G,Q,M,T,A,G,L,L,D,W,P,Q,G,T,F,A,S,Q,V,T,L,E,G,D,K,V,K,V,E,R,E,I,D,G,G,L,E,T,L,R,L,K,L,P,A,V,V,T,A,D,L,R,L,N,E,P,R,Y,A,T,L,P,N,I,M,K,A,K,K,K,K,I,E,V,V,K,A,G,D,L,G,V,D,L,T,S,K,V,S,V,I,S,V,E,E,P,P,Q,R,S,A,G,V,K,V,E,T,T,E,D,L,V,A,K,L,K,E,V,G,R,I
M,K,V,L,V,P,V,K,R,V,I,D,Y,N,V,K,V,R,V,K,P,D,Q,T,G,V,D,L,A,N,V,K,M,S,M,N,P,F,C,E,I,A,V,E,E,A,V,R,L,K,E,K,G,V,A,T,E,V,V,I,V,S,I,G,P,Q,Q,A,Q,E,T,I,R,T,A,L,A,M,G,G,D,R,G,V,L,I,-,-,-,-,V,T,D,A,D,P,E,P,L,A,V,A,K,L,L,A,A,V,A,A,E,E,K,P,D,L,I,L,M,G,K,Q,A,I,D,G,D,N,N,A,V,G,Q,M,L,S,A,L,L,G,W,P,Q,A,T,Y,A,S,A,V,E,I,S,G,S,T,A,K,V,T,R,E,V,D,G,G,L,Q,V,L,D,V,D,L,P,A,I,I,T,A,D,L,R,L,N,E,P,R,Y,A,S,L,P,N,I,M,K,A,K,K,K,E,I,A,S,K,T,V,A,D,Y,G,V,D,I,A,P,R,L,K,V,V,K,V,A,E,P,A,K,R,S,A,G,I,K,V,E,T,A,A,D,L,V,A,K,L,K,L,A,G,-,-
M,K,I,L,V,P,V,K,R,V,V,D,Y,N,V,K,V,R,V,K,A,D,G,S,G,V,D,L,A,N,V,K,M,S,M,N,P,F,D,E,I,A,V,E,E,A,V,R,L,K,E,A,G,V,A,T,E,V,V,A,V,S,C,G,V,A,A,C,Q,E,T,L,R,A,A,M,A,I,G,A,D,R,G,I,L,V,-,-,-,-,E,T,D,V,E,L,Q,P,L,A,V,A,K,L,L,K,A,L,A,D,K,E,E,P,T,L,V,I,L,G,K,Q,A,I,D,D,D,S,N,Q,T,G,Q,M,L,A,A,L,K,G,W,P,Q,A,T,F,A,S,K,L,T,L,A,D,G,K,A,T,V,T,R,E,I,D,G,G,L,E,T,V,A,I,S,L,P,A,V,V,T,T,D,L,R,L,N,E,P,R,Y,A,T,L,P,N,I,M,K,A,K,K,K,P,L,D,T,V,K,P,A,D,L,G,V,D,V,A,P,R,L,A,T,L,K,V,T,E,P,P,K,R,S,A,G,V,R,V,A,D,V,A,Q,L,V,D,K,L,K,N,E,A,K,V
M,K,V,L,V,A,V,K,R,V,V,D,Y,N,V,K,V,R,A,K,A,D,G,S,D,V,D,L,N,N,V,K,M,S,I,N,P,F,C,E,I,A,V,E,E,A,V,R,L,K,E,A,G,T,A,T,E,V,I,A,V,S,V,G,E,K,S,C,Q,E,Q,I,R,T,A,L,A,L,G,A,D,R,G,I,Q,V,-,-,-,-,E,V,E,G,S,P,E,P,I,V,V,A,K,L,L,K,G,I,V,D,K,E,S,P,D,L,I,I,L,G,K,Q,S,I,D,G,D,N,N,Q,T,G,Q,M,L,G,A,L,A,G,M,P,Q,G,T,F,A,S,E,I,K,V,E,D,G,K,L,T,V,I,R,E,V,D,G,G,M,Q,T,V,S,L,N,L,P,A,I,V,T,T,D,L,R,L,N,E,P,R,Y,A,S,L,P,N,I,M,K,A,K,K,K,Q,L,D,V,F,T,P,E,E,L,G,V,A,V,T,S,H,L,T,V,V,K,V,E,P,P,P,E,R,S,A,G,I,K,V,E,S,V,E,Q,L,V,D,K,L,K,N,E,A,K,V
M,K,V,L,V,A,V,K,R,V,V,D,F,N,V,K,I,R,V,K,S,D,G,S,G,V,E,L,A,N,V,K,M,S,I,N,P,F,D,E,I,A,V,E,E,A,V,R,L,R,E,K,G,V,V,S,E,V,I,A,V,S,C,G,T,S,A,S,Q,E,T,L,R,T,A,M,A,I,G,A,D,R,G,I,L,V,-,-,-,-,E,T,D,A,E,L,Q,P,L,A,V,A,K,L,L,K,A,L,V,D,R,E,K,P,Q,L,V,I,L,G,K,Q,A,I,D,N,D,C,N,Q,T,G,Q,M,L,A,A,L,A,G,C,A,Q,A,T,F,A,S,R,V,E,L,S,N,D,C,A,T,V,T,R,E,I,D,G,G,L,E,T,L,R,L,K,L,P,A,V,V,T,S,D,L,R,L,N,E,P,R,Y,A,T,L,P,N,I,M,K,A,K,K,K,P,L,D,V,V,T,P,E,Q,L,G,V,D,V,A,P,R,L,K,A,L,R,T,I,E,P,A,G,R,S,A,G,V,K,V,P,D,V,A,A,L,V,A,K,L,K,N,E,A,K,V
-,R,V,L,V,G,V,K,R,V,I,D,Y,A,V,K,I,R,V,K,P,D,K,S,G,V,V,T,E,G,V,K,H,S,M,N,P,F,D,E,I,A,V,E,E,A,I,R,L,K,E,K,K,F,A,T,E,V,I,A,V,T,C,G,P,T,Q,S,Q,E,T,L,R,T,A,L,A,M,G,A,D,R,G,I,H,V,E,I,P,A,D,D,Y,V,K,T,G,P,L,Q,I,S,K,I,F,A,K,L,A,E,Q,E,K,A,N,L,I,I,L,G,K,Q,A,I,D,G,D,N,N,Q,T,A,Q,M,T,A,A,V,L,D,W,A,Q,G,T,F,A,S,E,L,K,L,E,G,E,K,L,T,V,V,R,E,V,D,G,G,L,E,T,I,D,L,K,M,P,A,V,V,S,A,D,L,R,L,N,E,P,R,Y,A,T,L,P,N,I,M,K,A,K,K,K,K,V,A,K,L,T,A,K,D,L,G,V,D,L,A,S,S,I,E,I,L,E,V,A,D,P,P,Q,R,L,A,G,I,K,V,E,N,T,E,E,L,V,G,K,L,K,E,A,G,L,V
M,K,V,L,V,A,V,K,R,V,V,D,Y,N,V,K,V,R,V,K,P,D,N,S,G,V,D,L,A,N,V,K,M,A,M,N,P,F,C,E,I,A,V,E,E,A,V,R,L,K,E,K,G,V,V,N,E,I,V,V,V,S,I,G,P,K,A,C,Q,E,Q,I,R,T,A,L,A,L,G,A,D,R,G,I,H,I,-,-,-,-,E,T,D,A,E,I,Q,S,L,Q,V,A,K,L,L,K,A,V,A,D,K,E,Q,P,N,L,V,I,L,G,K,Q,A,I,D,S,D,N,N,Q,T,G,Q,M,L,A,A,L,A,G,M,S,Q,G,T,F,A,S,E,I,V,I,D,G,D,K,V,N,V,T,R,E,V,D,G,G,M,M,T,V,S,L,T,L,P,A,V,V,T,T,D,L,R,L,N,E,P,R,Y,A,S,L,P,N,I,M,K,A,K,K,K,P,L,E,S,I,S,P,A,D,L,G,V,D,V,T,P,R,L,T,I,V,K,V,E,A,P,A,S,R,Q,A,G,I,K,V,A,D,V,A,E,L,V,N,K,L,K,N,E,A,K,V
M,K,V,L,V,P,V,K,R,V,V,D,A,N,V,K,V,R,V,N,A,D,N,T,G,V,D,T,A,N,L,K,M,A,I,N,P,F,C,E,I,A,V,E,E,A,V,R,L,K,E,A,G,T,A,S,E,I,V,V,V,T,V,G,P,K,A,A,Q,E,Q,L,R,T,A,M,A,L,G,A,D,R,G,I,H,I,-,-,-,-,E,T,D,E,E,L,V,P,L,S,I,A,K,L,L,L,S,V,Q,E,K,E,Q,A,E,L,I,L,L,G,K,Q,S,I,D,G,D,N,N,Q,T,G,Q,M,L,A,A,L,A,K,M,P,Q,A,T,F,A,S,E,V,K,L,E,G,E,S,L,A,V,T,R,E,I,D,G,G,L,Q,T,V,T,M,P,L,P,A,V,V,T,V,D,L,R,L,N,E,P,R,Y,A,K,L,P,N,I,M,K,A,K,R,K,P,L,E,T,V,S,I,D,D,L,G,V,S,L,K,S,H,Q,K,T,L,K,V,S,P,P,S,E,R,Q,A,G,V,M,V,S,S,V,A,E,L,V,E,K,L,K,N,E,A,K,V
L,R,V,L,V,P,V,K,R,T,I,D,Y,A,V,K,I,R,V,A,S,D,G,K,G,V,D,Q,-,N,V,K,F,S,M,N,P,F,D,E,I,A,V,E,E,A,V,R,L,R,E,K,D,A,I,T,K,I,T,V,V,S,V,G,P,P,K,T,A,D,V,L,R,T,A,L,A,M,G,A,D,D,A,I,H,V,E,V,P,K,A,A,A,N,P,L,E,P,L,G,I,S,K,I,L,N,K,A,G,E,D,E,E,V,G,L,I,I,M,G,K,Q,A,I,D,D,D,A,S,Q,T,G,Q,M,L,A,G,L,L,N,W,P,Q,A,T,Y,A,S,K,L,E,F,K,G,A,E,A,Q,V,T,R,E,I,D,G,G,L,S,I,V,K,T,K,L,P,F,V,V,T,T,D,L,R,L,N,E,P,R,Y,A,S,L,P,N,I,M,K,A,K,K,K,P,F,K,K,Y,T,L,K,D,L,G,L,E,V,K,P,R,Q,E,I,L,K,V,A,E,P,P,K,R,E,G,G,A,K,V,E,N,V,D,E,L,I,S,K,L,K,E,A,G,R,I
-,R,A,L,V,G,C,K,R,V,I,D,Y,A,V,K,I,R,V,K,P,D,K,S,G,V,V,T,E,G,V,K,H,S,M,N,P,F,D,E,L,A,V,E,E,A,V,R,M,K,E,G,K,K,L,D,E,V,V,V,V,S,C,G,P,K,G,A,Q,D,V,L,K,T,A,L,A,M,G,A,D,R,A,I,H,V,S,Y,-,-,D,Q,V,D,K,L,E,P,L,G,V,A,K,I,F,A,K,L,V,Q,E,E,T,P,D,L,V,L,L,G,K,Q,A,I,D,D,D,A,N,Q,T,A,Q,M,L,S,G,L,L,D,W,S,Q,A,T,F,A,Y,K,I,D,L,D,G,K,Q,L,T,V,V,R,E,I,D,G,G,L,E,T,I,D,V,K,L,P,S,V,V,S,T,D,L,R,L,N,E,P,R,Y,A,T,L,P,N,I,M,K,A,K,K,K,P,M,K,T,T,T,P,E,E,L,G,V,D,V,S,P,R,L,E,L,L,S,V,A,E,P,P,A,R,S,A,G,I,K,V,E,S,V,D,E,L,I,D,K,L,K,N,E,A,K,V
M,K,V,L,V,P,V,K,R,V,I,D,Y,N,V,K,V,R,V,K,P,D,Q,T,G,V,D,L,A,N,V,K,M,S,M,N,P,F,D,E,I,S,V,E,E,A,V,R,L,K,E,A,G,V,A,T,E,I,V,V,V,S,I,G,P,Q,Q,A,Q,E,T,I,R,T,A,L,A,M,G,A,D,R,G,I,L,I,-,-,-,-,K,T,D,A,T,V,E,P,L,A,V,A,K,L,L,A,K,V,A,E,E,E,K,P,D,L,V,L,V,G,K,Q,A,I,D,D,D,S,N,Q,T,G,Q,M,L,A,A,L,L,D,W,P,Q,G,T,F,A,F,K,V,E,K,D,G,D,A,L,K,V,T,R,E,V,D,G,G,L,Q,T,V,K,L,A,L,P,A,V,V,T,V,D,L,R,L,N,E,P,R,Y,A,S,L,P,N,I,M,K,A,K,K,K,P,I,D,E,K,A,P,D,A,Y,G,V,D,I,S,P,R,L,T,V,V,K,V,T,E,P,P,T,R,S,A,G,I,K,V,E,D,V,A,T,L,V,S,K,L,K,T,A,G,A,V
M,K,A,L,V,A,V,K,R,V,V,D,Y,N,V,K,V,R,V,K,A,D,G,S,D,V,D,I,G,N,V,K,M,S,M,N,P,F,D,E,I,A,M,E,E,A,V,R,L,K,E,A,G,K,I,S,E,I,V,V,V,S,L,G,V,K,Q,C,E,E,T,L,R,T,A,L,A,M,G,G,D,R,A,I,H,V,-,-,-,-,Q,T,D,D,Y,L,E,P,L,A,V,A,K,L,L,R,K,I,A,E,R,E,Q,P,Q,L,I,L,L,G,K,Q,A,I,D,D,D,A,N,Q,T,A,Q,M,L,A,A,L,L,N,A,P,Q,G,T,F,A,S,K,V,E,L,G,E,N,E,V,T,V,V,R,E,V,D,G,G,L,E,T,V,A,L,K,L,P,A,V,V,S,A,D,L,R,L,N,E,P,R,Y,V,K,L,P,N,I,M,Q,A,K,K,K,P,L,E,K,L,A,V,E,E,L,G,V,D,I,A,P,K,L,Q,Q,Q,K,V,A,E,P,K,P,R,S,G,G,V,K,V,Q,S,V,A,E,L,V,A,K,L,K,N,E,A,K,V
-,-,-,-,-,-,-,-,-,M,V,D,F,N,V,K,I,R,V,K,A,D,G,T,G,V,E,L,A,N,V,K,M,S,M,N,P,F,D,E,I,S,V,E,E,A,L,R,L,K,E,A,G,K,A,S,E,V,V,V,V,S,I,G,P,A,K,A,E,E,T,L,R,T,A,L,A,M,G,A,D,R,A,I,L,V,-,-,-,-,E,T,D,D,Q,V,E,P,L,T,V,A,K,I,V,K,G,V,A,E,A,E,Q,P,G,L,I,I,V,G,K,Q,A,I,D,D,D,S,N,Q,T,G,Q,M,L,S,A,L,L,G,W,A,Q,G,T,F,A,S,K,V,E,L,G,D,G,K,V,N,V,T,R,E,V,D,G,G,L,Q,T,V,E,L,K,L,P,A,V,V,T,T,D,L,R,L,N,E,P,R,Y,A,S,L,P,N,I,M,K,A,K,K,K,P,L,D,K,K,S,P,A,D,F,G,V,D,T,A,P,R,L,K,V,L,K,T,E,E,P,S,G,R,K,A,G,I,K,V,K,S,V,A,E,L,V,E,K,L,K,-,-,-,-,-
V,N,I,L,V,P,V,K,R,A,V,D,Y,A,V,K,I,R,V,N,A,Q,Q,T,G,V,D,L,-,N,V,K,H,S,M,N,P,F,D,E,I,A,V,E,E,A,V,R,L,R,E,K,D,Q,I,K,S,I,K,A,V,T,I,G,P,P,K,S,A,E,T,L,R,T,A,L,A,M,G,A,D,S,A,I,H,V,E,I,P,E,T,A,S,A,P,-,E,P,L,G,V,A,K,T,L,R,A,L,I,E,K,Q,K,V,D,L,V,I,L,G,K,Q,S,I,D,D,D,L,G,Q,T,G,Q,M,L,A,G,L,L,G,W,S,Q,A,T,Y,A,S,K,V,E,L,D,L,E,K,A,T,V,V,R,E,I,D,G,G,L,E,E,L,R,C,K,L,P,L,V,V,T,T,D,L,R,L,N,E,P,R,Y,A,S,L,P,N,I,M,K,A,K,K,K,P,L,E,K,L,K,P,E,D,L,G,V,D,L,T,P,Q,M,E,T,I,K,V,A,E,P,P,K,R,V,G,G,V,K,V,A,S,V,D,E,L,V,A,K,L,K,E,A,G,-,-
L,R,V,L,V,A,V,K,R,V,I,D,Y,A,V,K,I,R,V,K,P,D,R,T,G,V,V,T,D,G,V,K,H,S,M,N,P,F,C,E,I,A,V,E,E,A,V,R,L,K,E,K,K,L,V,K,E,V,I,A,V,S,C,G,P,A,Q,C,Q,E,T,I,R,T,A,L,A,M,G,A,D,R,G,I,H,V,E,V,P,P,A,E,A,E,R,L,G,P,L,Q,V,A,R,V,L,A,K,L,A,E,K,E,K,V,D,L,V,L,L,G,K,Q,A,I,D,D,D,C,N,Q,T,G,Q,M,T,A,G,F,L,D,W,P,Q,G,T,F,A,S,Q,V,T,L,E,G,D,K,L,K,V,E,R,E,I,D,G,G,L,E,T,L,R,L,K,L,P,A,V,V,T,A,D,L,R,L,N,E,P,R,Y,A,T,L,P,N,I,M,K,A,K,K,K,K,I,E,V,I,K,P,G,D,L,G,V,D,L,T,S,K,L,S,V,I,S,V,E,D,P,P,Q,R,T,A,G,V,K,V,E,T,T,E,D,L,V,A,K,L,K,E,I,G,R,I
M,K,I,L,V,A,V,K,R,V,V,D,Y,N,V,K,I,R,V,K,S,D,N,S,G,V,D,L,A,N,V,K,M,S,M,N,P,F,D,E,I,A,V,E,E,A,V,R,L,K,E,A,G,V,A,T,E,V,V,V,V,T,A,G,A,N,Q,C,Q,E,T,L,R,T,A,L,A,I,G,A,D,R,A,I,L,V,-,-,-,-,E,T,D,A,D,L,Q,P,L,A,V,A,K,I,L,K,V,L,S,D,K,E,Q,A,Q,I,I,I,L,G,K,Q,A,I,D,D,D,S,N,Q,T,G,Q,M,L,A,S,L,L,D,I,A,Q,A,T,F,A,S,K,V,V,V,A,D,G,K,A,T,V,T,R,E,V,D,G,G,L,E,T,I,T,L,A,L,P,A,V,I,T,T,D,L,R,L,N,E,P,R,Y,V,T,L,P,N,I,M,K,A,K,K,K,T,I,D,I,V,K,P,E,D,L,G,V,D,I,A,P,R,L,K,T,I,K,V,E,E,P,P,K,R,S,T,G,V,M,V,A,D,V,A,A,L,V,E,K,L,K,N,E,A,K,V
M,K,L,L,V,P,V,K,R,V,V,D,Y,N,V,K,V,R,V,K,S,D,G,S,G,V,E,L,A,G,V,K,M,S,M,N,P,F,D,E,I,A,V,E,E,A,V,R,L,K,E,K,G,V,A,T,E,I,V,A,V,S,M,G,V,S,A,C,Q,E,T,I,R,T,A,L,A,M,G,A,D,R,G,I,L,V,-,-,-,-,E,T,E,A,E,L,Q,P,L,A,V,A,K,M,L,K,A,L,V,T,R,E,Q,A,D,L,V,I,M,G,K,Q,A,I,D,D,D,M,N,A,T,G,Q,M,L,A,A,L,L,G,W,P,Q,G,T,F,A,S,K,V,A,I,A,D,G,T,V,T,V,T,R,E,V,D,G,G,L,E,T,V,A,L,K,L,P,A,V,V,T,A,D,L,R,L,N,E,P,R,Y,A,S,L,P,N,I,M,K,A,R,K,K,P,I,E,T,V,K,P,E,D,L,G,V,D,P,A,P,R,L,T,T,L,K,V,A,E,P,P,Q,R,K,A,G,V,K,V,G,S,V,A,E,L,V,E,K,L,R,N,E,A,K,V
L,K,I,L,V,P,V,K,R,V,I,D,F,A,I,K,P,R,I,N,K,A,Q,T,G,V,E,T,K,G,V,K,F,S,I,N,P,F,C,D,I,A,L,E,E,S,I,R,I,R,E,K,G,L,V,E,K,I,H,A,V,S,I,G,P,T,K,A,Q,D,I,L,R,T,A,L,A,K,G,A,D,S,T,T,L,I,D,V,G,D,-,E,-,E,V,-,E,P,L,T,V,A,K,L,L,Q,K,T,V,E,K,E,D,S,N,L,V,I,L,G,K,Q,A,I,D,D,D,S,N,Q,T,G,Q,M,L,A,G,L,L,N,W,P,Q,A,T,N,A,S,K,V,E,I,D,G,D,N,I,T,V,T,R,E,I,D,G,G,S,D,T,L,R,A,K,L,P,M,I,V,T,T,D,L,R,L,N,E,P,R,Y,A,S,L,P,N,I,M,K,A,K,K,K,P,L,E,K,L,K,V,S,D,L,G,I,E,L,S,K,R,L,E,T,L,K,V,E,E,P,P,Q,R,E,A,G,V,K,V,E,S,V,D,E,L,I,S,K,L,K,E,L,K,A,I
-,-,-,-,-,-,-,-,-,-,-,-,-,-,-,-,-,-,-,-,-,-,-,-,-,-,-,-,-,-,-,-,-,S,M,N,P,F,C,E,I,A,L,E,E,A,L,R,I,K,E,A,G,F,A,K,E,V,I,A,V,S,I,G,P,S,Q,C,V,D,T,L,R,T,G,L,A,M,G,A,D,R,G,I,H,V,-,-,-,-,E,T,N,S,I,F,L,P,L,T,I,A,K,I,L,K,S,L,A,D,V,E,N,P,G,L,I,F,L,G,K,Q,A,I,D,D,D,C,N,Q,T,G,Q,M,V,A,A,L,L,G,W,P,Q,A,T,F,A,S,K,V,V,L,D,K,D,K,A,T,V,D,R,E,V,D,G,G,L,E,T,L,N,V,D,L,P,A,V,I,T,T,D,L,R,L,N,Q,P,R,Y,A,S,L,P,N,I,M,K,A,K,S,K,P,I,K,K,M,T,V,Q,D,L,K,V,D,I,K,S,D,I,E,I,L,E,V,T,E,P,P,K,R,K,S,G,V,M,V,S,S,V,D,E,L,I,D,K,L,K,N,-,-,-,-
M,K,V,L,V,A,V,K,R,V,V,D,Y,N,V,K,V,R,V,K,P,D,Q,S,G,V,D,L,A,N,V,K,M,S,M,N,P,F,C,E,I,A,V,E,E,A,V,R,L,K,E,R,G,I,A,S,E,I,V,A,V,S,V,G,P,A,A,A,Q,E,Q,L,R,T,A,L,A,L,G,A,D,R,A,I,L,V,-,-,-,-,E,T,D,E,E,L,G,S,L,A,V,A,K,L,L,K,A,V,V,D,K,E,Q,P,Q,L,V,I,T,G,K,Q,A,I,D,S,D,N,N,Q,T,G,Q,M,L,A,A,L,T,G,Y,A,Q,G,T,F,A,S,K,V,E,Q,A,G,D,K,L,K,V,T,R,E,I,D,G,G,L,Q,T,L,E,L,S,L,P,A,I,V,T,T,D,L,R,L,N,E,P,R,Y,A,S,L,P,N,I,M,K,A,K,K,K,P,L,E,T,V,K,P,A,D,L,G,V,S,V,A,S,T,L,K,V,L,K,V,E,A,P,A,E,R,Q,A,G,I,K,V,G,S,V,A,E,L,V,E,K,L,K,N,E,A,K,V
M,K,V,L,V,P,V,K,R,V,I,D,F,N,I,K,P,R,V,K,A,D,G,T,G,V,E,T,A,G,V,K,M,S,M,N,P,F,D,E,I,A,V,E,E,A,V,R,L,K,E,K,G,V,A,T,E,I,V,A,V,S,I,G,V,Q,Q,S,Q,D,T,L,R,T,A,L,A,M,G,A,D,R,A,I,L,V,-,-,-,-,L,T,D,V,A,V,E,P,L,G,V,A,K,V,L,K,A,L,V,A,K,E,S,P,D,L,V,I,L,G,K,Q,A,I,D,D,D,M,N,A,T,G,Q,M,L,A,G,L,L,G,W,A,Q,G,T,F,A,S,R,I,E,I,A,D,G,R,A,A,V,T,R,E,I,D,G,G,L,E,T,V,S,L,A,L,P,A,I,V,T,A,D,L,R,L,N,E,P,R,Y,A,S,L,P,N,I,M,K,A,R,K,K,P,L,E,T,L,A,P,A,D,L,G,V,D,V,T,P,R,L,T,I,V,S,V,A,E,P,P,A,R,K,A,G,V,K,V,A,S,A,E,D,L,V,A,R,L,R,N,E,A,K,V
M,K,I,L,V,A,V,K,R,V,V,D,Y,A,V,K,I,R,V,K,P,D,K,S,G,V,E,T,Q,N,V,K,M,S,M,N,P,F,C,E,I,A,L,E,E,A,L,R,I,K,E,A,G,L,A,S,E,V,V,A,V,S,M,G,P,K,H,C,V,D,T,L,R,T,G,L,A,M,G,A,D,R,G,I,H,V,-,-,-,-,E,A,N,E,A,L,Y,P,L,T,V,A,K,V,L,K,A,L,V,A,L,E,K,P,G,L,I,I,M,G,K,Q,A,I,D,D,D,C,N,Q,T,G,Q,M,V,A,G,L,L,G,W,P,Q,G,T,F,A,S,K,V,L,L,D,K,E,K,A,T,V,E,R,E,V,D,G,G,L,E,T,L,C,L,D,L,P,A,V,I,T,T,D,L,R,L,N,Q,P,R,Y,A,T,L,P,N,I,M,K,A,K,S,K,V,I,K,K,Y,T,P,E,E,L,N,V,E,T,K,S,D,I,E,I,I,E,V,T,E,P,P,K,R,K,A,G,V,I,V,S,S,V,D,E,L,I,D,K,L,K,N,E,A,R,V
M,K,I,L,V,P,V,K,R,V,L,D,Y,N,V,K,P,R,V,K,A,D,G,T,G,V,D,L,A,N,V,K,M,S,M,N,P,F,D,E,I,A,V,E,E,A,I,R,L,K,E,K,G,V,A,T,E,I,V,A,V,S,I,G,P,A,K,A,Q,E,T,L,R,T,A,L,A,M,G,A,D,R,A,I,L,V,-,-,-,-,Q,T,D,D,A,V,E,P,L,A,V,A,K,I,L,K,S,I,A,D,A,E,Q,P,G,L,V,I,L,G,K,Q,A,I,D,D,D,N,N,Q,T,G,Q,M,L,A,A,L,T,G,W,A,Q,G,T,F,A,S,A,V,N,V,E,G,D,H,V,S,V,T,R,E,V,D,G,G,L,E,T,V,K,L,K,L,P,A,I,V,T,T,D,L,R,L,N,E,P,R,Y,A,S,L,P,N,I,M,K,A,K,S,K,P,L,D,V,K,A,P,T,D,Y,G,V,D,T,T,P,R,V,K,T,L,K,V,S,E,P,P,V,R,Q,A,G,I,K,V,A,D,V,D,E,L,V,A,K,L,K,A,M,G,-,-
M,K,I,L,V,P,V,K,R,V,V,D,Y,N,V,K,V,R,V,K,S,D,G,S,G,V,E,L,A,N,V,K,M,S,M,N,P,F,D,E,I,A,V,E,E,A,L,R,L,K,E,A,G,K,A,T,E,V,I,A,V,S,I,G,P,A,Q,A,S,E,T,L,R,T,A,L,A,M,G,A,D,R,G,I,L,V,-,-,-,-,K,V,D,G,V,V,E,P,L,A,V,A,K,I,L,K,G,V,V,G,E,E,T,P,G,L,V,I,L,G,K,Q,A,I,D,D,D,C,N,Q,T,G,Q,M,L,A,A,L,L,G,W,P,Q,G,T,F,A,S,K,V,V,I,E,D,G,G,V,A,V,T,R,E,I,D,G,G,L,Q,T,V,K,L,N,G,P,A,I,V,T,T,D,L,R,L,N,E,P,R,Y,A,S,L,P,N,I,M,K,A,K,K,K,P,I,A,E,K,T,P,A,D,Y,G,V,D,V,A,P,R,L,T,V,L,S,T,A,E,P,A,G,R,K,A,G,V,K,V,G,S,V,A,E,L,V,A,K,L,K,D,-,-,-,-
M,K,I,L,V,P,V,K,R,V,V,D,Y,N,V,K,V,R,C,K,S,D,G,S,G,V,D,I,A,N,V,K,M,S,M,N,P,F,D,E,I,A,V,E,E,A,T,R,L,K,E,A,G,V,A,T,E,V,I,A,V,S,C,G,V,A,Q,C,V,E,T,L,R,T,A,A,A,I,G,A,D,R,G,I,L,V,-,-,-,-,E,T,D,V,E,L,Q,P,L,A,V,A,K,I,L,K,A,I,V,E,K,E,G,I,D,L,V,I,M,G,K,Q,A,I,D,D,D,C,N,Q,T,G,Q,M,L,A,A,L,A,D,M,P,Q,G,T,F,A,S,K,V,V,V,E,G,G,K,V,N,V,T,R,E,V,D,G,G,L,E,T,V,S,L,S,L,P,A,V,V,T,T,D,L,R,L,N,E,P,R,Y,V,T,L,P,N,I,M,K,A,K,K,K,Q,I,D,T,I,K,P,A,D,L,G,V,N,V,D,P,R,I,K,T,L,K,V,S,D,P,P,T,R,S,A,G,I,T,V,P,D,V,A,T,L,V,D,K,L,K,N,E,A,K,V
L,N,I,L,V,P,I,K,R,T,V,D,Y,A,V,K,I,R,V,N,P,D,Q,K,G,I,D,L,-,S,V,K,H,S,M,N,P,F,D,E,I,A,V,E,E,A,V,R,L,R,E,K,D,T,V,K,S,I,K,V,V,T,I,G,P,P,K,A,S,E,T,L,R,T,A,L,A,M,G,A,D,A,G,I,H,V,E,V,P,E,S,A,P,A,P,-,E,P,L,G,V,A,K,A,L,R,A,V,I,Q,R,E,K,V,D,L,V,I,M,G,K,Q,A,I,D,D,D,A,G,Q,T,G,Q,I,L,A,G,L,M,D,W,A,Q,A,T,F,A,S,K,V,E,V,D,V,G,K,A,N,V,T,R,E,I,D,G,G,L,Q,E,L,Q,C,R,L,P,L,I,V,T,T,D,L,R,C,T,E,P,R,Y,A,S,L,P,N,I,M,K,A,K,K,K,P,I,E,K,L,T,P,A,D,L,Q,V,D,L,T,P,R,L,E,T,I,K,V,A,E,P,P,K,R,L,G,G,G,K,V,E,N,V,D,Q,L,I,A,K,L,K,E,A,G,-,-
L,R,V,L,V,G,C,K,R,V,I,D,Y,A,V,K,I,R,V,K,P,D,K,T,G,V,V,T,D,G,V,K,H,S,M,N,P,F,D,E,I,A,V,E,E,A,V,R,L,K,E,K,K,I,A,S,E,I,V,A,V,S,C,G,P,A,K,S,E,E,T,L,R,T,A,L,A,M,G,A,D,R,G,V,H,V,V,L,G,D,K,E,Y,E,G,L,Q,P,L,A,V,A,K,L,L,A,K,V,V,E,Q,E,Q,P,G,L,V,I,L,G,K,Q,A,I,D,D,D,C,N,Q,T,S,Q,M,L,S,A,I,L,N,W,P,Q,A,M,Y,A,S,K,L,E,P,K,D,G,K,L,D,V,V,R,E,I,D,G,G,L,E,T,I,T,V,K,L,P,C,V,V,S,T,D,L,R,L,N,E,P,R,Y,A,T,L,P,N,I,M,K,A,K,K,K,K,I,D,K,K,T,P,E,D,L,G,V,D,V,T,P,R,I,Q,I,L,N,V,Q,D,P,P,V,R,E,A,G,I,K,V,E,T,V,D,D,L,V,A,K,L,K,D,A,G,-,-
M,K,A,L,V,A,V,K,R,V,I,D,Y,N,V,K,I,R,V,K,A,D,N,S,G,V,E,T,A,N,V,K,F,S,A,N,P,F,D,E,I,A,V,E,E,A,V,R,L,K,E,A,G,I,V,S,E,I,V,V,V,T,I,G,P,A,A,A,Q,D,V,L,R,S,A,L,A,I,G,A,D,R,A,I,L,I,-,-,-,-,E,T,N,E,E,I,Q,P,L,A,V,A,K,I,L,K,A,L,C,E,R,E,A,P,Q,I,A,I,L,G,K,Q,A,I,D,D,D,S,N,Q,T,G,Q,A,L,A,A,L,L,G,W,P,Q,G,T,F,A,S,K,L,A,I,A,N,G,R,A,E,V,T,R,E,I,D,G,G,L,E,T,L,S,L,A,L,P,A,V,V,T,T,D,L,R,L,N,E,P,R,Y,A,S,L,P,N,I,M,K,A,K,K,K,P,L,D,I,I,A,A,A,T,L,G,L,D,L,A,P,R,L,A,T,L,R,V,E,A,P,P,K,R,S,A,G,I,K,V,K,T,V,A,E,L,V,D,K,L,K,-,-,-,-,-
M,K,V,L,V,P,V,K,R,V,V,D,Y,A,V,K,I,R,V,E,P,-,-,K,G,V,D,L,K,N,V,K,M,S,M,N,P,F,C,E,I,A,V,E,E,A,I,R,L,K,E,K,K,V,A,S,E,I,V,A,V,S,I,G,P,K,Q,S,Q,E,T,L,R,T,A,L,A,M,G,A,D,R,G,I,H,I,T,T,D,M,R,T,D,Q,E,L,Q,P,L,A,V,A,K,L,L,K,E,V,V,A,K,E,G,P,K,L,V,I,C,G,K,Q,S,I,D,A,D,A,A,Q,T,G,P,M,L,A,G,L,L,D,W,S,Q,G,T,F,A,S,D,V,A,V,D,G,D,A,V,N,I,T,R,E,T,D,S,G,V,E,T,L,K,L,G,L,P,A,V,V,T,A,D,L,R,L,N,E,P,R,Y,A,T,L,P,N,I,M,K,A,K,K,K,K,I,E,T,L,A,A,D,S,F,G,V,D,L,A,P,R,I,D,V,V,E,V,K,D,P,A,S,R,K,A,G,I,K,V,A,S,V,D,E,L,V,D,K,L,K,N,-,-,-,-
L,R,I,L,V,G,V,K,R,V,I,D,Y,A,V,K,I,R,V,K,P,D,N,S,G,V,V,T,D,G,V,K,H,S,M,N,P,F,C,E,I,A,M,E,E,A,V,R,L,K,E,K,K,L,A,K,E,I,I,A,V,S,C,G,P,T,Q,A,Q,E,T,I,R,T,A,L,A,M,G,A,D,R,G,I,H,V,E,V,S,G,K,E,Y,E,N,M,T,P,L,H,V,S,K,I,L,A,K,L,A,Q,D,Q,E,A,N,L,V,I,L,G,K,Q,S,I,D,G,D,N,N,Q,T,G,Q,M,T,A,A,L,L,D,W,P,Q,A,T,F,A,S,E,V,T,K,E,N,D,H,L,K,V,I,R,E,I,D,G,G,L,E,T,V,K,V,T,L,P,A,V,I,T,A,D,L,R,L,N,E,P,R,Y,A,T,L,P,N,I,M,K,A,K,K,K,K,I,A,K,H,K,A,S,D,F,G,V,D,L,S,P,T,L,E,V,L,S,V,E,D,P,P,V,R,Q,A,G,Q,K,V,E,S,T,E,E,L,V,A,K,L,K,D,S,G,V,I
M,K,I,M,V,A,V,K,R,V,I,D,Y,A,V,K,I,R,V,K,A,D,K,S,G,V,E,T,T,N,V,K,M,A,M,N,P,F,C,E,I,A,L,E,E,A,L,R,L,R,E,A,G,H,A,K,E,V,V,V,V,S,M,G,G,P,Q,C,A,E,T,L,R,T,G,L,A,M,G,A,D,R,A,I,H,V,-,-,-,-,S,T,T,E,L,L,H,P,L,T,V,A,K,L,L,R,G,L,A,E,S,E,K,P,N,M,L,L,L,G,K,Q,A,I,D,D,D,A,N,Q,T,G,Q,M,I,A,G,L,L,H,W,P,Q,G,T,F,A,S,K,V,A,M,E,S,D,S,V,V,V,E,R,E,V,D,G,G,L,E,S,L,K,L,Q,L,P,A,V,I,T,A,D,L,R,L,N,Q,P,R,Y,A,T,L,P,N,I,M,K,A,K,K,K,P,I,S,Q,V,T,P,E,Q,L,G,V,K,I,S,R,D,L,E,I,V,E,V,I,E,P,P,K,R,K,A,G,V,M,V,A,S,V,D,E,L,L,D,K,L,K,N,E,A,R,V
I,N,I,L,V,P,V,K,R,S,I,D,Y,A,V,K,I,R,V,A,S,D,G,K,G,V,D,T,-,N,V,K,H,S,M,N,P,F,D,E,I,A,V,E,E,A,I,R,Q,R,D,K,E,K,V,E,S,I,T,A,L,S,I,G,P,P,K,A,A,D,T,I,R,T,A,L,A,M,G,A,D,T,G,I,H,I,T,T,P,E,N,T,I,V,-,-,E,P,L,S,V,A,H,A,I,K,A,I,I,E,R,K,K,F,D,L,V,F,M,G,K,Q,A,I,D,D,D,S,G,A,T,G,G,M,L,A,G,L,L,G,W,G,Q,A,S,F,A,S,K,V,V,I,E,G,G,R,I,E,V,T,R,E,I,D,G,G,L,E,V,V,E,S,K,I,P,M,V,V,T,T,D,L,R,L,N,E,P,R,Y,A,S,L,P,N,I,M,K,A,K,K,K,K,I,E,T,L,K,P,E,D,L,G,L,D,F,T,P,R,L,E,T,V,S,V,S,E,P,P,K,R,K,G,G,S,K,V,E,T,V,Q,E,L,V,A,K,M,K,E,A,G,-,-
-,-,-,-,-,-,-,-,-,-,-,-,-,-,-,-,-,-,-,-,-,-,-,-,-,-,-,-,-,-,-,-,-,S,I,N,P,F,C,E,I,A,V,E,E,A,V,R,L,K,E,K,G,T,V,S,E,I,V,V,V,S,I,G,P,K,E,A,Q,E,Q,I,R,S,A,M,A,L,G,A,D,R,G,I,L,V,-,-,-,-,E,T,T,D,E,I,G,A,L,E,V,A,K,I,L,K,G,V,V,D,A,E,K,P,E,L,I,L,L,G,K,Q,A,I,D,D,D,S,N,Q,V,G,Q,M,L,G,A,L,L,G,A,G,Q,G,T,F,A,S,E,V,K,V,D,G,G,K,V,Q,V,T,R,E,I,D,G,G,L,Q,T,V,E,L,A,L,P,A,I,I,T,T,D,L,R,L,N,E,P,R,Y,A,A,L,P,N,I,M,K,A,R,K,K,P,L,D,T,K,S,P,A,D,Y,G,V,T,A,G,T,K,L,K,T,I,K,V,E,A,P,A,E,R,K,A,G,V,Q,V,K,S,V,D,E,L,V,E,K,L,K,N,E,A,K,V
M,K,I,L,V,P,V,K,R,V,V,D,F,N,V,Q,I,R,V,K,G,D,G,S,G,V,D,L,A,R,V,K,M,S,M,N,P,F,D,E,I,A,I,E,E,A,V,R,L,Q,E,A,G,K,A,T,E,V,V,L,V,S,I,G,P,A,E,A,A,E,T,I,R,T,G,L,S,M,G,A,D,R,G,I,L,I,-,-,-,-,R,S,-,A,P,V,E,P,L,A,V,A,K,L,L,R,A,V,V,E,E,E,G,P,G,L,I,I,L,G,K,Q,A,I,D,D,D,S,N,Q,T,G,Q,M,L,A,A,L,L,G,W,A,Q,A,T,F,A,S,K,L,E,V,D,G,A,Y,F,K,V,T,R,E,V,D,G,G,L,Q,T,V,R,L,K,G,P,A,I,V,T,T,D,L,R,L,N,E,P,R,Y,A,T,L,P,N,I,M,K,A,K,K,K,P,I,V,E,R,A,A,D,-,L,G,V,D,L,A,P,R,L,E,V,L,R,T,T,E,P,P,G,R,K,A,G,V,K,V,K,D,V,A,E,L,V,S,K,L,R,N,-,-,-,-
M,K,V,L,V,P,I,K,R,V,V,D,Y,N,V,K,V,R,V,K,A,D,N,T,G,V,D,L,A,N,V,K,M,A,M,N,P,F,C,E,I,A,V,E,E,A,V,R,L,K,E,K,G,V,V,T,E,I,V,A,V,S,I,G,P,K,T,A,Q,E,Q,L,R,T,A,M,A,L,G,A,D,R,S,I,L,V,-,-,-,-,E,T,D,E,D,V,Q,P,L,G,I,A,K,A,L,K,A,I,V,D,E,E,K,P,E,L,V,I,L,G,K,Q,A,I,D,G,D,N,N,Q,T,G,Q,M,L,A,A,L,A,G,M,P,Q,G,T,F,A,S,E,V,N,V,A,D,G,K,V,K,V,T,R,E,I,D,G,G,L,Q,T,V,E,L,S,L,P,A,V,V,T,T,D,L,R,L,N,E,P,R,Y,A,S,L,P,N,I,M,K,A,K,K,K,P,L,D,T,K,T,A,A,D,L,G,V,D,L,T,P,R,V,T,T,E,K,V,E,A,P,A,E,R,Q,A,G,I,I,V,G,S,V,D,E,L,V,E,K,L,K,N,E,A,K,V
M,K,V,L,V,P,V,K,R,V,I,D,Y,N,V,K,I,R,V,K,A,D,G,S,G,V,E,L,N,N,V,K,M,S,M,N,P,F,D,E,I,A,V,E,E,A,L,R,L,K,E,G,G,K,A,A,E,V,V,A,V,S,I,G,P,A,Q,A,T,E,T,I,R,T,A,L,A,M,G,A,D,R,G,V,H,V,-,-,-,-,K,T,-,A,P,V,E,P,L,A,V,A,K,L,L,K,A,V,T,E,R,E,Q,P,G,L,V,I,L,G,K,Q,A,I,D,D,D,C,N,Q,T,G,Q,M,L,A,A,L,L,G,W,P,Q,A,T,F,A,S,K,L,E,V,E,G,T,D,F,K,V,T,R,E,V,D,G,G,L,Q,T,V,K,L,Q,G,P,A,I,V,T,T,D,L,R,L,N,E,P,R,Y,A,S,L,P,N,I,M,K,A,K,K,K,P,I,E,E,M,T,A,D,Q,L,G,V,D,L,A,P,R,L,D,I,L,K,T,S,E,P,S,S,R,S,A,G,V,K,V,A,S,A,T,E,L,V,E,K,L,A,T,A,G,-,-
L,R,A,L,V,A,V,K,R,V,I,D,F,A,V,K,I,R,V,K,P,D,K,M,G,V,V,T,D,G,V,K,H,S,M,N,P,F,C,E,I,A,V,E,E,A,V,R,L,K,E,K,K,L,V,K,E,V,I,A,V,S,C,G,P,A,Q,C,Q,E,T,I,R,T,A,L,A,M,G,A,D,R,G,I,H,V,E,V,P,A,A,E,A,D,R,L,G,P,L,Q,V,A,R,V,L,A,K,L,A,E,K,E,K,V,D,L,L,L,L,G,K,Q,A,I,D,D,D,C,N,Q,T,G,Q,M,T,A,G,F,L,D,W,P,Q,G,T,F,A,S,Q,V,T,V,E,G,D,K,L,K,V,E,R,E,V,D,G,G,L,E,T,V,R,L,K,L,P,A,V,V,T,A,D,L,R,L,N,E,P,R,Y,A,T,L,P,N,I,M,-,-,-,-,-,-,-,-,-,-,-,-,-,-,-,-,-,-,-,-,-,-,-,-,-,-,-,-,-,-,-,-,-,-,-,-,-,-,-,-,-,-,-,-,-,-,-,-,-,-,-,-,-,-,-,-
L,R,I,F,V,P,V,K,R,V,I,D,F,A,V,K,P,R,V,N,K,A,G,T,G,V,E,T,T,G,V,K,F,S,I,N,P,F,C,D,I,A,V,E,E,A,L,L,L,K,E,K,D,L,V,E,N,I,H,V,A,S,V,G,P,S,K,A,Q,D,I,L,R,Q,A,L,A,K,G,A,D,D,S,T,L,V,E,M,G,P,K,D,T,E,L,-,E,P,L,G,V,A,K,V,L,K,K,L,I,E,E,Q,K,S,N,L,V,I,L,G,K,Q,A,I,D,G,D,N,G,Q,T,G,Q,I,L,A,G,L,L,K,W,P,Q,A,T,Q,A,S,K,V,S,V,N,G,D,K,V,E,V,T,R,E,V,D,G,G,V,E,T,V,A,A,K,L,P,M,I,I,T,T,D,L,R,L,N,E,P,R,Y,V,T,L,P,N,I,M,K,A,K,K,K,P,L,K,V,V,K,I,K,D,F,G,V,-,-,A,N,R,L,E,T,L,K,V,A,E,P,A,K,R,Q,A,G,V,K,V,E,N,V,D,E,L,V,G,K,L,K,E,T,G,T,L
-,-,-,-,-,-,-,-,-,-,-,-,-,-,M,K,V,R,V,K,A,D,G,T,G,V,D,L,A,N,V,K,M,S,M,N,P,F,D,E,I,A,V,E,Q,A,I,R,L,K,E,A,G,K,A,D,E,V,I,A,V,S,I,G,V,R,Q,S,Q,E,T,L,R,T,A,L,A,M,G,A,D,R,A,I,L,V,I,A,T,D,D,V,H,N,D,I,E,P,L,A,V,A,K,I,L,K,G,I,I,D,E,E,K,P,G,I,V,L,A,G,K,Q,A,I,D,N,D,M,N,A,T,G,Q,M,L,A,A,L,T,G,W,A,Q,G,T,F,A,S,E,L,E,V,D,G,D,T,A,T,V,T,R,E,V,D,G,G,L,Q,T,I,K,L,K,M,P,A,I,I,T,V,D,L,R,L,N,E,P,R,Y,A,S,L,P,N,I,M,K,A,K,K,K,P,M,D,E,K,T,P,G,D,Y,G,V,D,V,T,P,R,L,T,I,V,G,T,A,E,P,E,T,R,A,A,G,I,M,V,G,S,V,D,E,L,I,E,K,L,K,E,V,G,A,V
M,K,I,L,V,P,V,K,R,V,V,D,A,N,V,K,V,R,V,K,A,D,G,S,A,V,E,L,A,N,V,K,M,A,M,N,P,F,D,E,I,A,V,E,E,A,I,R,L,K,E,A,G,K,A,E,E,I,I,V,V,S,I,G,P,Q,Q,A,Q,E,T,L,R,T,A,L,A,M,G,A,D,R,A,I,L,V,-,-,-,-,K,T,D,E,Q,T,E,P,L,G,V,A,K,V,L,K,G,V,V,D,A,E,Q,P,G,L,V,I,L,G,K,Q,A,I,D,D,D,S,N,Q,T,G,Q,M,L,A,A,L,L,G,W,A,Q,G,T,F,A,S,K,V,V,L,D,G,D,K,A,K,V,T,R,E,V,D,G,G,L,Q,T,V,E,L,K,M,P,A,I,I,T,A,D,L,R,L,N,Q,P,R,Y,A,S,L,P,N,I,M,K,A,K,K,K,Q,L,D,E,K,T,P,A,D,Y,G,A,D,V,K,P,R,L,K,V,I,K,T,E,E,P,G,G,R,K,A,G,V,K,V,K,S,V,A,E,L,V,D,K,L,K,N,-,-,-,-
L,R,V,L,V,A,V,K,R,V,I,D,Y,A,V,K,I,R,V,K,P,D,R,T,G,V,V,T,D,G,V,K,H,S,M,N,P,F,C,E,I,A,V,E,E,A,V,R,L,K,E,K,K,L,V,K,E,V,I,A,V,S,C,G,P,A,Q,C,Q,E,T,I,R,T,A,L,A,M,G,A,D,R,G,I,H,V,E,V,P,P,A,E,A,E,R,L,G,P,L,Q,V,A,R,V,L,A,K,L,A,E,K,E,K,V,D,L,V,L,L,G,K,Q,A,I,D,D,D,C,N,Q,T,G,Q,M,T,A,G,F,L,D,W,P,Q,G,T,F,A,S,Q,V,T,L,E,G,D,K,L,K,V,E,R,E,I,D,G,G,L,E,T,L,R,L,K,L,P,A,V,V,T,A,D,L,R,L,N,E,P,R,Y,A,T,L,P,N,I,M,K,A,K,K,K,K,I,E,V,I,K,P,G,D,L,G,V,D,L,T,S,K,L,S,V,I,S,V,E,D,P,P,Q,R,T,A,G,V,K,V,E,T,T,E,D,L,V,A,K,L,K,E,I,G,R,I
