0.740384615385,0.424870466321,0.124031007752,0.441964285714,0.209302325581,0.0,0.341772151899,0.573839662447,0.0964467005076,0.0543933054393,0.574712643678,0.659192825112,0.240506329114,0.139240506329,0.217054263566,0.677130044843,0.215189873418,0.124401913876,0.0639534883721,0.0344827586207,0.4375,0.590717299578,0.740384615385,0.115384615385,0.662447257384,0.33971291866,0.481012658228,0.633720930233,0.0673076923077,0.0817610062893,0.0820512820513,0.109452736318,0.294326241135,0.25,0.0497512437811,0.188284518828,0.586538461538,0.153284671533,0.438818565401,0.0116279069767,0.125,0.470852017937,0.046511627907,0.666666666667,0.721153846154,0.150627615063,0.622516556291,0.110266159696,0.174418604651,0.544041450777,0.22480620155,0.102564102564,0.371308016878,0.635897435897,0.333333333333,0.365384615385,0.224137931034,0.446700507614,0.0390070921986,0.291390728477,0.410714285714,0.665178571429,0.093023255814,0.0298507462687,0.155963302752,0.508928571429,0.0608365019011,0.0746268656716,0.34375,0.287179487179,0.0,0.632911392405,0.666666666667,0.06463878327,0.010152284264,0.591194968553,0.596153846154,0.0813953488372,0.46835443038,0.220183486239,0.756345177665,0.259414225941,0.666666666667,0.163461538462,0.010152284264,0.700421940928,0.556962025316,0.552742616034,0.403973509934,0.183035714286,0.113138686131,0.352678571429,0.165803108808,0.00497512437811,0.0203045685279,0.278481012658,0.110266159696,0.044776119403,0.354430379747,0.448430493274,0.131782945736,0.0,0.46357615894,0.801324503311
G,D,A,E,A,G,K,K,I,F,V,Q,K,C,A,Q,C,H,T,V,E,K,G,G,K,H,K,T,G,P,N,L,W,G,L,F,G,R,K,T,G,Q,A,P,G,F,S,Y,T,D,A,N,K,N,K,G,V,I,W,S,E,E,T,L,M,E,Y,L,E,N,P,K,K,Y,I,P,G,T,K,M,I,F,A,G,I,K,K,K,S,E,R,E,D,L,I,K,Y,L,K,Q,A,T,S,S
G,D,A,E,A,G,K,K,I,F,V,Q,K,C,A,Q,C,H,T,V,E,K,G,G,K,H,K,T,G,P,N,L,W,G,L,F,G,R,K,T,G,Q,A,P,G,F,S,Y,T,D,A,N,K,N,K,G,V,I,W,S,E,E,T,L,M,E,Y,L,E,N,P,K,K,Y,I,P,G,T,K,M,I,F,A,G,I,K,K,K,S,E,R,E,D,L,I,K,Y,L,K,Q,A,T,S,S
G,D,V,E,K,G,K,K,I,L,I,M,K,C,S,Q,C,H,T,V,E,K,G,G,K,H,K,T,G,P,N,H,H,G,L,F,G,R,K,T,G,Q,A,P,G,Y,S,Y,T,A,A,N,K,N,K,G,I,T,W,G,E,D,T,L,M,E,Y,L,E,N,P,K,K,Y,I,P,G,T,K,M,I,F,V,G,I,K,K,K,E,E,R,A,D,L,I,A,Y,L,K,K,A,T,N,-
G,D,I,D,K,G,K,K,I,F,V,Q,K,C,T,Q,C,H,T,I,E,A,G,G,K,H,K,V,G,P,N,L,H,G,M,Y,G,R,Q,T,G,Q,A,A,G,F,N,Y,T,D,A,N,K,S,K,G,V,T,W,N,E,E,T,L,D,I,Y,L,T,N,P,K,K,Y,I,P,G,T,K,M,V,F,A,G,L,K,K,K,G,D,R,E,D,L,I,A,Y,L,K,S,A,S,S,S
G,D,I,E,K,G,K,K,L,F,V,Q,R,C,G,Q,C,H,T,V,E,K,G,G,P,H,K,T,G,P,N,L,N,G,V,F,G,R,K,T,G,Q,A,P,G,F,D,Y,T,P,A,N,K,S,K,G,I,T,W,N,E,Q,T,L,F,E,Y,L,E,N,P,K,K,F,I,P,G,T,K,M,V,F,A,G,L,K,K,D,T,D,R,N,D,I,I,S,Y,L,K,E,A,T,-,-
G,Z,A,Z,K,G,K,K,I,F,T,Q,K,C,L,Q,C,H,T,V,E,A,G,G,K,H,K,T,G,P,N,L,S,G,L,F,G,R,K,Q,G,Q,A,P,G,F,A,Y,T,D,A,N,K,G,K,G,I,T,W,K,N,Q,T,L,F,E,Y,L,E,N,P,K,K,Y,I,P,G,T,K,M,V,F,A,G,L,K,B,Z,T,E,R,V,H,L,I,A,Y,L,Z,Z,A,T,-,-
G,D,V,E,K,G,K,K,I,F,V,Q,K,C,A,Q,C,H,T,V,E,T,G,G,K,H,K,T,G,P,N,L,H,G,L,I,G,W,K,T,G,Q,A,I,G,F,S,Y,I,D,T,G,K,N,K,G,I,T,W,G,N,D,T,L,R,E,Y,L,E,N,P,R,K,Y,V,P,G,T,K,M,I,F,A,G,I,K,K,T,A,E,R,A,D,L,L,A,Y,L,K,K,A,T,S,-
G,D,P,T,K,G,A,K,L,F,K,Q,R,C,S,Q,C,H,T,T,E,K,G,G,K,H,K,T,G,P,N,L,H,G,L,I,G,R,K,T,G,Q,A,P,G,F,T,Y,T,P,S,N,I,N,K,G,I,T,W,G,P,D,T,L,F,Q,Y,L,E,N,P,K,K,Y,I,P,G,T,K,M,V,F,A,G,L,K,K,K,N,E,R,A,D,L,I,A,F,L,K,E,A,T,-,-
G,A,V,E,K,G,K,K,I,F,V,Q,K,C,A,Q,C,H,T,I,E,K,G,G,K,H,K,T,G,P,N,-,-,-,L,F,G,R,K,T,G,Q,A,V,G,F,S,H,T,D,A,S,K,N,K,G,I,T,W,G,E,D,A,L,M,Q,Y,L,K,N,P,K,K,Y,I,S,G,T,K,M,I,F,A,G,I,K,K,E,A,E,R,A,D,L,R,A,Y,L,K,K,A,T,N,-
G,D,A,E,K,G,K,K,I,F,V,Q,K,C,A,Q,C,H,T,V,E,K,G,D,K,H,K,S,G,P,N,L,H,G,L,F,V,R,K,T,G,Q,A,T,G,F,S,Y,T,D,T,N,K,N,K,G,I,T,W,G,E,D,T,L,M,E,Y,L,K,N,P,K,K,Y,I,P,G,R,K,M,I,F,A,G,I,K,K,-,A,E,R,A,N,L,I,-,-,-,-,-,-,-,-,-
G,D,V,E,K,G,K,T,I,F,K,Q,R,C,A,Q,C,H,T,V,D,K,G,G,P,H,K,T,G,P,N,L,H,G,I,F,G,R,A,T,G,Q,A,A,G,F,A,Y,T,D,A,N,K,S,K,G,I,T,W,T,K,D,T,L,Y,E,Y,L,E,N,P,K,K,Y,I,P,G,T,K,M,V,F,A,G,L,K,N,E,K,Q,R,A,N,L,I,A,Y,L,E,Q,E,T,-,-
-,-,A,E,K,G,K,K,I,F,L,L,K,C,A,Q,C,H,T,A,E,K,G,G,K,H,K,V,G,P,N,L,Y,G,L,Y,G,R,K,T,G,Q,A,E,G,Y,A,Y,T,D,A,N,K,N,K,N,V,T,W,D,A,R,T,L,D,E,Y,L,T,D,P,K,K,Y,I,P,G,T,K,M,V,F,A,G,L,K,K,K,E,E,R,D,D,I,I,A,Y,L,K,S,E,S,-,-
G,D,V,E,K,G,K,K,I,F,Q,R,A,C,A,Q,C,H,T,V,E,K,G,A,P,H,K,Q,G,P,N,L,N,G,L,F,G,R,K,T,G,Q,A,E,G,F,A,Y,S,E,A,N,I,N,K,G,I,T,W,G,E,D,T,L,F,E,Y,L,L,N,P,K,K,Y,I,P,G,T,K,M,V,F,A,G,L,K,K,K,S,D,R,E,N,L,I,A,Y,L,K,D,S,C,A,-
G,D,V,E,K,G,K,K,I,F,V,Q,R,C,A,Q,C,H,T,V,R,K,G,G,K,H,K,T,G,P,N,L,Q,G,L,F,G,Q,K,T,G,Q,A,A,G,F,S,Y,T,D,A,S,K,N,R,G,I,T,W,G,E,D,T,L,L,D,V,F,R,E,S,Q,K,Y,I,P,G,T,K,M,I,F,A,G,I,K,K,T,G,E,K,K,D,L,I,A,Y,L,K,K,A,A,N,-
G,D,S,A,K,G,A,N,L,F,K,T,R,C,A,Q,C,H,T,L,E,E,G,G,A,N,K,I,G,P,N,L,H,G,L,F,G,R,K,S,G,Q,V,E,G,Y,S,Y,T,D,A,N,K,S,K,G,V,V,W,N,E,E,T,L,F,A,Y,L,E,N,P,K,K,Y,I,P,G,T,K,M,A,F,G,G,L,K,K,A,K,D,R,N,D,L,I,T,Y,L,K,Q,E,T,-,-
G,D,E,K,K,G,A,S,L,F,K,T,R,C,A,Q,C,H,T,V,E,K,G,G,A,N,K,V,G,P,N,L,H,G,V,F,G,R,K,T,G,Q,A,E,G,F,S,Y,T,E,A,N,R,D,K,G,I,T,W,D,E,E,T,L,F,A,Y,L,E,N,P,K,K,Y,I,P,G,T,K,M,A,F,A,G,F,K,K,P,A,D,R,N,N,V,I,T,Y,L,K,K,A,T,S,-
G,D,A,A,K,G,A,K,L,F,Q,T,R,C,A,Q,C,H,T,V,E,A,G,G,A,H,K,V,G,P,N,L,H,G,L,F,G,R,K,T,G,S,S,E,G,Y,A,Y,T,D,A,N,K,Q,A,G,V,E,W,N,Q,D,T,L,F,S,Y,L,E,N,P,K,K,F,I,P,G,T,K,M,A,F,G,G,L,K,K,T,K,E,R,N,D,L,I,T,Y,L,K,E,S,T,A,-
-,-,-,-,-,-,-,K,I,F,I,Q,K,C,V,Q,C,H,T,M,D,K,G,G,R,H,K,I,E,P,N,L,H,G,L,F,G,Q,K,T,G,Q,A,P,G,F,S,Y,T,D,S,N,R,S,K,G,I,S,W,G,E,E,T,L,M,G,Y,M,E,N,P,K,K,Y,I,R,G,T,K,M,I,F,T,G,I,K,K,M,A,E,R,A,D,L,I,V,Y,P,Q,K,A,T,N,-
G,V,V,E,K,G,K,K,I,F,V,Q,K,C,A,Q,C,H,T,M,Q,K,G,G,Q,H,K,T,G,P,N,L,H,S,L,C,R,Q,E,T,G,E,A,V,G,Y,S,Y,T,D,T,N,K,N,K,G,I,T,W,G,K,D,T,L,M,H,Y,L,E,T,P,K,K,N,I,P,G,T,K,M,I,F,A,S,I,K,K,K,A,E,R,A,D,L,I,A,N,L,K,N,A,T,-,-
G,N,A,E,K,G,K,K,V,F,E,T,K,C,R,Q,C,H,N,I,E,P,G,S,K,H,K,V,G,P,S,L,H,G,I,M,G,R,K,T,G,Q,A,P,N,F,S,Y,S,D,A,N,K,S,K,G,I,T,W,S,K,E,T,L,F,E,Y,L,E,N,P,K,K,Y,I,P,G,T,K,M,V,F,A,G,I,K,S,D,K,E,R,A,N,L,I,Q,F,I,I,E,S,-,-,-
G,N,P,K,A,G,E,K,I,F,K,T,K,C,A,Z,C,H,T,V,D,K,G,A,G,H,K,Z,G,P,B,L,B,G,L,F,G,R,Z,S,G,T,T,P,G,Y,S,Y,S,T,A,D,K,N,M,A,V,I,W,Z,Z,B,T,L,Y,D,Y,L,L,N,P,K,K,Y,I,P,G,T,K,M,V,F,P,G,L,K,K,P,Z,Z,R,A,D,L,I,S,Y,L,K,E,A,T,S,-
G,D,V,E,K,G,K,K,I,F,I,Q,K,C,K,Q,C,H,T,Y,T,S,D,C,T,N,K,T,G,P,T,L,H,G,L,F,G,R,Q,S,G,Q,V,A,G,F,D,Y,T,D,Q,N,R,D,K,G,V,I,W,G,E,D,T,L,D,V,Y,L,T,N,P,A,K,Y,I,P,G,T,K,M,V,F,A,G,I,K,K,K,G,E,R,A,D,L,I,A,F,L,K,D,A,T,-,-
G,D,A,S,K,G,A,S,L,F,K,T,R,C,A,Q,C,H,T,L,G,N,G,E,P,H,K,V,G,P,N,L,F,G,I,F,G,R,K,S,G,T,G,E,G,Y,S,Y,T,A,A,N,I,N,K,G,V,T,W,T,E,E,T,M,W,E,Y,L,E,N,P,K,K,Y,I,P,G,T,K,M,A,F,A,G,L,K,K,E,K,D,R,N,D,L,V,T,Y,L,K,E,A,T,S,-
G,D,A,K,K,G,A,G,L,F,K,T,R,C,A,Q,C,H,T,T,E,E,G,G,P,N,K,V,G,P,N,L,H,G,I,F,G,R,K,S,G,Q,A,E,G,F,S,Y,T,A,A,N,V,N,K,G,V,T,W,D,E,N,T,L,F,E,Y,L,E,N,P,K,K,Y,I,P,G,T,K,M,A,F,N,G,L,K,K,D,K,D,R,N,D,L,I,T,F,L,R,E,A,-,-,-
G,D,P,D,K,G,A,K,I,F,K,V,K,C,T,Q,C,H,V,I,D,N,S,G,K,H,K,Q,G,P,N,L,M,G,L,W,G,R,K,T,G,S,A,E,G,F,K,Y,T,E,A,N,K,N,K,G,I,T,W,G,L,D,T,L,W,V,Y,L,E,N,P,K,A,Y,I,P,G,T,K,M,V,F,A,G,L,K,K,T,K,E,R,A,D,L,I,A,Y,L,K,E,K,T,T,-
G,D,A,K,K,G,A,R,I,F,K,T,R,C,A,Q,C,H,T,L,G,A,G,E,P,N,K,V,G,P,N,L,H,G,L,F,G,R,K,S,G,T,V,E,G,F,S,Y,T,D,A,N,K,K,A,G,Q,V,W,E,E,E,T,F,L,E,Y,L,E,N,P,K,K,Y,I,P,G,T,K,M,A,F,G,G,L,K,K,E,K,D,R,N,D,L,V,T,Y,L,R,E,E,T,-,-
G,D,A,K,K,G,A,N,L,F,K,T,R,C,A,Q,C,H,T,L,G,E,G,E,G,N,K,I,G,P,N,L,H,G,L,F,G,R,Q,T,G,S,V,E,G,Y,S,Y,T,D,A,N,K,Q,K,A,I,T,W,D,E,N,T,L,F,E,Y,L,E,N,P,K,K,Y,I,P,G,T,K,M,A,F,G,G,L,K,K,D,K,D,R,N,D,L,I,Q,H,L,K,E,A,T,A,-
G,D,I,A,K,G,K,K,A,F,V,Q,K,C,A,Q,C,H,T,V,E,N,G,G,K,H,K,V,G,P,N,L,W,G,L,F,G,R,K,T,G,Q,A,E,G,Y,S,Y,T,D,A,N,K,S,K,G,I,I,W,E,T,D,T,L,M,T,Y,L,E,N,P,-,-,-,-,-,-,-,-,-,-,-,-,-,-,-,K,K,G,E,R,A,D,L,I,A,Y,L,K,S,A,T,S,-
G,N,I,A,N,G,E,K,I,F,K,T,K,C,A,Q,C,H,V,A,E,N,G,G,G,H,K,Q,G,P,N,L,G,G,L,F,G,R,V,S,G,T,A,A,G,F,A,F,S,K,A,N,K,E,A,A,V,T,W,S,E,H,S,L,Y,D,Y,L,L,N,P,K,K,F,M,P,G,N,K,M,V,F,A,G,L,K,K,P,E,D,R,A,D,L,I,A,F,L,K,Q,A,S,A,-
G,D,A,K,K,G,A,N,L,F,K,T,R,C,S,Q,C,H,T,V,E,A,G,G,A,N,K,I,G,P,N,L,H,G,L,F,G,R,S,T,G,A,V,E,G,Y,S,Y,T,D,A,N,K,Q,A,N,V,T,W,D,E,N,T,L,F,D,Y,L,E,N,P,K,K,F,I,P,G,T,K,M,A,F,G,G,L,K,K,P,K,D,R,N,D,L,I,-,-,-,-,-,-,-,-,-
A,D,V,E,A,G,K,K,L,F,I,Q,K,C,A,M,C,H,A,T,H,P,Q,A,P,H,K,S,G,P,N,L,A,G,L,F,G,R,Q,T,G,Q,A,P,N,Y,P,Y,T,D,A,N,R,S,K,G,I,T,W,T,R,A,T,L,D,T,Y,L,I,D,P,R,K,Y,I,P,G,T,K,M,N,Y,P,G,L,K,D,A,G,Q,R,Q,D,L,I,A,F,L,E,K,A,T,A,-
G,N,G,K,A,G,E,K,I,F,K,T,K,C,A,Q,C,H,G,I,A,A,S,E,G,H,K,Q,G,P,N,L,Q,G,L,F,G,R,T,S,G,T,A,A,G,Y,S,Y,S,A,A,N,K,T,K,A,V,K,W,N,E,T,S,L,Y,E,Y,L,L,N,P,K,K,Y,I,P,G,T,K,M,V,F,P,G,L,K,K,P,Q,D,R,A,D,L,I,A,Y,L,K,S,A,S,-,-
G,D,Y,E,K,G,K,K,I,F,K,Q,R,C,E,Q,C,H,V,V,N,S,L,Q,T,-,K,T,G,P,T,L,N,G,V,I,G,R,Q,S,G,Q,V,A,G,F,D,Y,S,A,A,N,K,N,K,G,V,V,W,D,R,Q,T,L,F,E,Y,L,A,D,P,K,K,Y,I,P,G,T,K,M,V,F,A,G,L,K,K,A,D,E,R,A,D,L,I,K,F,I,E,-,-,-,-,-
G,D,A,A,K,G,E,K,I,F,K,G,R,A,A,Q,C,H,T,G,T,K,G,G,A,N,G,V,G,P,N,L,Y,G,I,Y,G,R,R,S,G,T,V,E,G,F,A,Y,S,K,A,N,Q,D,S,G,V,V,W,T,E,E,V,L,D,V,Y,L,E,N,P,K,K,F,M,P,G,T,K,M,A,F,A,G,L,K,K,P,Q,E,R,A,D,L,I,A,Y,L,-,-,-,-,-,-
G,D,P,V,K,G,K,T,L,F,V,R,M,C,S,M,C,H,T,V,G,K,N,E,K,H,R,V,G,P,N,L,F,G,I,F,G,K,T,C,G,T,T,A,G,F,N,Y,T,D,A,M,K,N,K,N,I,V,W,N,E,S,T,L,D,E,Y,L,R,L,P,K,D,F,V,P,G,T,R,M,V,F,T,G,I,K,K,A,D,E,R,K,D,V,I,A,Y,L,-,-,-,-,-,-
G,N,P,K,A,G,E,K,I,F,K,T,K,C,A,Q,C,H,T,V,D,K,G,A,G,H,K,Q,G,P,N,L,N,G,L,F,G,R,Q,S,G,T,T,P,G,Y,S,Y,S,T,A,N,K,N,M,A,V,I,W,E,E,N,T,L,Y,D,Y,L,L,N,P,K,K,Y,I,P,E,T,K,M,V,F,P,G,L,K,N,-,-,H,R,S,V,L,I,L,F,-,-,-,-,-,-,-
-,-,-,-,A,G,E,K,I,F,R,S,D,C,A,Q,C,H,S,-,N,I,G,A,V,H,K,Q,G,P,N,L,N,G,L,F,G,S,Q,S,G,T,T,P,E,Y,S,Y,C,V,A,N,K,N,M,S,M,N,W,E,E,K,I,M,D,D,Y,L,L,N,P,N,K,Y,I,L,D,T,K,M,V,F,P,A,L,K,K,P,Q,E,R,V,D,L,I,A,Y,L,K,-,-,-,-,-
