0.529801324503,0.147208121827,0.290697674419,0.464135021097,0.0,0.428571428571,0.0199004975124,0.518134715026,0.653846153846,0.213197969543,0.0547263681592,0.452830188679,0.378109452736,0.465517241379,0.325581395349,0.321167883212,0.432692307692,0.413502109705,0.137931034483,0.167883211679,0.0,0.131979695431,0.0342205323194,0.330357142857,0.166666666667,0.424870466321,0.736434108527,0.336538461538,0.104651162791,0.144278606965,0.0,0.100418410042,0.0,0.131782945736,0.0,0.0,0.0802919708029,0.0,0.112582781457,0.0387596899225,0.250950570342,0.678756476684,0.103448275862,0.284263959391,0.0275229357798,0.517857142857,0.164102564103,0.0331125827815,0.0,0.194968553459,0.245535714286,0.0,0.00961538461538,0.0913705583756,0.00497512437811,0.044776119403,0.0523255813953,0.282700421941,0.00995024875622,0.0264900662252,0.348214285714,0.171548117155,0.0,0.0125523012552,0.683544303797,0.242677824268,0.0,0.397350993377,0.820512820513,0.222797927461,0.0747126436782,0.317518248175,0.179487179487,0.0287081339713,0.174129353234,0.14367816092,0.735751295337,0.335025380711,0.209302325581,0.811320754717,0.875,0.455696202532,0.412790697674,0.126903553299,0.0585774058577,0.533678756477,0.307984790875,0.0746268656716,0.314465408805,0.666666666667,0.409282700422,0.0,0.324503311258,0.370535714286,0.641509433962,0.57805907173,0.0570342205323,0.291139240506,0.540697674419,0.0986547085202,0.00497512437811,0.392857142857,0.455958549223,0.0255474452555,0.0860927152318,0.119402985075,0.044776119403,0.00574712643678,0.368421052632,0.299578059072,0.248803827751,0.438818565401,0.572139303483,0.010152284264,0.490566037736,0.00497512437811,0.169642857143,0.0,0.10152284264,0.0,0.0255474452555,0.0,0.00380228136882,0.0,0.0755813953488,0.201923076923,0.331125827815,0.0,0.13475177305,0.485232067511,0.183035714286,0.0836501901141,0.471264367816,0.729957805907,0.552325581395,0.269230769231,0.168604651163,0.0,0.0382775119617,0.519230769231,0.268656716418,0.835443037975,0.161434977578,0.396226415094,0.883408071749,0.423076923077,0.0597014925373,0.506329113924,0.223214285714,0.0,0.286995515695,0.325892857143,0.0209205020921,0.610062893082,0.625,0.0880503144654,0.187817258883,0.0627615062762,0.0,0.0,0.00662251655629,0.18023255814,0.400843881857,0.647668393782,0.629464285714,0.328205128205,0.10152284264,0.245033112583,0.232704402516,0.519379844961,0.363228699552,0.0,0.131782945736,0.589285714286,0.402985074627,0.132183908046,0.298076923077,0.651785714286,0.580310880829,0.149253731343,0.0264900662252,0.631386861314,0.273722627737,0.0,0.131782945736,0.522321428571,0.149253731343,0.0,0.206896551724,0.485232067511,0.00497512437811,0.0,0.192052980132,0.341772151899,0.0,0.0675105485232,0.481865284974,0.167300380228,0.0,0.430379746835,0.544642857143,0.299578059072,0.307692307692,0.00507614213198,0.0152284263959,0.0,0.0,0.0569948186528,0.0116279069767,0.316455696203,0.00418410041841,0.209821428571,0.00418410041841,0.0288461538462,0.0761421319797,0.0725388601036,0.549107142857,0.751054852321,0.412790697674,0.482051282051,0.330357142857,0.0659898477157,0.0,0.0,0.0804597701149,0.165803108808,0.205357142857,0.0,0.0,0.0,0.0314465408805,0.217616580311,0.0927152317881,0.0728476821192,0.35401459854,0.00836820083682,0.0248226950355,0.369230769231,0.240384615385,0.767441860465,0.503311258278,0.25855513308,0.523206751055,0.327586206897,0.480769230769,0.339285714286,0.496688741722,0.0941704035874,0.564766839378,0.185430463576,0.12927756654,0.0155440414508,0.10970464135,0.14798206278,0.301255230126,0.0,0.346715328467,0.435233160622,0.216312056738,0.00497512437811,0.325581395349,0.596899224806,0.415384615385,0.713080168776,0.233830845771,0.338461538462,0.355769230769,0.35632183908,0.574358974359,0.432692307692,0.0632183908046,0.637130801688,0.0137614678899,0.314465408805,0.533632286996,0.642487046632,0.0659898477157,0.0229885057471,0.424870466321,0.467153284672,0.0,0.244525547445,0.387596899225,0.274261603376,0.00760456273764,0.137055837563,0.450892857143,0.0077519379845,0.0836501901141,0.191964285714,0.186046511628,0.0,0.104651162791,0.576923076923,0.384105960265,0.544303797468,0.145390070922,0.721854304636,0.708133971292
-,-,T,M,L,T,S,D,L,P,L,-,-,I,G,R,G,K,V,R,D,I,Y,A,V,D,D,E,R,L,L,L,V,T,T,D,R,I,S,A,F,D,V,V,M,A,E,T,I,P,M,K,G,A,V,L,T,Q,I,S,A,W,W,F,D,Q,L,G,G,V,V,P,H,H,M,I,-,-,-,-,-,S,A,D,A,A,E,I,I,D,A,V,P,L,K,D,H,R,A,A,L,A,G,R,A,M,L,C,R,R,T,T,V,F,P,I,E,C,V,I,R,G,Y,I,T,G,S,A,W,K,E,Y,A,A,S,G,T,L,A,G,E,T,L,P,A,G,L,Q,E,S,E,R,L,A,P,P,I,F,S,P,A,T,K,D,E,N,I,T,I,A,R,M,R,E,I,V,G,D,E,T,A,Y,T,L,E,S,M,T,R,A,V,Y,T,Q,G,E,A,I,A,R,E,Q,G,I,I,I,A,D,T,K,F,E,F,G,R,D,-,A,N,G,R,I,I,L,I,D,E,V,M,T,P,D,S,S,R,F,W,A,A,D,S,Y,A,P,G,R,S,Q,P,S,F,D,K,Q,P,L,R,D,Y,L,D,A,E,R,R,G,-,R,N,G,P,K,L,P,A,E,V,V,A,A,T,S,A,R,Y,L,D,A,Y,R,R,L,T,G,T,-,-,-,-
-,A,L,Y,E,S,S,I,T,S,L,P,L,L,G,R,G,K,V,R,E,N,Y,A,V,G,D,D,K,L,L,M,V,T,T,D,R,L,S,A,F,D,V,I,L,G,Q,P,I,P,D,K,G,R,V,L,A,Q,M,S,D,F,W,F,R,K,L,R,H,I,V,P,T,H,E,T,-,-,-,-,-,G,I,A,-,P,E,A,-,-,V,V,Q,-,P,G,E,A,D,Q,V,R,G,R,A,I,V,V,K,R,L,K,P,I,L,V,E,A,V,V,R,G,Y,L,A,G,S,G,W,K,D,Y,Q,A,T,G,K,V,C,G,V,Q,L,A,P,G,L,R,N,A,E,K,L,P,E,P,I,F,T,P,A,A,K,D,E,N,I,S,F,D,E,V,E,R,R,I,G,P,E,L,A,A,Q,I,R,D,V,S,I,R,L,Y,K,E,A,S,D,F,A,A,T,R,G,I,I,I,A,D,T,K,F,E,F,G,L,D,-,E,N,G,T,L,T,L,M,D,E,A,L,T,A,D,S,S,R,F,W,P,A,D,S,Y,Q,V,G,T,N,P,P,S,F,D,K,Q,F,V,R,D,W,L,E,A,V,R,I,G,-,A,P,A,P,Q,L,P,A,D,I,I,E,K,T,A,D,K,Y,R,E,A,L,T,R,L,T,G,E,T,-,-,-
-,-,-,-,-,-,-,-,-,-,L,P,L,V,H,K,G,K,V,R,D,V,Y,N,L,G,-,K,S,Y,L,I,V,A,S,D,R,I,S,A,F,D,Y,V,I,P,T,I,I,P,D,K,G,R,V,L,H,K,L,S,M,F,W,F,D,F,I,Q,G,I,V,P,N,H,I,I,-,-,-,-,-,T,G,N,F,E,S,F,-,-,P,L,S,L,K,Q,Y,-,E,Y,L,R,D,R,S,M,I,V,K,K,A,K,R,V,D,I,E,C,I,V,R,G,Y,L,A,G,S,G,W,K,E,Y,Q,K,S,Q,T,V,C,G,I,K,L,P,V,G,L,K,E,S,S,K,L,P,E,S,V,F,T,P,S,S,K,D,E,N,I,S,F,E,E,M,V,E,R,V,G,K,D,T,A,E,S,L,R,R,I,S,L,E,L,Y,K,K,V,S,E,Y,S,F,L,N,G,I,I,L,A,D,T,K,L,E,F,G,F,Y,-,-,D,N,Q,L,I,L,I,D,E,I,F,T,P,D,S,S,R,F,W,E,T,G,K,Y,E,E,G,K,S,Q,D,S,L,D,K,Q,Y,V,R,D,Y,L,E,R,I,K,W,K,-,S,S,A,P,E,L,P,K,D,V,V,E,K,T,M,E,K,Y,I,S,V,Y,E,K,L,T,G,-,-,-,-,-
-,-,-,-,-,-,-,-,G,K,C,E,L,L,Y,E,G,K,V,R,E,V,Y,D,C,E,-,D,K,L,V,M,V,A,T,D,R,I,S,A,F,D,H,I,L,K,N,K,V,T,D,K,G,A,I,L,T,Q,M,S,R,F,W,F,D,Y,T,K,D,V,V,A,N,H,M,V,-,-,-,-,-,S,V,D,V,N,D,M,-,-,P,E,F,F,-,-,H,K,D,E,Y,I,G,R,S,M,L,C,K,K,L,T,M,L,P,I,E,C,I,V,R,G,Y,I,T,G,S,G,W,A,S,Y,K,E,N,G,T,V,C,G,I,K,L,P,E,G,L,K,E,S,E,K,L,P,E,P,I,Y,T,P,S,T,K,D,E,N,I,S,F,E,K,S,I,E,V,L,G,L,E,Y,A,T,K,I,K,D,A,T,I,T,L,Y,K,K,C,A,E,Y,A,L,S,K,G,I,I,I,A,D,T,K,F,E,F,G,L,D,-,E,N,G,E,V,V,I,G,D,E,M,L,T,P,D,S,S,R,F,W,P,L,E,G,Y,E,P,G,K,G,Q,P,S,Y,D,K,Q,F,V,R,D,W,L,K,A,-,N,P,S,D,Y,L,-,-,-,L,P,D,D,V,I,D,K,T,V,E,K,Y,K,E,A,Y,K,L,L,T,G,K,D,F,S,R
-,-,-,-,-,-,-,-,-,-,-,-,-,-,-,-,G,K,V,R,D,L,Y,R,N,E,A,G,E,L,V,M,V,A,S,D,R,L,S,A,Y,D,W,V,L,P,S,E,I,P,D,K,G,R,V,L,T,Q,L,S,L,W,W,F,D,Q,L,A,D,L,V,P,N,H,V,L,-,-,-,-,-,S,T,R,L,P,-,-,-,-,-,-,-,-,-,-,-,-,A,S,W,A,G,R,T,L,V,C,R,S,L,D,M,I,P,V,E,A,V,A,R,G,Y,L,T,G,S,G,L,V,E,Y,E,R,S,R,T,V,C,G,L,A,L,P,E,G,L,A,D,G,S,E,L,P,G,P,I,F,T,P,A,T,K,D,E,N,V,S,Y,E,E,V,A,R,R,I,G,S,E,T,A,A,Q,L,R,Q,T,T,L,A,V,Y,G,R,G,R,D,I,A,R,E,R,G,I,I,L,A,D,T,K,F,E,F,G,F,D,-,G,D,-,E,L,V,L,A,D,E,V,L,T,P,D,S,S,R,F,W,P,A,D,S,W,E,P,G,R,A,Q,P,S,F,D,K,Q,F,V,R,D,W,L,T,S,D,R,K,E,-,Q,P,P,P,G,L,P,A,E,I,V,E,R,T,R,A,K,Y,I,E,A,Y,E,K,L,T,G,V,R,W,S,-
-,-,T,M,L,S,S,D,L,P,L,P,K,I,G,R,G,K,V,R,D,I,Y,D,A,G,D,D,R,L,L,L,V,T,T,D,R,I,S,A,F,D,V,V,M,T,E,T,I,P,F,K,G,A,V,L,T,Q,L,S,A,W,W,F,G,Q,L,G,G,V,V,P,H,H,M,I,-,-,-,-,-,S,A,D,I,D,A,I,I,E,A,L,P,L,G,A,Q,R,A,A,L,A,G,R,T,M,L,C,R,R,T,T,V,F,P,I,E,C,V,I,R,G,Y,L,T,G,S,A,W,K,E,Y,A,A,S,G,T,L,A,G,E,Q,L,P,A,G,L,L,E,S,A,K,L,E,P,W,I,F,S,P,A,T,K,D,E,N,I,T,V,A,R,M,A,E,L,I,G,E,E,A,S,Y,T,L,E,S,M,S,R,A,V,Y,T,Q,G,E,A,I,A,R,E,Q,G,I,I,I,A,D,T,K,F,E,F,G,R,D,-,A,E,G,R,I,I,L,I,D,E,V,M,T,P,D,S,S,R,F,W,A,A,A,D,Y,Q,P,G,R,S,Q,P,S,F,D,K,Q,P,L,R,D,Y,L,D,A,E,R,W,G,-,A,P,P,P,A,L,P,D,S,V,L,Q,A,T,S,L,R,Y,R,D,A,F,R,R,L,T,G,A,E,L,A,-
-,-,-,-,-,-,-,-,-,-,L,P,L,L,G,R,G,K,V,R,D,N,Y,A,V,G,N,D,K,L,L,I,V,T,T,D,R,L,S,A,F,D,V,I,M,G,E,P,I,P,N,K,G,R,V,L,N,Q,M,A,N,F,W,F,D,K,L,A,H,I,V,P,N,H,L,T,-,-,-,-,-,G,D,A,-,P,E,A,-,-,V,V,A,-,A,D,E,V,E,Q,V,K,G,R,G,V,V,V,K,R,L,E,P,I,L,I,E,A,V,V,R,G,Y,L,A,G,S,G,W,K,E,Y,Q,E,S,G,A,V,C,G,V,K,L,P,E,G,L,Q,N,A,Q,K,L,P,E,P,I,F,T,P,A,A,K,D,E,N,I,T,F,E,E,T,E,R,R,I,G,T,E,L,A,A,T,I,R,D,I,S,I,K,L,Y,K,E,A,A,D,Y,A,A,T,R,G,I,I,I,A,D,T,K,F,E,F,G,L,D,-,N,H,G,K,L,Y,L,M,D,E,V,L,T,A,D,S,S,R,F,W,P,A,D,Q,Y,Q,V,G,T,N,P,P,S,F,D,K,Q,F,V,R,D,W,L,E,A,Q,P,W,K,-,T,A,A,P,A,L,P,A,D,V,V,E,K,T,A,A,K,Y,Q,E,A,L,E,R,I,T,G,-,-,-,-,-
-,-,-,-,-,-,-,-,-,-,L,R,L,V,Q,R,G,K,V,R,D,I,Y,E,I,D,D,A,R,L,L,I,V,T,T,D,R,L,S,A,F,D,V,I,L,P,D,P,I,P,G,K,G,I,I,L,T,A,L,S,R,F,W,F,E,R,T,R,P,I,I,G,N,H,L,L,-,-,-,-,-,A,D,P,-,L,E,S,-,-,V,L,T,R,A,S,E,V,R,Q,V,Q,S,R,A,M,V,V,R,R,L,Q,P,L,P,I,E,A,V,A,R,G,Y,L,V,G,S,A,W,N,E,Y,R,R,S,G,Q,V,C,G,I,P,L,P,P,G,L,Q,Q,A,D,Q,L,P,E,P,I,F,T,P,A,T,K,D,Q,N,I,D,F,A,Q,T,V,Q,I,L,G,H,D,T,A,E,Q,V,R,R,M,T,L,K,I,Y,N,E,A,T,S,Y,A,R,R,C,G,I,I,I,A,D,T,K,F,E,F,A,R,D,-,H,D,G,Q,L,L,L,I,D,E,I,L,T,P,D,S,S,R,F,W,P,A,D,Q,Y,R,S,G,S,S,P,P,S,F,D,K,Q,F,V,R,D,Y,L,A,S,L,A,W,Q,T,-,T,G,P,R,L,P,A,K,I,I,A,Q,T,A,E,K,Y,R,E,A,Q,R,R,L,-,-,-,-,-,-,-
-,-,-,-,-,-,-,-,-,-,-,-,-,L,A,S,G,K,V,R,E,I,Y,R,I,D,D,E,H,L,L,F,V,A,S,D,R,I,S,A,Y,D,Y,I,L,D,S,Q,I,P,D,K,G,R,I,L,T,A,M,S,V,F,F,F,D,H,L,T,A,G,V,P,N,H,L,A,-,-,-,-,-,G,-,-,P,P,D,-,-,-,-,-,-,-,-,-,-,-,A,D,V,L,G,R,A,L,V,V,R,R,L,D,M,L,P,V,E,C,V,A,R,G,Y,L,T,G,S,G,L,I,D,Y,E,K,T,G,T,V,C,G,I,A,L,P,P,G,L,G,E,A,S,K,F,D,E,P,L,F,T,P,A,T,K,D,E,N,I,S,F,A,K,V,I,E,L,V,G,A,E,L,A,N,Q,L,R,D,R,T,L,Q,T,Y,T,A,G,A,D,H,A,L,S,K,G,I,I,I,A,D,T,K,F,E,F,G,V,D,-,R,D,G,T,V,V,L,A,D,E,V,F,T,P,D,S,S,R,Y,W,R,A,D,S,Y,Q,P,G,V,V,Q,N,S,F,D,K,Q,F,V,R,N,W,L,T,G,D,R,H,N,-,T,P,P,P,A,L,P,D,D,I,V,A,A,T,R,E,R,Y,I,E,A,Y,E,R,I,S,G,-,-,-,-,-
-,-,-,-,T,D,L,K,G,H,L,P,L,V,A,R,G,K,V,R,D,L,Y,A,V,N,D,N,Q,L,L,F,V,A,T,D,R,I,S,A,Y,D,V,I,M,T,N,G,I,P,E,K,G,K,I,L,T,S,I,S,K,F,W,F,Q,L,L,A,K,E,I,K,N,H,-,V,A,E,S,E,N,S,Q,I,L,A,A,L,P,A,V,Q,D,D,P,E,L,V,E,M,L,K,D,R,C,L,L,V,N,K,Y,K,I,V,P,I,E,A,I,V,R,G,Y,I,T,G,S,A,W,S,E,Y,K,K,S,G,T,V,H,G,M,S,V,E,S,G,L,Q,E,S,Q,K,L,P,Q,A,I,Y,T,P,S,T,K,D,E,N,I,S,V,A,K,A,A,E,I,I,G,D,N,L,A,D,E,I,E,K,L,S,V,Q,L,Y,T,K,A,A,E,Y,A,D,K,H,G,I,I,I,A,D,T,K,F,E,F,G,I,D,E,-,N,G,K,L,V,L,V,D,E,V,L,T,P,D,S,S,R,F,W,N,A,K,T,Y,E,V,G,K,P,Q,D,S,Y,D,K,Q,Y,L,R,N,W,L,T,N,S,G,L,K,G,Q,E,D,V,A,M,T,P,E,V,V,I,K,T,R,E,K,Y,I,E,A,Y,E,S,I,T,G,C,K,W,C,-
-,-,-,-,-,-,-,-,-,-,-,P,Q,I,A,A,G,K,V,R,Q,L,H,A,V,D,D,E,H,L,L,L,V,A,S,D,R,I,S,A,F,D,H,V,L,S,T,P,I,P,D,K,G,R,V,L,T,A,M,S,V,F,W,F,N,L,L,S,D,V,V,P,N,H,L,V,-,-,-,-,-,A,W,D,D,P,-,-,-,-,-,-,-,-,-,-,-,-,A,E,V,R,G,R,A,L,L,V,R,R,L,E,M,L,Q,V,E,C,V,A,R,G,Y,L,T,G,S,G,L,L,D,Y,Q,R,T,G,A,V,C,G,V,V,L,P,E,G,L,T,E,A,S,R,L,P,E,P,I,F,T,P,A,T,K,D,E,N,V,S,F,E,A,V,A,E,A,V,G,Q,E,L,A,A,E,L,R,E,L,T,L,R,V,Y,G,R,A,A,E,H,A,R,E,R,G,V,I,L,A,D,T,K,F,E,F,G,V,A,-,G,G,G,A,L,V,L,G,D,E,V,L,T,P,D,S,S,R,Y,W,P,A,D,G,Y,E,P,G,K,V,Q,P,S,F,D,K,Q,Y,V,R,N,W,L,T,S,D,R,A,D,-,T,P,P,P,P,L,P,D,D,V,V,A,A,T,R,A,R,Y,V,E,A,Y,E,R,I,T,G,-,-,-,-,-
-,-,-,-,-,-,-,-,-,-,-,-,-,-,-,-,G,K,V,R,D,L,Y,E,I,D,D,K,R,M,L,M,V,A,T,D,R,L,S,A,F,D,V,I,L,E,Q,P,I,P,E,K,G,K,I,L,T,A,I,S,N,F,W,F,D,K,L,A,G,V,V,P,N,H,F,T,-,-,-,-,-,G,D,K,-,V,E,D,-,-,V,V,P,-,A,A,E,L,P,L,V,E,G,R,A,V,V,A,K,R,L,K,P,V,A,V,E,A,I,V,R,G,Y,I,V,G,S,G,W,K,E,Y,Q,K,S,G,T,V,C,G,I,A,L,P,A,G,L,K,E,A,A,K,L,P,Q,P,I,F,T,P,S,T,K,D,E,N,I,S,F,E,Q,C,E,A,I,I,G,A,E,L,A,A,K,V,R,D,T,A,I,K,L,Y,T,T,A,V,E,Y,A,A,T,R,G,I,I,I,A,D,T,K,F,E,F,G,L,D,-,E,D,G,T,L,T,L,M,D,E,V,L,T,P,D,S,S,R,F,W,P,A,D,S,Y,A,E,G,S,N,P,P,S,F,D,K,Q,F,V,R,D,W,L,E,S,T,G,W,Q,-,P,P,A,P,A,V,P,A,D,V,A,Q,K,T,A,D,K,Y,R,E,A,L,T,R,L,T,A,-,-,-,-,-
-,A,L,I,Q,T,E,I,P,G,L,K,L,I,N,R,G,K,V,R,D,V,Y,D,L,G,-,D,A,L,L,F,V,A,T,D,R,L,S,A,F,D,V,V,M,P,N,G,V,P,R,K,G,E,V,L,T,Q,I,S,L,F,W,F,D,L,M,R,D,I,-,P,N,H,L,I,-,-,-,-,-,-,-,D,V,A,S,R,-,-,P,E,-,-,-,-,Y,V,K,D,L,Q,G,R,S,M,I,V,R,K,A,K,V,L,P,V,E,C,I,V,R,G,Y,L,V,G,S,G,W,K,D,Y,Q,K,T,G,M,V,S,G,L,K,L,R,A,G,Y,Q,Q,A,S,K,L,D,E,P,L,F,T,P,S,T,K,D,E,A,I,S,F,E,Q,V,G,G,I,I,G,A,D,K,A,A,A,L,R,E,L,S,L,K,I,Y,S,T,A,R,D,Y,A,E,K,R,G,I,I,V,A,D,T,K,F,E,F,G,E,I,-,-,D,G,R,I,I,L,V,D,E,V,L,T,P,D,S,S,R,F,W,P,A,D,Q,Y,Q,V,G,T,S,P,V,S,L,D,K,Q,Y,V,R,D,Y,L,E,T,L,D,W,K,-,T,A,G,P,E,L,P,A,N,V,V,K,K,T,S,D,K,Y,L,E,A,Y,R,M,L,T,G,-,-,-,-,-
S,I,V,Q,T,Q,L,G,G,I,L,P,L,V,A,R,G,K,V,R,D,I,Y,E,V,D,Q,E,T,L,L,F,V,A,T,D,R,I,S,A,Y,D,V,I,M,A,N,A,I,P,D,K,G,V,L,L,T,R,L,S,E,F,W,F,K,F,L,E,K,D,V,R,N,H,L,R,A,P,C,E,G,-,-,L,F,G,G,L,P,D,A,L,T,S,P,E,Y,R,S,Q,L,E,G,R,S,L,L,V,Q,R,Y,R,L,I,P,L,E,V,I,V,R,G,Y,I,T,G,S,A,W,K,E,Y,Q,E,R,G,T,V,H,G,L,A,L,P,A,G,L,R,E,S,E,E,L,P,E,P,M,F,T,P,S,T,K,D,E,N,I,S,P,A,Q,A,A,D,L,I,G,Q,E,L,C,D,R,V,A,A,L,A,I,R,L,Y,S,K,C,K,K,Y,A,R,E,R,G,I,I,I,A,D,T,K,F,E,F,G,I,D,D,K,S,G,E,I,V,L,V,D,E,V,L,T,P,D,S,S,R,F,W,N,A,A,N,Y,E,V,G,K,P,Q,D,S,Y,D,K,Q,F,L,R,N,W,L,T,S,N,K,L,N,G,V,D,G,V,S,M,P,E,E,I,V,T,R,T,K,E,K,Y,V,E,A,Y,E,A,L,T,G,A,K,W,-,-
-,-,-,-,-,-,-,-,-,-,L,N,L,V,H,S,G,K,V,R,D,M,Y,A,I,P,G,D,K,L,L,M,V,A,T,D,R,I,S,A,Y,D,V,I,L,S,-,A,I,P,G,K,G,A,I,L,T,Q,L,S,L,F,W,F,D,L,L,A,D,I,V,D,N,H,M,I,-,-,-,-,-,T,A,D,V,T,E,Y,-,-,P,E,A,C,A,P,Y,A,E,Q,L,R,G,R,S,I,L,V,K,R,T,K,P,L,P,I,E,C,I,V,R,G,Y,I,S,G,S,F,W,K,A,Y,Q,Q,D,T,N,V,C,G,F,Q,L,P,E,G,M,Q,E,S,D,K,F,P,E,P,I,F,T,P,S,T,K,D,E,N,I,S,F,E,R,M,Q,E,I,V,G,V,E,K,A,E,Q,I,A,R,I,S,K,A,L,Y,T,R,A,A,D,Y,A,R,T,K,G,V,I,I,A,D,T,K,F,E,L,G,E,V,-,-,D,G,K,I,I,L,I,D,E,V,L,T,P,D,S,S,R,F,W,A,A,D,K,Y,E,P,G,K,S,Q,E,S,F,D,K,Q,Y,L,R,D,Y,L,S,S,L,D,W,D,N,P,P,A,P,P,L,P,E,E,I,I,V,K,T,K,A,R,Y,D,E,A,V,E,R,I,T,G,-,-,-,-,-
-,-,-,-,-,-,-,-,-,-,-,-,-,L,S,A,G,K,V,R,E,I,Y,E,I,D,E,H,H,I,L,M,V,A,S,D,R,I,S,A,Y,D,F,I,L,D,T,E,I,P,D,K,G,R,V,L,T,A,M,S,Q,F,F,F,D,A,I,D,-,-,F,P,N,H,L,A,-,-,-,-,-,G,-,-,P,I,D,-,-,-,-,-,-,-,-,-,-,-,E,E,V,L,G,R,A,M,V,C,K,K,L,A,M,M,P,F,E,C,V,V,R,G,Y,L,T,G,S,G,L,E,E,Y,R,Q,T,G,T,V,C,G,I,T,L,P,E,G,L,V,E,S,S,R,L,P,E,P,I,F,T,P,A,T,K,D,I,N,V,S,F,D,V,V,E,E,R,L,G,E,A,R,A,N,Q,L,R,D,A,S,I,A,I,Y,S,R,A,A,E,I,A,L,E,R,G,V,I,L,A,D,T,K,F,E,F,G,L,D,-,E,N,G,E,L,V,L,G,D,E,V,L,T,P,D,S,S,R,Y,W,P,A,E,G,Y,E,A,G,H,V,Q,P,S,F,D,K,Q,Y,V,R,N,W,L,T,G,D,K,N,G,-,V,Q,P,P,A,L,P,G,S,V,V,E,A,T,R,E,R,Y,I,E,A,Y,E,L,I,S,G,N,K,F,S,-
A,L,L,K,T,S,L,D,A,P,F,T,K,I,A,T,G,K,V,R,D,L,Y,E,C,V,P,D,D,L,L,F,V,A,T,D,R,I,S,A,Y,D,F,I,M,E,N,G,I,P,E,K,G,K,V,L,T,K,I,S,E,F,W,F,D,V,L,K,P,H,V,Q,T,H,L,I,T,S,R,-,-,-,-,-,W,E,E,L,P,P,V,I,T,-,-,K,-,H,E,E,L,K,D,R,S,M,L,V,K,K,Y,K,I,L,P,I,E,A,I,V,R,G,Y,I,T,G,S,A,W,K,E,Y,Q,K,Q,G,T,V,H,G,L,N,V,P,T,G,M,K,E,A,E,A,F,P,E,P,L,F,T,P,S,T,K,D,E,N,I,H,P,D,E,V,S,K,I,V,G,P,E,L,A,K,Q,V,A,E,T,S,V,K,L,Y,K,I,A,R,D,V,A,L,K,K,G,I,I,I,A,D,T,K,F,E,F,G,V,D,E,T,T,N,K,I,V,L,V,D,E,V,L,T,P,D,S,S,R,F,W,L,A,S,D,Y,T,V,G,K,S,P,D,S,F,D,K,Q,Y,L,R,N,W,L,T,A,N,N,L,A,N,K,P,N,V,S,L,P,E,D,V,V,E,A,T,R,R,K,Y,V,E,A,Y,E,M,I,T,G,K,K,W,S,Y
-,-,-,-,-,-,-,-,-,-,L,K,L,I,N,Q,G,K,V,R,D,I,Y,D,I,D,D,R,H,M,L,L,V,A,S,D,R,L,S,A,F,D,V,I,L,P,T,P,I,K,D,K,G,A,I,L,T,Q,I,A,N,F,W,F,E,K,L,K,H,I,V,P,N,H,L,T,-,-,-,-,-,G,I,D,-,P,N,T,-,-,V,V,K,D,P,A,E,Q,A,Q,L,G,P,R,A,L,V,V,K,K,L,K,P,L,P,I,E,A,I,V,R,G,Y,L,A,G,S,G,W,K,E,Y,Q,A,S,Q,S,V,C,G,I,P,L,P,A,G,L,Q,E,A,A,Q,L,P,E,P,L,F,T,P,S,S,K,D,E,N,I,T,L,E,K,C,A,Q,L,I,G,P,E,L,A,D,K,V,A,R,V,S,V,Q,L,Y,K,E,A,A,A,Y,A,L,G,R,G,I,I,I,A,D,T,K,F,E,F,G,L,D,-,E,A,G,E,L,Y,L,I,D,E,V,L,T,P,D,S,S,R,F,W,P,Q,D,Q,Y,Q,V,G,S,N,P,P,S,F,D,K,Q,Y,V,R,D,W,L,E,S,T,G,W,K,-,T,P,G,P,A,L,P,D,E,V,A,A,R,T,A,D,K,Y,R,E,A,F,E,R,L,T,G,-,-,-,-,-
A,V,T,S,V,E,L,T,T,-,L,P,K,I,A,T,G,K,V,R,D,L,F,T,V,D,D,K,T,L,L,F,V,A,S,D,R,T,S,A,Y,D,V,V,M,A,N,G,V,P,G,K,G,V,I,L,N,L,A,T,V,F,W,F,K,L,L,T,A,K,V,K,T,H,F,L,G,T,D,-,-,-,-,-,-,-,-,A,P,A,S,L,S,E,-,A,E,K,A,V,V,R,N,R,S,M,R,V,R,K,L,K,V,F,P,V,E,A,I,V,R,G,Y,V,A,G,S,A,W,A,E,Y,K,T,S,G,T,M,H,G,L,Q,V,P,A,G,L,R,Q,C,D,K,L,P,K,P,L,Y,T,P,S,T,K,D,V,N,I,S,P,A,Q,A,A,E,I,V,G,D,K,Y,A,A,E,I,E,R,L,A,L,A,V,Y,E,A,A,A,D,Y,A,A,G,K,G,I,I,I,A,D,T,K,F,E,F,G,L,D,E,E,T,D,E,V,V,L,V,D,E,V,L,T,P,D,S,S,R,F,W,P,K,D,K,Y,E,A,G,R,D,Q,E,S,F,D,K,Q,F,I,R,N,W,L,T,A,N,G,L,K,G,K,E,G,V,V,L,P,D,D,V,V,K,A,T,R,G,K,Y,E,E,V,F,G,M,L,T,G,-,-,-,-,-
S,L,H,T,T,E,L,D,N,I,L,P,L,V,T,R,G,K,V,R,D,I,Y,Q,V,D,E,N,T,L,L,F,V,A,T,D,R,I,S,A,Y,D,V,I,M,D,N,A,V,P,E,K,G,K,L,L,T,K,L,S,E,F,W,F,E,F,L,S,Q,T,I,P,N,H,L,I,S,K,N,D,D,E,S,L,F,A,K,L,P,A,Q,L,S,E,A,K,Y,K,L,Q,L,S,G,R,S,L,L,V,R,K,L,K,L,I,P,L,E,V,I,V,R,G,Y,I,T,G,S,A,W,K,E,Y,K,K,T,Q,T,V,H,G,L,S,V,E,A,G,L,L,E,S,Q,E,F,A,T,P,I,F,T,P,S,T,K,D,E,N,I,S,P,E,K,A,A,E,I,V,G,Q,E,L,C,D,K,L,A,K,A,A,I,E,L,Y,T,K,A,K,E,Y,A,K,T,R,G,I,I,I,A,D,T,K,F,E,F,G,L,D,T,-,D,H,N,L,V,L,V,D,E,V,L,T,P,D,S,S,R,F,W,N,A,S,A,Y,K,L,G,K,S,Q,E,S,Y,D,K,Q,F,L,R,D,W,L,T,S,N,G,I,A,G,K,D,G,V,K,M,D,E,D,I,V,A,R,T,R,A,K,Y,I,E,A,Y,E,A,I,T,G,D,K,W,T,-
-,-,-,-,-,-,-,-,-,-,L,K,L,L,S,R,G,K,V,R,D,I,Y,E,V,D,D,D,K,L,L,L,V,T,T,D,R,I,S,A,Y,D,V,I,M,P,N,P,I,D,D,K,G,K,I,L,N,Q,I,T,L,F,W,M,D,M,F,K,D,I,I,P,N,H,L,I,-,-,-,-,-,A,S,K,V,D,D,Y,-,-,P,E,V,L,H,K,Y,R,D,Q,L,E,G,R,S,V,L,V,K,K,A,K,P,L,P,I,E,C,I,V,R,G,Y,I,T,G,S,G,W,K,D,Y,Q,K,T,G,E,V,C,G,H,K,L,P,E,G,L,K,E,S,E,M,L,E,Q,P,L,F,T,P,S,T,K,D,E,N,I,S,V,E,K,A,T,E,M,L,G,K,E,L,F,D,K,V,Q,E,A,T,L,S,I,Y,K,R,G,R,D,Y,A,R,E,K,G,I,I,I,A,D,T,K,F,E,F,G,I,Y,-,-,D,G,E,L,I,I,I,D,E,V,L,T,P,D,S,S,R,F,W,P,V,E,G,Y,E,A,G,K,S,Q,P,S,F,D,K,Q,F,L,R,D,W,L,T,E,I,N,F,K,-,Q,P,A,P,E,V,P,E,E,I,A,T,K,T,R,D,K,Y,M,E,A,F,T,L,L,T,E,S,E,-,-,-
-,-,-,-,-,-,-,-,-,-,-,-,-,-,-,-,G,K,V,R,D,L,Y,E,I,D,D,K,R,M,L,M,V,A,S,D,R,L,S,A,F,D,V,I,L,D,D,P,I,P,S,K,G,E,I,L,T,Q,I,S,N,F,W,F,K,K,L,A,H,I,M,P,N,H,F,T,-,-,-,-,-,G,Q,T,-,V,Y,D,-,-,V,L,P,-,E,N,E,A,K,A,L,E,K,R,A,V,V,A,K,K,L,T,P,V,K,V,E,A,I,V,R,G,Y,L,A,G,S,G,W,K,D,Y,Q,K,T,G,S,V,C,G,I,Q,L,P,E,G,M,Q,E,A,Q,Q,L,P,E,V,I,F,T,P,S,T,K,D,E,N,I,S,F,E,E,C,G,R,I,I,G,K,E,L,A,E,E,V,R,A,K,A,V,R,L,Y,T,E,A,A,E,Y,A,K,S,R,G,I,I,I,C,D,T,K,F,E,F,G,L,D,-,E,N,G,T,L,T,L,M,D,E,V,L,T,P,D,S,S,R,F,W,P,A,D,Q,Y,K,V,G,T,N,P,P,S,F,D,K,Q,F,V,R,D,W,L,E,Q,S,G,W,K,-,A,P,A,P,K,V,P,A,D,V,I,Q,K,T,V,E,K,Y,R,E,A,L,T,L,L,T,-,-,-,-,-,-
-,-,-,-,-,-,-,-,-,-,-,P,L,L,S,R,G,K,V,R,D,I,Y,E,I,D,A,Q,T,L,L,I,V,T,T,D,R,M,S,A,F,D,V,I,M,G,E,P,I,P,Y,K,G,V,I,L,N,S,I,T,L,F,W,M,N,R,F,A,G,L,V,K,N,H,L,I,-,-,-,-,-,E,H,D,V,N,R,F,-,-,P,A,P,L,A,P,Y,R,D,M,L,E,G,R,A,V,I,V,R,K,A,K,P,L,P,V,E,C,I,V,R,G,H,I,T,G,S,G,W,K,D,Y,K,A,T,G,A,V,C,G,H,K,L,P,A,G,L,P,E,S,A,K,L,E,T,P,L,F,T,P,S,T,K,D,E,N,I,S,I,G,Q,A,A,K,L,L,G,D,D,L,A,A,R,V,Q,E,L,S,I,A,I,F,S,Q,G,R,E,Y,A,E,G,R,G,I,I,I,A,D,T,K,F,E,F,G,L,V,-,-,D,G,E,V,I,L,I,D,E,V,L,T,P,D,S,S,R,F,W,P,A,E,G,Y,A,P,G,K,G,Q,P,S,F,D,K,Q,Y,L,R,D,W,L,A,S,Q,P,W,K,-,T,P,P,P,A,L,P,E,H,V,I,A,E,T,G,K,K,Y,R,E,A,Y,E,I,L,T,G,S,K,-,-,-
-,A,L,H,Q,S,S,I,K,S,L,P,L,L,G,R,G,K,V,R,D,M,Y,A,V,G,D,D,K,L,L,I,V,A,S,D,R,I,S,A,F,D,V,I,L,D,D,P,I,P,G,K,G,Q,V,L,T,E,L,T,E,F,W,L,N,K,L,A,H,I,L,P,N,H,S,T,-,-,-,-,-,G,V,R,-,P,E,D,-,-,V,V,A,-,P,D,E,L,D,Q,V,R,G,R,A,V,V,V,K,R,L,K,P,I,L,V,E,A,V,A,R,G,Y,L,I,G,S,G,W,K,D,Y,Q,A,T,G,A,V,C,G,I,A,L,P,A,G,L,Q,Q,A,S,K,L,P,Q,P,I,F,T,P,A,A,K,D,E,N,V,D,F,A,H,V,V,R,E,V,G,Q,E,M,A,E,R,I,R,D,V,T,L,R,L,Y,T,E,A,A,Q,F,A,A,T,K,G,I,I,I,A,D,T,K,F,E,F,G,L,D,-,D,D,G,T,L,Y,L,M,D,E,V,L,T,P,D,S,S,R,F,W,P,A,D,G,Y,R,V,G,I,S,P,P,S,F,D,K,Q,F,V,R,D,W,L,E,T,Q,D,W,K,-,T,P,P,P,R,L,P,Q,E,V,L,Q,K,T,A,A,K,Y,R,E,A,L,D,R,L,-,-,-,-,-,-,-
S,I,V,N,T,D,L,D,G,I,L,P,L,I,A,K,G,K,V,R,D,I,Y,A,V,D,E,N,N,L,L,F,V,A,T,D,R,I,S,A,Y,D,V,I,M,T,N,G,I,P,D,K,G,K,I,L,T,Q,L,S,V,F,W,F,D,F,L,A,P,Y,I,K,N,H,L,V,A,S,N,D,-,K,E,V,F,A,L,L,P,S,K,L,S,E,E,K,Y,K,S,Q,L,E,G,R,S,L,I,V,K,K,H,R,L,I,P,L,E,A,I,V,R,G,Y,I,T,G,S,A,W,K,E,Y,K,N,S,K,T,V,H,G,V,K,E,N,E,N,L,Q,E,S,D,A,F,P,T,P,I,F,T,P,S,T,K,D,E,N,I,S,I,E,Q,A,A,E,I,V,G,K,D,I,C,E,K,V,A,V,K,A,V,E,L,Y,S,A,A,K,N,F,A,L,L,K,G,I,I,I,A,D,T,K,F,E,F,G,L,D,E,-,N,N,E,L,V,L,V,D,E,V,L,T,P,D,S,S,R,F,W,N,Q,K,T,Y,Q,V,G,K,S,Q,E,S,Y,D,K,Q,F,L,R,D,W,L,T,A,N,G,L,N,G,K,E,G,V,A,M,D,A,E,I,A,I,K,S,K,E,K,Y,I,E,A,Y,E,A,I,T,G,K,K,W,A,-
-,-,-,-,-,-,-,-,-,-,L,P,S,F,I,K,G,K,V,R,D,T,Y,L,L,G,-,D,K,L,L,I,V,A,S,D,R,I,S,A,F,D,V,I,L,P,S,G,I,S,G,K,G,R,V,L,N,R,I,S,S,F,W,F,E,K,T,A,H,I,I,P,N,H,V,I,E,L,V,E,N,T,S,C,L,D,Y,L,-,-,P,A,A,R,F,K,Y,P,E,Y,L,I,G,R,S,M,V,V,K,K,V,N,R,V,S,V,E,C,V,V,R,G,Y,I,A,G,S,A,W,S,E,Y,K,K,L,G,T,V,N,G,V,S,M,P,K,G,L,Q,Q,S,Q,E,L,P,E,P,I,F,T,P,T,T,K,D,R,P,M,S,I,A,E,L,E,G,M,V,G,K,D,L,A,D,K,L,A,R,K,S,L,E,L,Y,K,F,G,R,E,Y,A,R,N,R,G,I,I,I,A,D,T,K,F,E,F,G,L,D,-,-,G,T,E,L,I,L,I,D,E,A,L,T,P,D,S,S,R,F,W,D,E,K,T,Y,K,V,G,E,A,Q,D,S,Y,D,K,Q,P,V,R,D,Y,L,E,T,I,S,W,K,-,P,P,G,P,V,L,P,D,E,V,I,K,S,T,T,R,R,Y,E,Y,A,Y,E,R,I,T,G,L,K,-,-,-
-,-,V,M,H,T,D,F,P,G,L,K,L,L,A,R,G,K,V,R,D,I,Y,D,L,G,-,E,T,L,L,L,V,T,S,D,R,I,S,A,F,D,V,I,M,N,E,P,I,P,D,K,G,F,V,L,T,E,I,S,S,F,W,F,R,Q,M,E,D,I,V,S,N,H,I,I,-,-,-,-,-,S,T,D,V,D,E,F,-,-,P,A,A,C,R,P,H,A,D,L,L,R,G,R,S,M,L,V,K,K,A,R,P,L,P,V,E,C,I,V,R,G,Y,V,S,G,S,G,W,K,E,Y,Q,S,S,G,S,I,C,G,I,S,L,P,P,G,L,R,E,S,D,R,L,P,E,P,I,F,T,P,S,T,K,D,E,N,I,S,F,E,R,M,T,E,L,C,G,R,E,L,A,E,Q,A,R,D,Y,T,L,K,I,Y,G,R,A,R,E,L,A,D,Q,K,G,I,I,I,A,D,T,K,F,E,F,G,V,F,-,-,E,G,E,L,I,I,I,D,E,C,M,T,P,D,S,S,R,F,W,L,K,D,D,Y,R,P,G,G,P,Q,P,S,F,D,K,Q,F,L,R,D,Y,L,E,G,L,D,W,K,-,A,P,A,P,A,L,P,A,E,I,I,A,K,T,A,Q,M,Y,R,E,A,L,S,R,I,T,G,-,-,-,-,-
-,-,-,-,-,-,-,-,-,-,L,P,L,L,H,R,G,K,V,R,D,L,Y,A,V,D,T,D,R,L,L,I,V,T,T,D,R,I,S,A,F,D,V,I,L,P,T,A,I,P,D,K,G,R,V,L,T,A,I,S,H,F,W,F,D,R,T,R,T,I,V,P,N,H,L,T,-,-,-,-,-,D,D,Q,S,L,T,D,-,-,I,I,P,D,R,D,E,R,A,L,L,E,G,R,S,L,I,V,K,R,L,K,A,L,P,I,E,A,V,V,R,G,Y,L,I,G,T,G,Y,K,D,Y,L,A,T,G,A,V,C,G,I,A,L,P,K,D,L,P,L,A,A,R,L,P,E,P,I,F,T,P,A,T,K,D,E,N,I,D,F,D,T,T,V,S,L,L,G,R,P,L,A,E,Q,V,R,D,T,A,I,R,L,Y,Q,E,A,A,K,Y,A,L,E,R,G,I,I,I,A,D,T,K,F,E,F,G,L,D,-,D,Q,G,T,L,H,L,I,D,E,A,L,T,P,D,S,S,R,F,W,P,V,D,Q,Y,K,T,G,I,S,P,P,S,F,D,K,Q,F,V,R,D,W,L,T,L,-,D,W,K,K,A,P,G,P,T,I,P,D,D,I,V,Q,Q,T,R,S,R,Y,L,E,A,Y,R,L,L,T,G,-,-,-,-,-
-,-,L,L,Q,L,D,L,P,G,I,R,K,L,K,S,G,K,V,R,E,V,F,D,L,G,-,D,R,L,L,F,V,A,T,D,R,I,S,A,F,D,C,I,M,P,N,G,I,P,R,K,G,E,V,L,T,Q,I,S,Y,F,W,F,D,Q,M,A,S,F,Q,P,N,H,L,L,-,-,-,-,-,S,K,P,N,D,S,L,-,-,P,I,L,L,Q,P,Y,A,A,Q,L,A,G,R,C,M,I,V,K,K,A,Q,P,L,A,I,E,C,V,V,R,G,Y,L,A,G,S,G,W,K,E,Y,Q,E,R,Q,T,V,C,G,I,K,L,P,A,G,L,K,E,S,S,E,L,P,E,P,I,F,T,P,A,T,K,D,E,N,I,S,F,E,E,A,S,K,L,V,G,S,D,I,A,E,K,A,R,S,A,S,M,K,I,Y,K,F,A,R,E,Y,A,R,Q,R,G,I,I,I,A,D,T,K,F,E,F,G,L,F,-,-,D,D,E,L,L,L,I,D,E,V,L,T,P,D,S,S,R,F,W,P,A,D,Q,Y,Q,P,G,R,S,Q,P,S,F,D,K,Q,F,V,R,D,Y,L,-,T,L,D,W,K,T,P,P,A,P,K,L,P,P,E,V,V,E,K,S,Q,A,K,Y,L,D,A,Y,H,R,L,T,G,-,-,-,-,-
-,-,-,-,-,-,-,-,-,-,-,-,-,I,A,S,G,K,V,R,E,I,Y,D,L,D,-,D,S,V,L,L,V,A,T,D,R,I,S,A,F,D,V,V,L,P,G,G,I,P,G,R,G,L,I,L,T,Q,L,S,H,F,W,F,E,Q,T,K,H,I,A,P,N,H,I,-,-,-,-,-,-,-,-,-,-,-,-,-,-,-,-,-,-,L,P,N,E,Q,E,I,L,A,G,R,S,M,A,V,R,K,L,Q,P,L,E,I,E,C,V,V,R,G,Y,I,A,G,S,G,W,E,S,Y,Q,K,D,R,T,V,C,G,I,E,L,P,A,G,L,Q,L,A,S,Q,L,P,E,P,I,F,T,P,T,T,K,D,M,P,V,S,P,S,E,A,A,A,I,V,G,Q,D,V,F,D,Q,V,K,A,I,S,L,E,L,Y,N,F,G,S,Q,L,A,A,K,A,G,I,I,L,A,D,T,K,F,E,F,G,T,D,-,E,S,G,K,I,Y,L,I,D,E,V,L,T,P,D,S,S,R,Y,W,D,A,A,E,Y,R,V,G,S,S,P,A,S,Y,D,K,Q,I,I,R,D,Y,L,E,T,L,-,K,K,T,A,P,G,P,E,L,P,A,E,I,V,T,K,A,Q,S,R,Y,L,E,V,Y,S,K,L,V,G,-,-,-,-,-
C,V,T,S,T,N,L,S,K,-,L,K,L,L,A,K,G,K,V,R,D,I,Y,A,L,D,E,D,K,L,L,F,V,A,T,D,R,M,S,A,F,D,V,I,M,N,N,G,I,P,S,K,G,I,T,L,T,T,L,S,L,F,W,F,D,K,L,K,N,I,I,P,N,H,V,L,H,P,S,P,S,A,C,F,W,E,Q,F,P,R,S,L,D,-,-,E,Y,R,D,Q,L,E,G,R,S,M,I,V,K,K,C,E,V,V,K,I,E,A,I,V,R,G,Y,I,T,G,S,A,W,S,E,Y,K,K,S,Q,T,I,H,G,I,Q,M,P,A,G,L,V,E,S,Q,K,L,P,K,A,L,F,T,P,S,T,K,D,E,N,I,H,P,D,K,V,K,D,I,C,G,P,E,L,A,A,K,I,E,K,A,A,I,Q,L,Y,T,E,A,A,A,Y,A,L,E,R,G,L,I,L,A,D,T,K,F,E,F,G,L,S,P,N,K,T,T,L,I,L,I,D,E,V,L,T,P,D,S,S,R,Y,W,A,A,A,D,Y,V,V,G,Q,P,Q,P,S,F,D,K,Q,Y,L,R,D,W,L,I,K,E,G,L,R,G,K,E,D,V,T,L,P,E,H,V,V,S,E,T,R,S,K,Y,E,E,A,R,D,R,V,M,G,-,-,-,-,-
-,-,V,K,Q,T,D,F,P,G,L,K,L,V,N,R,G,K,V,R,D,I,Y,D,L,G,-,D,A,L,L,M,V,T,S,D,R,I,S,A,F,D,V,I,M,N,E,P,I,P,D,K,G,K,V,L,T,Q,I,S,K,F,W,F,S,Q,M,E,D,I,I,P,N,H,I,I,-,-,-,-,-,S,T,D,V,A,D,Y,-,-,P,A,A,C,Q,P,Y,A,E,V,L,A,G,R,S,M,L,V,K,K,A,E,P,L,A,A,E,C,I,V,R,G,Y,V,S,G,S,G,W,K,D,Y,K,A,T,G,S,I,C,G,I,K,L,P,E,G,L,K,E,S,D,R,L,A,E,P,I,F,T,P,S,T,K,D,E,N,I,S,F,D,E,M,V,K,V,C,G,K,E,L,A,E,Q,A,R,E,A,T,I,R,I,Y,C,R,A,R,E,I,A,D,Q,K,G,I,I,I,A,D,T,K,F,E,F,G,V,Y,-,-,E,G,K,L,I,I,I,D,E,C,L,T,P,D,S,S,R,F,W,P,K,D,Q,Y,Q,P,G,G,P,Q,P,S,F,D,K,Q,F,L,R,D,Y,L,T,-,L,D,W,K,T,A,P,A,P,P,L,P,E,E,I,V,T,K,T,G,E,K,Y,K,E,A,L,F,K,L,A,G,-,-,-,-,-
-,-,-,-,-,-,E,I,P,G,W,K,H,V,Y,S,G,K,V,R,E,L,Y,V,P,D,E,G,A,V,L,V,V,A,S,D,R,I,S,A,F,D,Q,V,L,P,T,E,I,P,D,K,G,T,I,L,T,Q,L,S,L,W,W,F,E,Q,L,-,D,G,I,P,N,H,I,L,-,-,-,-,-,S,T,-,-,-,-,-,-,-,-,-,-,-,-,-,-,-,E,S,V,R,G,R,A,V,V,C,K,N,L,S,M,F,P,V,E,N,I,V,R,G,Y,L,T,G,S,G,L,K,D,Y,R,T,T,G,S,V,C,G,I,E,L,P,E,G,L,Q,D,G,D,R,L,E,Q,P,I,F,T,P,T,G,K,D,E,P,I,T,Y,R,E,M,A,D,V,V,G,N,S,V,A,D,R,L,R,E,L,S,L,K,I,Y,T,R,A,E,R,I,A,R,E,R,G,I,I,V,A,D,T,K,V,E,F,G,L,D,S,Y,R,G,A,I,T,L,G,D,E,V,L,T,P,D,S,S,R,F,W,D,M,E,T,Y,R,P,G,R,A,Q,P,S,F,D,K,Q,Y,V,R,D,W,L,D,A,S,G,W,G,-,H,P,V,P,Q,L,P,E,D,V,V,A,R,T,R,E,R,Y,V,E,A,Y,E,R,L,T,G,R,V,F,-,-
-,-,-,-,-,-,-,-,-,-,-,-,-,-,-,-,G,K,V,R,D,L,Y,E,I,D,D,Q,R,M,L,M,I,A,T,D,R,L,S,A,F,D,V,I,L,D,D,P,I,P,A,K,G,Q,I,L,T,A,I,S,N,F,W,F,D,K,L,K,D,V,V,P,N,H,L,T,-,-,-,-,-,G,D,Q,-,P,E,D,-,-,V,V,A,-,A,A,D,L,P,Q,V,E,G,R,A,V,V,A,K,R,L,K,A,V,P,I,E,A,V,V,R,G,Y,L,A,G,S,G,W,K,E,Y,R,Q,S,G,S,V,C,G,I,A,L,P,A,G,L,K,E,A,D,K,L,P,E,P,I,F,T,P,S,T,K,D,E,N,I,S,F,A,Q,C,E,A,I,V,G,A,E,L,A,A,K,V,R,D,T,A,I,L,L,Y,Q,T,A,A,E,Y,A,A,T,R,G,I,I,I,C,D,T,K,F,E,F,G,L,D,-,E,N,G,T,L,T,L,M,D,E,A,L,T,P,D,S,S,R,F,W,P,A,D,S,Y,Q,P,G,S,N,P,P,S,F,D,K,Q,F,V,R,D,W,L,E,A,S,G,W,Q,-,A,P,A,P,A,V,P,L,D,V,R,E,K,T,A,A,K,Y,R,E,A,L,E,K,L,A,G,-,-,-,-,-
-,-,-,-,-,-,-,-,-,-,L,K,L,A,A,R,G,K,V,R,D,I,Y,D,L,G,-,E,T,L,L,I,V,T,T,D,R,I,S,A,F,D,V,I,M,N,E,G,I,P,D,K,G,Y,V,L,T,Q,I,S,A,F,W,F,R,Q,M,E,D,I,I,P,N,H,I,I,-,-,-,-,-,S,T,E,V,K,D,F,-,-,P,A,E,C,Q,K,Y,A,D,V,L,E,G,R,S,M,L,V,K,K,A,K,P,L,P,A,E,C,I,V,R,G,Y,I,S,G,S,G,W,K,D,Y,Q,A,T,G,S,V,C,G,I,T,L,P,A,G,L,K,E,S,D,R,L,P,E,P,I,F,T,P,S,T,K,D,E,N,I,S,F,E,K,M,V,D,M,C,G,K,D,I,A,E,K,V,R,D,I,T,L,K,I,Y,K,K,A,R,D,I,A,D,G,K,G,I,I,I,A,D,T,K,F,E,Y,G,I,Y,-,-,E,G,E,L,I,I,I,D,E,C,M,T,P,D,S,S,R,F,W,P,K,D,S,Y,Q,P,G,G,P,Q,P,S,F,D,K,Q,F,L,R,D,Y,L,T,-,L,D,W,K,T,A,P,A,P,P,L,P,E,E,I,V,R,K,T,G,E,K,Y,M,E,A,L,V,K,L,T,G,-,-,-,-,-
A,M,V,N,I,D,I,K,G,K,L,P,K,V,A,S,G,K,V,R,D,L,Y,A,V,D,D,N,I,L,L,F,V,A,S,D,R,I,S,A,Y,D,V,I,M,E,N,G,I,P,G,K,G,A,L,L,T,S,M,S,A,Y,W,F,K,Y,L,P,N,H,V,R,T,H,F,I,T,S,S,-,-,-,-,-,-,-,-,L,P,P,I,L,A,S,-,E,-,-,T,Y,L,Q,E,R,S,M,Q,V,R,R,L,R,I,I,P,I,E,S,I,V,R,G,Y,I,T,G,S,G,W,S,E,Y,R,K,S,G,T,V,N,G,I,S,L,P,E,G,L,I,E,G,Q,K,L,P,S,P,L,W,T,P,S,T,K,D,E,N,I,S,P,E,A,A,R,Q,V,I,G,N,S,I,A,A,K,V,E,E,L,S,L,A,I,Y,T,A,A,A,A,R,A,E,S,V,G,I,I,L,A,D,T,K,F,E,F,G,L,D,-,A,D,D,N,V,V,L,V,D,E,V,L,T,P,D,S,S,R,F,W,P,K,E,T,W,E,I,G,K,A,Q,P,S,F,D,K,Q,F,L,R,D,W,L,T,S,E,G,L,K,G,K,D,G,V,T,V,P,E,E,I,V,K,K,T,A,E,K,Y,R,E,A,Y,E,K,I,A,G,A,-,-,-,-
-,-,-,-,-,-,Q,V,P,G,L,L,H,L,H,T,G,K,V,R,D,L,Y,R,N,E,A,G,D,L,I,M,V,A,S,D,R,I,S,A,Y,D,W,V,L,P,S,E,I,P,D,K,G,R,V,L,T,R,L,S,L,W,W,F,D,R,L,A,D,L,V,P,H,H,V,V,-,-,-,-,-,S,T,D,L,P,-,-,-,-,-,-,-,-,-,-,-,-,A,D,W,E,G,R,T,L,V,C,R,S,L,R,M,V,P,V,E,C,V,A,R,G,Y,L,T,G,S,G,L,V,E,Y,D,E,S,R,T,V,C,G,I,T,L,P,E,G,L,S,D,G,S,E,L,P,A,P,I,F,T,P,A,T,K,D,E,N,V,T,Y,E,E,V,A,R,Q,V,G,A,E,T,A,A,V,L,R,Q,T,T,L,A,V,Y,G,R,A,R,D,I,A,R,D,R,G,I,I,L,A,D,T,K,F,E,F,G,H,T,-,E,D,G,T,L,V,I,A,D,E,V,L,T,P,D,S,S,R,F,W,P,A,A,S,W,Q,P,G,R,P,Q,P,S,Y,D,K,Q,Y,V,R,D,W,L,T,S,D,R,R,E,-,Q,P,P,P,A,L,P,D,E,-,-,-,-,G,R,A,K,Y,L,E,A,Y,E,M,L,T,G,-,-,-,-,-
-,T,V,H,T,S,S,I,Q,S,L,P,L,L,A,R,G,K,V,R,D,N,Y,A,V,G,E,D,R,I,L,M,V,A,S,D,R,L,S,A,F,D,V,I,M,G,E,P,I,P,G,K,G,E,I,L,T,Q,M,A,L,W,W,F,D,R,L,G,Q,L,C,P,N,H,L,T,-,-,-,-,-,G,E,A,-,P,E,S,-,-,V,V,T,-,P,E,E,V,P,Q,V,T,G,R,S,M,L,V,K,R,L,T,P,I,P,V,E,A,V,V,R,G,Y,L,A,G,S,G,W,K,E,Y,Q,E,S,R,S,V,C,G,V,P,L,P,E,G,L,T,N,A,S,K,L,P,R,P,I,F,T,P,A,A,K,D,E,N,I,S,Y,D,R,V,V,E,I,V,G,P,K,L,A,Q,Q,I,R,E,T,S,L,E,I,Y,E,T,A,A,Q,I,A,L,G,K,G,M,I,I,A,D,T,K,F,E,F,G,L,D,-,E,A,G,T,L,V,L,M,D,E,V,L,T,P,D,S,S,R,Y,W,P,V,E,G,Y,Q,A,G,A,N,P,P,S,Y,D,K,Q,F,V,R,D,W,L,E,A,T,K,I,G,-,K,P,A,P,R,L,P,A,E,V,I,E,K,T,A,A,K,Y,R,E,A,L,E,R,L,T,G,-,-,-,-,-
-,-,-,-,-,-,-,-,-,-,-,-,-,V,Y,S,G,K,V,R,D,L,Y,Q,F,G,Q,D,C,V,L,V,V,A,S,D,R,I,S,A,Y,D,H,V,L,S,S,E,I,P,D,K,G,R,I,L,T,Q,L,S,L,W,W,F,D,Q,L,D,-,-,V,A,H,H,V,L,-,-,-,-,-,A,S,T,V,E,-,-,-,-,-,-,-,-,-,-,-,-,A,A,V,E,G,R,A,M,I,C,K,K,L,D,M,F,P,V,E,C,I,A,R,G,Y,L,T,G,S,G,L,L,E,Y,Q,Q,S,R,T,V,C,S,I,P,L,P,E,G,L,V,D,G,S,R,L,D,E,A,I,F,T,P,S,A,K,D,E,N,I,T,Y,D,A,V,V,G,L,V,G,E,D,V,A,A,R,L,R,E,L,T,L,K,I,Y,T,K,A,E,E,I,A,R,G,R,G,I,I,L,A,D,T,K,V,E,F,G,F,D,V,S,T,G,V,I,T,L,G,D,E,V,L,T,P,D,S,S,R,F,W,D,A,A,T,Y,E,P,G,K,S,Q,P,S,Y,D,K,Q,Y,V,R,D,W,L,T,S,D,R,A,D,-,V,P,P,P,A,L,P,E,D,V,V,S,R,T,R,G,R,Y,V,E,A,Y,E,K,L,T,G,-,-,-,-,-
-,-,-,-,-,-,-,-,-,-,L,K,L,V,N,Q,G,K,V,R,D,I,Y,D,V,G,-,E,Y,L,L,I,V,T,S,D,R,I,S,A,F,D,V,I,M,N,E,G,I,P,Q,K,G,Y,V,L,T,E,I,S,K,F,W,F,E,K,M,T,D,I,I,P,N,H,I,V,-,-,-,-,-,S,T,N,V,D,D,F,-,-,P,P,E,T,H,K,Y,R,E,Q,L,E,G,R,S,M,L,V,K,K,A,Q,P,L,P,V,E,C,I,V,R,G,Y,I,S,G,S,G,W,K,D,Y,Q,K,T,G,A,I,C,G,I,P,L,P,E,G,L,K,E,S,D,K,L,P,E,V,I,F,T,P,S,T,K,D,E,N,I,P,F,S,K,V,E,E,L,C,G,A,E,L,A,A,K,V,R,D,V,T,I,A,I,Y,E,R,A,R,D,I,A,N,E,K,G,I,I,I,A,D,T,K,F,E,F,G,M,L,-,-,D,G,E,L,I,W,I,D,E,A,L,T,P,D,S,S,R,F,W,P,K,D,Q,Y,Q,P,G,G,Q,Q,P,S,F,D,K,Q,F,L,R,D,Y,L,T,-,L,D,W,K,T,A,P,A,P,D,L,P,Q,E,I,V,E,K,T,G,Q,K,Y,M,E,A,L,T,R,L,T,Q,S,-,-,-,-
-,-,-,-,-,-,-,-,-,-,-,-,L,V,R,K,G,K,V,R,D,I,Y,D,T,G,-,E,A,F,L,M,V,T,T,D,R,L,S,A,F,D,V,V,L,P,N,G,I,P,G,K,G,K,V,L,T,K,I,S,E,F,W,F,K,Q,M,A,P,L,V,G,N,H,L,I,-,-,-,-,-,S,T,D,V,A,D,F,-,-,P,D,V,C,Q,P,Y,A,K,V,L,S,G,R,T,M,L,V,K,K,A,E,P,L,P,V,E,C,I,V,R,G,Y,I,S,G,S,G,W,K,S,Y,Q,N,N,G,T,L,C,G,I,T,L,P,K,G,L,V,E,S,D,R,L,P,E,P,L,Y,T,P,S,T,K,A,E,N,I,D,F,A,K,T,V,D,L,I,G,R,E,R,A,E,K,L,R,D,L,S,I,Q,I,Y,L,K,G,A,Q,T,A,L,K,K,G,I,I,I,A,D,T,K,F,E,F,G,L,V,-,-,D,D,E,V,I,L,I,D,E,V,M,T,P,D,S,S,R,F,W,P,M,D,T,Y,A,P,G,G,A,Q,K,S,Y,D,K,Q,F,V,R,D,W,L,V,S,S,G,W,K,-,A,P,G,P,E,I,P,Q,D,V,I,A,G,T,V,A,K,Y,Q,E,V,L,E,L,I,T,G,Q,K,-,-,-
-,-,-,-,-,-,-,-,-,-,L,P,L,I,H,Q,G,K,V,R,D,I,Y,D,I,N,E,H,K,M,L,I,V,T,T,D,R,L,S,A,F,D,V,I,M,G,E,P,I,P,F,K,G,Q,V,L,T,E,M,A,N,F,W,F,D,Y,F,K,D,I,-,P,N,H,L,T,-,-,-,-,-,Y,E,N,-,P,E,N,-,-,F,V,L,-,P,A,E,I,D,Q,I,H,G,R,A,V,V,V,K,K,L,R,P,I,P,I,E,A,I,V,R,G,Y,I,I,G,S,G,W,K,E,Y,Q,A,S,Q,S,I,C,N,I,S,L,P,K,G,L,K,Q,A,S,K,L,P,Q,A,L,F,T,P,S,N,K,D,E,N,I,S,L,E,H,C,R,S,L,L,G,D,D,L,T,K,T,I,S,E,M,S,I,S,I,Y,I,K,A,S,E,L,A,K,A,K,G,I,I,I,A,D,T,K,L,E,F,G,L,D,-,S,N,N,Q,V,T,L,M,D,E,V,L,T,P,D,S,S,R,F,W,P,E,K,S,Y,Q,M,G,M,S,P,P,S,F,D,K,Q,Y,V,R,D,W,L,E,T,Q,D,W,Q,-,A,P,A,P,T,L,P,K,T,V,I,E,E,T,S,N,K,Y,R,E,A,F,E,K,I,T,G,-,-,-,-,-
-,-,-,-,-,-,-,-,-,-,-,-,-,-,S,R,G,K,V,R,D,I,Y,D,A,G,-,N,-,L,L,M,V,A,T,D,R,I,S,A,F,D,F,I,L,P,D,E,I,P,F,K,G,E,V,L,N,R,I,S,A,F,W,F,D,K,F,A,D,I,V,P,N,H,L,V,-,-,-,-,-,S,I,D,P,A,E,F,-,-,P,E,E,F,A,E,Y,R,D,Y,L,A,G,R,A,M,L,V,K,K,A,Q,T,I,P,I,E,C,I,V,R,G,Y,L,T,G,S,G,K,K,T,Y,D,E,N,G,T,V,C,G,I,Q,L,P,E,G,L,T,E,A,S,K,L,P,E,P,L,F,T,P,S,T,K,D,E,N,I,S,F,E,R,C,C,E,I,V,G,E,D,I,A,T,Q,I,R,D,L,S,L,K,I,Y,K,A,A,A,E,Y,A,A,T,R,G,I,I,I,A,D,T,K,F,E,F,G,V,-,-,I,D,G,K,V,T,L,I,D,E,C,L,T,P,D,S,S,R,F,W,P,A,A,S,Y,E,E,G,K,I,Q,P,S,Y,D,K,Q,F,V,R,N,W,L,K,A,-,N,W,M,T,G,E,T,P,H,L,P,A,E,V,I,D,G,T,S,E,R,Y,R,E,A,F,Q,I,I,T,G,S,Q,F,T,-
A,L,T,N,T,D,L,Q,G,A,L,P,L,I,A,R,G,K,V,R,D,L,Y,D,V,D,E,K,T,L,L,F,V,A,T,D,R,I,S,A,Y,D,V,I,M,E,N,G,I,P,E,K,G,I,L,L,T,L,C,T,K,T,W,F,K,I,L,S,D,K,I,R,T,H,F,L,T,L,D,-,-,-,-,-,-,-,-,L,P,P,Q,I,P,E,-,S,L,R,P,V,L,Q,N,R,S,M,Q,V,R,K,L,K,I,L,P,I,E,A,I,V,R,G,Y,I,T,G,S,A,W,N,E,Y,K,K,S,G,T,V,H,G,I,K,V,A,E,G,L,R,E,S,E,A,F,P,D,P,I,Y,T,P,S,T,K,D,E,N,I,H,P,D,Q,A,V,A,I,V,G,E,R,Y,A,S,K,I,A,S,L,A,V,Q,L,Y,K,V,A,H,E,Y,A,L,T,R,G,V,I,I,A,D,T,K,F,E,F,G,L,D,P,E,T,D,E,V,V,L,A,D,E,V,L,T,P,D,S,S,R,F,W,P,K,D,S,Y,E,I,G,R,G,Q,Q,S,F,D,K,Q,F,L,R,D,W,L,T,S,E,G,L,K,G,K,P,G,V,R,M,T,D,E,I,A,Q,K,T,S,A,K,Y,R,E,A,Y,E,R,I,T,G,-,-,-,-,-
-,-,-,-,-,-,-,-,-,-,L,P,L,L,A,E,G,K,V,R,R,L,Y,R,L,Q,P,G,C,L,L,M,V,A,T,D,R,I,S,A,Y,D,H,V,L,T,P,D,V,P,G,K,G,A,I,L,T,N,M,S,L,W,W,F,D,L,L,A,D,I,V,D,N,H,L,V,-,-,-,-,-,S,V,-,-,-,-,-,-,-,-,-,-,-,-,-,-,-,A,E,V,A,G,R,A,M,V,V,E,E,L,D,M,F,P,V,E,C,V,V,R,G,Y,L,T,G,S,G,W,A,E,Y,Q,R,N,R,A,V,C,G,I,R,L,P,E,G,L,Q,N,G,S,R,L,E,E,P,I,F,T,P,A,I,K,D,E,N,I,D,Y,L,R,L,V,E,L,V,G,P,D,V,A,A,Q,L,H,D,L,S,L,R,V,Y,Q,R,A,E,E,I,A,R,K,R,G,I,L,L,A,D,T,K,F,E,F,G,R,R,-,A,D,G,T,I,V,L,A,D,E,V,L,T,P,D,S,S,R,F,W,D,A,E,T,W,Q,P,G,K,G,A,D,S,F,D,K,Q,Y,V,R,D,W,L,T,N,D,R,A,D,-,Q,E,P,P,A,L,P,E,E,V,V,K,A,T,S,R,R,Y,E,E,A,W,A,R,L,T,G,G,H,V,S,-
S,I,S,Q,T,N,L,D,G,I,L,P,L,I,G,R,G,K,V,R,D,I,Y,E,V,D,E,N,T,L,L,F,V,A,T,D,R,I,S,A,Y,D,V,I,M,E,N,T,I,P,D,K,G,I,L,L,T,K,L,S,E,F,W,F,E,Y,L,K,D,D,V,R,N,H,L,V,N,I,P,K,D,K,T,V,F,D,Y,L,P,K,E,L,S,E,P,K,Y,K,S,Q,I,E,G,R,S,M,L,I,Q,K,F,K,L,I,P,L,E,V,I,V,R,G,Y,I,T,G,S,A,W,K,E,Y,Q,K,T,K,T,I,H,S,I,P,Q,P,D,G,L,E,E,S,Q,V,L,P,K,A,I,F,T,P,S,T,K,D,E,N,I,S,I,E,Q,A,A,E,L,V,G,R,D,M,T,K,R,I,E,A,L,S,I,K,L,Y,S,K,C,R,D,Y,A,S,S,K,G,I,I,I,A,D,T,K,F,E,F,G,I,D,E,K,T,D,E,I,I,L,V,D,E,V,L,T,P,D,S,S,R,F,W,N,K,N,S,Y,K,L,G,T,S,Q,D,S,Y,D,K,Q,F,L,R,D,W,L,T,S,N,K,F,N,G,I,P,G,V,K,M,P,Q,D,I,V,E,Q,T,R,F,K,Y,I,E,A,Y,E,A,L,T,G,S,K,F,-,-
-,-,-,-,-,-,-,-,-,-,L,D,L,V,H,R,G,K,V,R,D,L,Y,A,V,D,A,D,H,W,L,M,V,T,T,D,R,L,S,A,F,D,V,I,L,P,T,P,I,P,G,K,G,C,M,L,T,A,I,T,E,F,W,M,H,K,V,E,R,E,I,P,N,Q,L,T,-,-,-,-,-,G,I,P,-,L,E,Q,-,-,V,V,P,D,T,A,I,R,A,P,L,E,G,R,S,L,V,I,R,R,L,E,A,L,P,V,E,A,V,V,R,G,Y,L,I,G,S,G,W,K,D,Y,Q,A,S,G,A,V,C,G,I,P,L,P,P,G,L,E,L,A,S,K,L,P,E,A,I,F,T,P,S,T,K,D,A,N,I,D,F,A,T,V,V,E,T,I,G,E,E,R,A,R,Q,V,R,D,A,A,L,A,I,Y,A,M,A,R,D,Y,A,S,E,R,G,I,I,I,A,D,T,K,F,E,F,G,V,D,-,A,N,G,T,L,H,L,I,D,E,V,L,T,P,D,S,S,R,F,W,P,A,D,Q,Y,A,P,G,H,S,P,E,S,F,D,K,Q,Y,V,R,D,Y,L,T,L,-,D,W,K,T,A,P,G,P,E,L,P,T,E,V,A,E,Q,T,A,A,R,Y,R,E,A,L,E,R,L,T,-,-,-,-,-,-
S,I,T,Q,T,N,L,D,N,I,L,P,L,V,A,R,G,K,V,R,D,I,Y,E,V,D,E,K,T,L,L,F,V,A,T,D,R,I,S,A,Y,D,V,I,M,E,N,G,I,P,Q,K,G,Q,L,L,T,Q,L,S,E,F,W,F,E,F,L,K,P,Y,I,K,T,H,L,I,E,V,-,-,-,D,D,I,F,A,H,L,P,K,V,L,S,E,D,R,Y,K,S,Q,L,Q,G,G,S,L,L,V,R,K,Y,K,L,V,P,L,E,V,I,V,R,G,Y,I,T,G,S,A,W,K,V,Y,K,K,S,G,T,V,H,G,V,K,A,A,E,G,L,Q,E,S,Q,E,F,P,T,P,I,F,T,P,S,T,K,D,E,N,I,S,V,E,Q,A,E,A,I,V,G,K,E,L,A,D,K,I,G,K,V,A,V,E,L,Y,S,K,A,K,G,Y,A,A,G,R,G,I,I,I,A,D,T,K,F,E,F,G,L,D,D,-,D,N,E,L,V,L,V,D,E,V,L,T,P,D,S,S,R,F,W,N,A,K,T,Y,E,V,G,K,G,Q,D,S,Y,D,K,Q,F,L,R,D,W,L,T,S,N,G,L,A,G,K,E,G,V,S,M,T,E,D,I,A,T,R,S,R,V,K,Y,V,E,A,Y,E,A,L,T,G,K,K,W,-,-
-,A,L,C,E,T,R,L,P,G,I,E,P,V,A,R,G,K,V,R,D,I,Y,D,V,G,-,D,A,L,L,I,V,A,T,D,R,I,S,A,F,D,W,V,N,P,V,G,I,P,D,K,G,K,I,L,T,Q,M,S,L,Y,W,F,E,V,T,R,D,L,C,R,N,H,L,I,-,-,-,-,-,S,S,R,L,A,D,F,-,-,P,S,E,F,R,N,A,P,E,Q,F,E,G,R,S,M,L,V,H,K,C,A,M,F,P,V,E,F,V,V,R,G,Y,L,A,G,S,G,W,K,E,Y,R,E,H,G,T,V,C,G,I,P,L,P,K,G,L,Q,E,S,S,K,L,D,T,P,I,F,T,P,A,T,K,D,I,N,I,P,P,D,E,A,G,K,I,I,G,Q,E,W,A,K,A,A,S,G,K,A,I,A,I,Y,E,R,A,R,D,I,A,G,S,K,G,I,I,L,C,D,T,K,F,E,F,G,L,F,-,-,E,G,A,L,M,L,A,D,E,V,L,T,P,D,S,S,R,Y,W,P,A,D,E,Y,Q,P,G,R,G,Q,P,S,Y,D,K,Q,Y,V,R,D,W,L,T,T,-,G,W,K,N,S,P,P,P,A,L,P,A,D,V,I,T,K,T,R,E,K,Y,V,E,A,Y,R,R,L,T,G,-,-,-,-,-
S,I,T,K,T,E,L,D,G,I,L,P,L,V,A,R,G,K,V,R,D,I,Y,E,V,D,A,G,T,L,L,F,V,A,T,D,R,I,S,A,Y,D,V,I,M,E,N,S,I,P,E,K,G,I,L,L,T,K,L,S,E,F,W,F,K,F,L,S,N,D,V,R,N,H,L,V,D,I,A,P,G,K,T,I,F,D,Y,L,P,A,K,L,S,E,P,K,Y,K,T,Q,L,E,D,R,S,L,L,V,H,K,H,K,L,I,P,L,E,V,I,V,R,G,Y,I,T,G,S,A,W,K,E,Y,V,K,T,G,T,V,H,G,L,K,Q,P,Q,G,L,K,E,S,Q,E,F,P,E,P,I,F,T,P,S,T,K,D,E,N,I,S,P,A,Q,A,A,E,L,V,G,E,D,L,S,R,R,V,A,E,L,A,V,K,L,Y,S,K,C,K,D,Y,A,K,E,K,G,I,I,I,A,D,T,K,F,E,F,G,I,D,E,K,T,N,E,I,I,L,V,D,E,V,L,T,P,D,S,S,R,F,W,N,G,A,S,Y,K,V,G,E,S,Q,D,S,Y,D,K,Q,F,L,R,D,W,L,T,A,N,K,L,N,G,V,N,G,V,K,M,P,Q,D,I,V,D,R,T,R,A,K,Y,I,E,A,Y,E,T,L,T,G,S,K,W,S,H
-,-,-,-,-,-,-,-,-,-,-,-,-,V,Y,S,G,K,V,R,D,L,Y,E,A,D,A,A,T,L,L,V,V,A,S,D,R,I,S,A,Y,D,H,V,L,E,P,P,I,P,D,K,G,A,I,L,T,R,L,T,L,W,W,F,E,K,L,A,E,P,V,E,H,H,V,V,-,-,-,-,-,S,T,-,-,-,-,-,-,-,-,-,-,-,-,-,-,-,A,A,V,A,G,R,A,M,I,V,K,R,L,D,M,F,P,V,E,C,I,A,R,G,Y,L,T,G,S,G,L,A,E,Y,R,A,S,G,T,V,A,G,L,P,L,P,A,G,L,V,D,G,S,R,L,D,P,P,I,F,T,P,S,A,K,D,E,N,I,T,F,E,Q,M,V,E,R,V,G,T,E,A,A,E,R,L,R,F,L,T,L,D,L,Y,A,R,A,E,A,I,A,R,E,A,G,I,I,L,A,D,T,K,V,E,F,G,V,D,P,A,T,G,Q,V,V,L,G,D,E,V,L,T,P,D,S,S,R,F,W,D,A,E,D,Y,E,P,G,R,T,Q,A,S,F,D,K,Q,F,V,R,D,W,L,T,G,D,K,T,G,-,E,A,P,P,A,L,P,A,D,V,V,A,K,T,R,D,R,Y,V,E,A,Y,E,R,L,T,G,-,-,-,-,-
-,-,-,-,-,-,-,-,-,-,L,P,L,I,H,R,G,K,V,R,D,L,Y,A,V,G,D,D,H,L,L,I,V,T,T,D,R,V,S,A,F,D,V,I,L,P,T,P,I,P,G,K,G,E,V,L,T,K,I,S,E,F,W,F,R,K,L,E,H,I,V,P,N,Q,L,A,-,-,-,-,-,D,M,S,L,A,E,A,-,-,V,P,D,-,A,A,E,R,A,P,L,E,G,R,S,L,V,V,K,R,L,K,A,L,P,I,E,A,V,V,R,G,Y,L,I,G,S,G,W,K,D,Y,Q,K,T,G,Q,V,C,G,N,P,L,P,A,G,L,Q,L,A,D,R,L,P,E,P,I,Y,T,P,S,T,K,D,E,N,V,D,F,D,Y,T,A,E,L,V,G,P,E,L,A,A,Q,V,R,Q,T,A,L,A,L,Y,K,A,A,A,E,Y,A,L,A,R,G,I,I,I,A,D,T,K,F,E,F,G,L,D,-,D,E,G,V,L,H,L,I,D,E,A,L,T,P,D,S,S,R,F,W,P,A,D,T,Y,R,P,G,I,S,P,P,S,F,D,K,Q,F,V,R,D,Y,L,E,T,L,D,W,Q,-,A,P,G,P,E,L,P,P,D,V,V,Q,K,T,T,E,K,Y,R,E,A,L,L,R,L,T,G,A,-,-,-,-
A,L,L,Q,T,N,L,P,A,P,F,R,K,I,A,S,G,K,V,R,D,I,Y,E,C,D,L,S,T,L,Y,F,V,A,T,D,R,I,S,A,F,D,V,I,M,E,N,G,I,P,D,K,G,K,I,L,T,K,I,S,E,F,W,F,N,V,L,K,P,H,T,A,T,H,L,V,T,S,E,-,-,-,-,-,W,D,K,M,P,A,V,A,A,-,-,P,F,A,D,Q,L,K,D,R,T,M,L,V,R,R,Y,K,V,L,P,I,E,A,I,V,R,G,Y,I,T,G,S,A,W,S,E,Y,K,K,S,G,T,V,H,G,M,P,M,P,E,G,M,Q,E,S,Q,A,F,P,E,P,L,F,T,P,S,T,K,D,E,N,I,H,P,D,Q,V,K,D,I,I,G,A,D,L,A,A,K,V,A,E,L,S,V,K,L,Y,K,V,A,R,D,T,A,K,E,K,G,I,I,I,A,D,T,K,F,E,F,G,V,D,E,-,Q,N,N,V,I,L,V,D,E,V,L,T,P,D,S,S,R,F,W,L,A,A,D,Y,A,V,G,K,P,Q,E,S,F,D,K,Q,Y,L,R,N,W,L,I,A,E,N,V,R,G,K,P,G,V,K,L,P,E,N,I,V,S,S,T,R,Q,K,Y,I,E,A,Y,E,M,I,C,G,K,K,W,-,-
-,-,-,-,-,-,-,-,-,-,-,-,-,V,Y,S,G,K,V,R,D,L,Y,I,P,D,A,E,Q,L,L,M,V,A,S,D,R,I,S,A,Y,D,W,V,L,D,S,E,I,P,D,K,G,R,V,L,T,G,L,S,L,W,W,F,D,Q,L,S,D,V,I,G,N,H,V,I,-,-,-,-,-,S,S,-,-,-,-,-,-,-,-,-,-,-,-,-,-,-,Q,A,V,A,G,R,G,L,I,V,K,N,L,S,M,L,P,I,E,C,V,A,R,G,Y,L,T,G,S,G,M,A,D,Y,K,A,T,G,S,V,C,G,I,Q,L,P,A,G,L,I,E,A,D,R,L,E,P,A,I,F,T,P,A,T,K,D,E,N,V,S,F,A,Q,I,T,E,T,I,G,A,E,A,A,E,Q,A,R,D,L,T,I,E,I,Y,Q,R,A,E,A,I,A,R,E,R,G,I,I,L,A,D,T,K,F,E,F,G,T,L,-,P,D,G,T,M,V,L,G,D,E,V,L,T,P,D,S,S,R,F,W,D,A,E,S,Y,E,A,G,Q,A,Q,A,S,F,D,K,Q,F,V,R,D,W,L,T,K,D,K,S,D,-,T,P,P,P,A,L,P,A,E,V,V,E,K,T,R,A,R,Y,I,E,A,F,E,K,L,T,G,Q,K,F,-,-
-,-,-,-,-,-,-,-,-,-,L,P,L,I,H,R,G,K,V,R,D,I,Y,A,V,G,D,D,K,L,L,I,V,T,T,D,R,L,S,A,F,D,V,V,M,P,T,P,I,P,G,K,G,E,V,L,T,R,V,S,A,F,W,F,D,K,L,R,A,V,V,P,N,Q,T,L,-,-,-,-,-,A,I,A,-,P,E,A,-,-,V,V,A,-,E,D,E,K,D,Q,V,A,G,R,A,I,V,V,Q,K,L,K,A,L,P,I,E,A,I,V,R,G,Y,L,V,G,S,G,W,K,E,Y,Q,R,S,Q,S,V,C,G,I,A,L,P,A,G,L,M,Q,A,D,R,L,P,E,P,I,F,T,P,S,T,K,D,E,N,I,A,F,E,Q,M,A,E,R,I,G,A,E,L,A,A,Q,V,R,D,V,S,L,A,L,Y,Q,A,A,A,E,Y,A,R,T,R,G,I,I,I,A,D,T,K,F,E,F,G,L,D,-,A,A,G,Q,L,M,W,I,D,E,A,L,T,P,D,S,S,R,F,W,P,A,D,Q,Y,R,P,G,S,N,P,P,S,F,D,K,Q,F,V,R,D,W,L,E,A,S,G,W,Q,-,A,P,G,P,A,L,P,A,D,I,V,A,R,T,S,E,K,Y,R,E,A,M,V,R,L,L,G,-,-,-,-,-
-,-,-,-,-,-,-,-,-,-,-,-,-,I,A,E,G,K,V,R,N,L,Y,E,I,D,E,K,T,L,L,F,V,A,S,D,R,I,S,A,Y,D,-,-,-,-,-,G,I,P,S,K,G,A,L,L,T,L,L,S,A,H,W,F,E,V,L,T,G,L,I,K,T,H,F,L,T,L,S,-,-,-,-,-,-,-,-,L,P,S,S,I,S,S,-,S,Q,S,S,L,-,R,N,R,S,M,Q,V,R,K,L,K,I,F,P,I,E,A,I,V,R,G,Y,I,T,G,S,A,W,K,E,Y,Q,K,S,S,T,V,H,G,I,Q,I,P,A,G,L,Q,N,S,Q,A,F,P,Q,A,I,Y,T,P,S,T,K,D,E,N,I,H,P,S,E,A,A,K,I,V,G,E,K,Y,A,Q,R,I,E,D,L,A,I,K,L,Y,T,T,A,R,D,Y,A,A,E,R,G,I,I,I,A,D,T,K,F,E,F,G,L,D,E,E,T,D,E,V,V,L,V,D,E,V,L,T,P,D,S,S,R,F,W,P,A,S,K,Y,E,V,G,K,E,Q,E,S,Y,D,K,Q,F,L,R,N,W,L,T,T,E,G,L,K,G,K,Q,G,V,A,M,P,E,D,I,K,S,Q,T,A,E,K,Y,R,E,A,F,E,K,L,T,G,R,K,W,A,-
-,-,-,-,-,-,-,-,-,-,L,K,L,L,H,S,G,K,V,R,D,M,Y,E,I,D,E,N,H,L,L,I,V,T,T,D,R,L,S,A,F,D,V,V,L,P,T,P,I,P,G,K,G,Q,V,L,N,A,V,S,D,F,W,F,E,K,L,A,H,I,L,P,N,H,T,A,-,-,-,-,-,T,M,T,-,L,E,E,-,-,A,I,P,D,A,D,E,R,E,R,V,R,S,H,A,I,V,V,K,R,L,Q,P,L,P,I,E,A,I,V,R,G,Y,L,I,G,S,G,W,S,E,Y,Q,K,Q,G,S,V,C,G,I,A,L,P,E,G,L,P,L,A,G,K,L,P,E,P,L,F,T,P,S,T,K,D,E,N,I,D,F,D,R,M,C,G,I,V,G,T,E,L,A,T,K,M,R,D,V,S,L,Q,L,Y,K,E,A,A,A,F,A,L,T,K,G,I,I,I,A,D,T,K,F,E,F,G,L,D,-,Q,D,G,N,L,T,L,I,D,E,V,L,T,P,D,S,S,R,F,W,P,V,S,D,Y,Q,P,G,I,S,P,P,S,F,D,K,Q,F,V,R,D,W,L,E,T,L,T,W,K,-,Q,S,G,P,A,V,P,A,D,I,A,E,K,T,S,A,K,Y,A,E,A,L,A,R,L,T,A,-,-,-,-,-
-,-,-,-,-,-,-,-,-,-,-,-,-,I,A,S,G,K,V,R,E,I,F,D,L,G,-,E,H,L,L,L,V,A,T,D,R,I,S,A,F,D,C,I,L,P,N,P,I,P,H,K,G,A,V,L,T,S,I,S,A,F,W,F,-,Q,R,F,G,F,V,E,N,H,V,V,-,-,-,-,-,A,T,E,V,A,D,F,-,-,P,A,A,L,Q,P,Y,A,A,Q,L,A,R,R,A,M,V,V,K,K,A,K,P,L,P,V,E,C,V,V,R,G,Y,L,A,G,S,G,W,K,E,Y,Q,A,S,Q,T,I,C,G,I,K,L,P,A,G,L,R,Q,A,E,K,L,P,G,T,I,F,T,P,S,T,K,D,M,N,I,N,W,D,E,C,R,R,L,V,G,D,D,V,A,E,Q,V,R,T,L,S,I,R,I,Y,E,E,G,R,A,Y,A,A,E,R,G,I,I,V,A,D,T,K,F,E,F,G,L,L,-,-,D,D,R,V,I,L,I,D,E,C,L,T,P,D,S,S,R,F,W,P,A,D,Q,Y,A,L,G,I,S,P,P,S,F,D,K,Q,F,V,R,D,Y,L,E,T,L,T,W,K,T,-,P,A,P,A,L,P,A,D,V,V,H,K,T,S,E,K,Y,L,E,A,Y,S,R,L,T,G,-,-,-,-,-
-,-,-,-,S,N,L,G,E,I,F,P,L,V,A,Q,G,K,V,R,E,I,Y,K,I,D,E,E,T,L,L,F,V,A,S,D,R,I,S,A,Y,D,V,I,L,D,N,G,V,P,N,K,G,V,I,L,T,L,I,S,A,Y,W,F,K,F,L,K,A,T,L,Q,T,H,F,I,G,L,D,-,-,-,-,-,-,-,-,L,P,H,G,I,P,T,-,E,L,R,P,K,Y,Q,D,R,S,M,V,V,R,K,I,K,V,F,P,I,E,S,I,V,R,G,Y,I,S,G,S,A,W,K,E,Y,K,E,S,G,T,V,N,G,I,S,M,P,T,G,L,V,E,C,G,R,L,P,T,A,L,W,T,P,S,T,K,D,I,N,I,H,P,R,D,A,G,K,L,I,G,Q,K,Y,A,D,Q,I,Q,S,V,S,V,T,L,Y,N,V,A,Y,A,H,A,Y,S,H,G,I,I,I,A,D,T,K,F,E,F,G,L,D,V,E,T,D,Q,I,V,L,I,D,E,V,L,T,P,D,S,S,R,F,W,P,V,S,K,Y,Q,P,G,R,S,Q,E,S,F,D,K,Q,F,L,R,D,W,L,T,S,N,G,L,A,G,K,Q,G,V,S,M,P,A,D,I,A,R,K,T,E,L,K,Y,Q,E,A,F,E,R,I,T,G,-,-,-,-,-
-,-,-,-,-,-,-,-,-,-,F,P,L,I,S,R,G,K,V,R,D,I,Y,E,L,D,P,D,T,L,L,I,V,T,T,D,R,M,S,A,F,D,V,V,M,S,Q,P,I,P,Y,K,G,A,V,L,N,Q,I,T,L,F,W,M,D,M,F,K,D,L,V,D,N,H,L,I,-,-,-,-,-,S,S,N,V,E,D,F,-,-,P,E,P,L,K,P,Y,S,E,E,L,R,G,R,S,V,M,V,R,R,A,A,P,L,P,I,E,C,I,V,R,G,Y,I,T,G,S,G,W,K,D,Y,Q,R,T,G,Q,V,C,G,Y,T,L,P,Q,G,L,V,E,S,Q,K,L,E,E,P,L,F,T,P,S,T,K,D,E,N,I,D,M,K,Q,A,G,E,K,I,G,Q,E,M,L,Q,Q,V,Q,E,L,S,L,S,I,Y,G,Q,A,R,E,Y,A,E,K,K,G,I,L,I,A,D,T,K,F,E,F,G,T,R,-,-,D,G,R,I,M,L,I,D,E,V,L,T,P,D,S,S,R,F,W,P,A,D,T,Y,K,P,G,Q,G,Q,S,S,F,D,K,Q,Y,L,R,D,W,L,E,R,S,G,W,N,-,P,P,P,P,D,L,P,E,E,I,I,N,E,T,T,K,K,Y,L,L,A,Y,K,L,L,T,G,-,-,-,-,-
-,-,-,-,-,-,-,-,-,-,L,K,L,V,N,K,G,K,V,R,D,I,Y,D,L,G,-,E,H,L,L,I,V,T,S,D,R,I,S,A,F,D,V,V,M,N,E,G,I,P,Y,K,G,F,V,L,T,Q,I,S,K,F,W,F,D,A,F,S,D,I,V,P,H,H,L,V,-,-,-,-,-,S,T,E,V,D,D,F,-,-,P,A,E,T,R,P,Y,R,D,Q,L,E,G,R,S,M,L,V,R,K,A,E,P,L,P,I,E,C,I,V,R,G,Y,L,A,G,S,G,W,K,E,Y,R,Q,Q,G,T,V,C,G,I,A,L,P,P,G,M,V,E,S,Q,K,L,P,E,P,I,F,T,P,S,T,K,D,E,N,I,S,F,E,K,A,T,E,L,C,G,G,D,I,A,A,Q,A,R,E,V,A,L,T,I,Y,G,R,A,R,D,E,M,A,A,K,G,I,I,V,A,D,T,K,F,E,F,G,L,R,-,-,D,G,R,L,M,W,I,D,E,A,L,T,P,D,S,S,R,F,W,P,Q,D,E,Y,R,Q,G,G,A,Q,P,S,F,D,K,Q,F,L,R,D,Y,L,E,T,L,D,W,Q,-,A,P,A,P,T,L,P,D,D,I,V,L,K,T,S,E,K,Y,L,E,A,L,F,R,I,T,G,L,K,-,-,-
-,-,-,-,-,-,-,-,-,-,-,-,-,-,-,-,G,K,V,R,E,V,Y,D,A,G,-,-,S,I,I,M,V,A,T,D,R,I,S,A,F,D,H,I,L,K,N,Q,I,T,K,K,G,K,V,L,T,Q,M,S,K,F,W,F,D,F,T,K,D,I,I,P,N,H,M,I,-,-,-,-,-,S,V,D,N,N,D,M,-,-,P,E,F,F,-,-,R,Q,P,Q,F,L,G,N,S,M,K,C,K,K,L,T,M,L,P,M,E,C,I,V,R,G,Y,I,T,G,S,G,W,A,S,Y,Q,E,N,G,T,V,C,G,I,K,L,P,E,G,L,K,E,S,Q,K,L,P,E,P,I,F,T,P,S,T,K,D,E,N,V,S,L,E,Q,G,A,A,V,F,G,M,E,Y,A,E,K,L,R,D,Y,T,I,A,I,Y,K,K,C,A,A,Y,A,L,S,R,G,I,I,I,A,D,T,K,F,E,F,G,L,D,-,E,D,G,N,I,V,L,G,D,E,V,L,T,P,D,S,S,R,F,W,P,L,E,G,Y,E,A,G,K,P,Q,P,S,Y,D,K,Q,F,V,R,D,W,L,K,A,-,N,P,S,D,Y,K,-,-,-,L,P,Q,D,V,I,D,K,T,I,A,K,Y,V,E,A,Y,K,M,I,T,G,-,-,-,-,-
-,-,-,-,-,-,-,-,-,-,L,P,L,L,A,R,G,K,V,R,D,N,Y,A,V,G,D,D,R,I,L,M,V,A,S,D,R,L,S,A,F,D,V,I,M,G,E,P,I,P,G,K,G,V,L,L,T,Q,M,A,L,F,W,F,D,K,L,G,H,I,C,P,N,H,L,T,-,-,-,-,-,G,E,A,-,P,E,S,-,-,V,V,K,-,P,E,E,V,K,Q,V,E,G,R,S,M,L,V,K,R,L,K,P,V,L,I,E,A,V,V,R,G,Y,L,A,G,S,G,W,K,E,Y,Q,E,S,Q,S,V,C,G,V,K,L,P,A,G,L,T,N,A,A,K,L,P,E,P,I,Y,T,P,A,A,K,D,E,N,I,T,Y,E,R,T,V,E,M,V,G,E,Q,L,A,A,Q,I,R,D,T,A,I,R,I,Y,K,E,A,A,E,I,A,L,T,K,G,M,I,I,A,D,T,K,F,E,F,G,L,T,-,E,D,G,A,L,V,L,M,D,E,V,L,T,P,D,S,S,R,Y,W,P,V,E,G,Y,E,K,G,E,N,P,P,S,Y,D,K,Q,F,V,R,D,W,L,E,Q,A,Q,V,G,-,A,P,A,P,R,L,P,K,E,V,I,D,R,T,A,A,K,Y,R,E,A,L,D,R,L,T,A,-,-,-,-,-
